##LiSC job info: the temporary directory of your job is also available read-only until 3 days after job end on the login nodes (login01/login02) under this path: /lisc/slurm/node-h07/tmp/slurm-6343801
Submitted ./1UBQ.pdb
Checking: https://swissmodel.expasy.org/qmean/cJyM89.json
Status: QUEUEING
Status: QUEUEING
Status: QUEUEING
Status: QUEUEING
Status: QUEUEING
Status: QUEUEING
Status: QUEUEING
Status: RUNNING
Status: RUNNING
Status: RUNNING
Status: RUNNING
Status: RUNNING
Status: RUNNING
Status: RUNNING
Status: RUNNING
Status: RUNNING
Status: RUNNING
Status: RUNNING
Status: RUNNING
Status: RUNNING
Status: RUNNING
Status: RUNNING
Status: RUNNING
Status: RUNNING
Status: RUNNING
Status: RUNNING
Status: RUNNING
Status: RUNNING
Status: RUNNING
Status: RUNNING
Status: RUNNING
Status: RUNNING
Status: RUNNING
Status: RUNNING
Status: RUNNING
Status: RUNNING
Status: RUNNING
Status: COMPLETED
QMEANDisCo: 0.8076
Mutating chain A, position 65: SER -> LEU
Submitted ./1UBQ_Results/0.pdb
Checking: https://swissmodel.expasy.org/qmean/hxjpsp.json
Status: QUEUEING
Status: QUEUEING
Status: QUEUEING
Status: QUEUEING
Status: QUEUEING
Status: QUEUEING
Status: QUEUEING
Status: QUEUEING
Status: RUNNING
Status: RUNNING
Status: RUNNING
Status: RUNNING
Status: RUNNING
Status: RUNNING
Status: RUNNING
Status: RUNNING
Status: RUNNING
Status: RUNNING
Status: RUNNING
Status: RUNNING
Status: RUNNING
Status: RUNNING
Status: RUNNING
Status: RUNNING
Status: RUNNING
Status: RUNNING
Status: RUNNING
Status: RUNNING
Status: RUNNING
Status: RUNNING
Status: RUNNING
Status: RUNNING
Status: RUNNING
Status: RUNNING
Status: RUNNING
Status: RUNNING
Status: RUNNING
Status: RUNNING
Status: RUNNING
Status: RUNNING
Status: RUNNING
Status: RUNNING
Status: RUNNING
Status: RUNNING
Status: RUNNING
Status: RUNNING
Status: RUNNING
Status: RUNNING
Status: RUNNING
Status: RUNNING
Status: RUNNING
Status: RUNNING
Status: RUNNING
Status: RUNNING
Status: RUNNING
Status: RUNNING
Status: RUNNING
Status: RUNNING
Status: RUNNING
Status: RUNNING
Status: RUNNING
Status: RUNNING
Status: RUNNING
Status: RUNNING
Status: RUNNING
Status: RUNNING
Status: COMPLETED
QMEANDisCo: 0.7888
Mutating chain A, position 52: ASP -> LEU
Submitted ./1UBQ_Results/0.pdb
Checking: https://swissmodel.expasy.org/qmean/GpzYY7.json
Status: QUEUEING
Status: QUEUEING
Status: QUEUEING
Status: QUEUEING
Status: QUEUEING
Status: QUEUEING
Status: QUEUEING
Status: QUEUEING
Status: RUNNING
Status: RUNNING
Status: RUNNING
Status: RUNNING
Status: RUNNING
Status: RUNNING
Status: RUNNING
Status: RUNNING
Status: RUNNING
Status: RUNNING
Status: RUNNING
Status: RUNNING
Status: RUNNING
Status: RUNNING
Status: RUNNING
Status: RUNNING
Status: RUNNING
Status: RUNNING
Status: RUNNING
Status: RUNNING
Status: RUNNING
Status: RUNNING
Status: RUNNING
Status: RUNNING
Status: RUNNING
Status: RUNNING
Status: RUNNING
Status: RUNNING
Status: RUNNING
Status: RUNNING
Status: COMPLETED
QMEANDisCo: 0.7966
Mutating chain A, position 47: GLY -> GLU
Submitted ./1UBQ_Results/0.pdb
Checking: https://swissmodel.expasy.org/qmean/JNkhNS.json
Status: QUEUEING
Status: QUEUEING
Status: QUEUEING
Status: QUEUEING
Status: QUEUEING
Status: QUEUEING
Status: QUEUEING
Status: RUNNING
Status: RUNNING
Status: RUNNING
Status: RUNNING
Status: RUNNING
Status: RUNNING
Status: RUNNING
Status: RUNNING
Status: RUNNING
Status: RUNNING
Status: RUNNING
Status: RUNNING
Status: RUNNING
Status: RUNNING
Status: RUNNING
Status: RUNNING
Status: RUNNING
Status: RUNNING
Status: RUNNING
Status: RUNNING
Status: RUNNING
Status: RUNNING
Status: RUNNING
Status: RUNNING
Status: RUNNING
Status: RUNNING
Status: RUNNING
Status: RUNNING
Status: RUNNING
Status: RUNNING
Status: RUNNING
Status: RUNNING
Status: RUNNING
Status: RUNNING
Status: RUNNING
Status: RUNNING
Status: RUNNING
Status: RUNNING
Status: RUNNING
Status: RUNNING
Status: RUNNING
Status: RUNNING
Status: RUNNING
Status: RUNNING
Status: RUNNING
Status: RUNNING
Status: RUNNING
Status: RUNNING
Status: RUNNING
Status: RUNNING
Status: RUNNING
Status: RUNNING
Status: RUNNING
Status: RUNNING
Status: RUNNING
Status: RUNNING
Status: RUNNING
Status: RUNNING
Status: RUNNING
Status: COMPLETED
QMEANDisCo: 0.7861
Mutating chain A, position 3: ILE -> MET
Submitted ./1UBQ_Results/0.pdb
Checking: https://swissmodel.expasy.org/qmean/nkCxZG.json
Status: QUEUEING
Status: QUEUEING
Status: QUEUEING
Status: QUEUEING
Status: QUEUEING
Status: QUEUEING
Status: QUEUEING
Status: RUNNING
Status: RUNNING
Status: RUNNING
Status: RUNNING
Status: RUNNING
Status: RUNNING
Status: RUNNING
Status: RUNNING
Status: RUNNING
Status: RUNNING
Status: RUNNING
Status: RUNNING
Status: RUNNING
Status: RUNNING
Status: RUNNING
Status: RUNNING
Status: RUNNING
Status: RUNNING
Status: RUNNING
Status: RUNNING
Status: RUNNING
Status: RUNNING
Status: RUNNING
Status: RUNNING
Status: RUNNING
Status: RUNNING
Status: RUNNING
Status: RUNNING
Status: RUNNING
Status: RUNNING
Status: RUNNING
Status: RUNNING
Status: RUNNING
Status: RUNNING
Status: RUNNING
Status: RUNNING
Status: RUNNING
Status: RUNNING
Status: RUNNING
Status: RUNNING
Status: RUNNING
Status: RUNNING
Status: RUNNING
Status: RUNNING
Status: RUNNING
Status: RUNNING
Status: RUNNING
Status: RUNNING
Status: RUNNING
Status: RUNNING
Status: RUNNING
Status: RUNNING
Status: RUNNING
Status: RUNNING
Status: RUNNING
Status: RUNNING
Status: RUNNING
Status: RUNNING
Status: RUNNING
Status: COMPLETED
QMEANDisCo: 0.7999
Mutating chain A, position 4: PHE -> THR
Submitted ./1UBQ_Results/0.pdb
Checking: https://swissmodel.expasy.org/qmean/VXrCyc.json
Status: QUEUEING
Status: QUEUEING
Status: QUEUEING
Status: QUEUEING
Status: QUEUEING
Status: QUEUEING
Status: QUEUEING
Status: QUEUEING
Status: RUNNING
Status: RUNNING
Status: RUNNING
Status: RUNNING
Status: RUNNING
Status: RUNNING
Status: RUNNING
Status: RUNNING
Status: RUNNING
Status: RUNNING
Status: RUNNING
Status: RUNNING
Status: RUNNING
Status: RUNNING
Status: RUNNING
Status: RUNNING
Status: RUNNING
Status: RUNNING
Status: RUNNING
Status: RUNNING
Status: RUNNING
Status: RUNNING
Status: RUNNING
Status: RUNNING
Status: RUNNING
Status: RUNNING
Status: RUNNING
Status: RUNNING
Status: RUNNING
Status: RUNNING
Status: RUNNING
Status: RUNNING
Status: RUNNING
Status: RUNNING
Status: RUNNING
Status: RUNNING
Status: RUNNING
Status: RUNNING
Status: RUNNING
Status: RUNNING
Status: RUNNING
Status: RUNNING
Status: RUNNING
Status: RUNNING
Status: RUNNING
Status: RUNNING
Status: RUNNING
Status: RUNNING
Status: RUNNING
Status: RUNNING
Status: RUNNING
Status: RUNNING
Status: RUNNING
Status: RUNNING
Status: RUNNING
Status: RUNNING
Status: RUNNING
Status: RUNNING
Status: RUNNING
Status: COMPLETED
QMEANDisCo: 0.7969
Mutating chain A, position 32: ASP -> GLN
Submitted ./1UBQ_Results/0.pdb
Checking: https://swissmodel.expasy.org/qmean/FkPfbc.json
Status: QUEUEING
Status: QUEUEING
Status: QUEUEING
Status: QUEUEING
Status: QUEUEING
Status: QUEUEING
Status: QUEUEING
Status: QUEUEING
Status: RUNNING
Status: RUNNING
Status: RUNNING
Status: RUNNING
Status: RUNNING
Status: RUNNING
Status: RUNNING
Status: RUNNING
Status: RUNNING
Status: RUNNING
Status: RUNNING
Status: RUNNING
Status: RUNNING
Status: RUNNING
Status: RUNNING
Status: RUNNING
Status: RUNNING
Status: RUNNING
Status: RUNNING
Status: RUNNING
Status: RUNNING
Status: RUNNING
Status: RUNNING
Status: RUNNING
Status: RUNNING
Status: RUNNING
Status: RUNNING
Status: RUNNING
Status: RUNNING
Status: RUNNING
Status: RUNNING
Status: RUNNING
Status: RUNNING
Status: RUNNING
Status: RUNNING
Status: RUNNING
Status: RUNNING
Status: RUNNING
Status: RUNNING
Status: RUNNING
Status: RUNNING
Status: RUNNING
Status: RUNNING
Status: RUNNING
Status: RUNNING
Status: RUNNING
Status: RUNNING
Status: RUNNING
Status: RUNNING
Status: RUNNING
Status: RUNNING
Status: RUNNING
Status: RUNNING
Status: RUNNING
Status: RUNNING
Status: RUNNING
Status: RUNNING
Status: RUNNING
Status: COMPLETED
QMEANDisCo: 0.7955
Mutating chain A, position 7: THR -> GLY
Submitted ./1UBQ_Results/0.pdb
Checking: https://swissmodel.expasy.org/qmean/gvmVX6.json
Status: QUEUEING
Status: QUEUEING
Status: QUEUEING
Status: QUEUEING
Status: QUEUEING
Status: QUEUEING
Status: QUEUEING
Status: RUNNING
Status: RUNNING
Status: RUNNING
Status: RUNNING
Status: RUNNING
Status: RUNNING
Status: RUNNING
Status: RUNNING
Status: RUNNING
Status: RUNNING
Status: RUNNING
Status: RUNNING
Status: RUNNING
Status: RUNNING
Status: RUNNING
Status: RUNNING
Status: RUNNING
Status: RUNNING
Status: RUNNING
Status: RUNNING
Status: RUNNING
Status: RUNNING
Status: RUNNING
Status: RUNNING
Status: RUNNING
Status: RUNNING
Status: RUNNING
Status: RUNNING
Status: RUNNING
Status: RUNNING
Status: RUNNING
Status: RUNNING
Status: RUNNING
Status: RUNNING
Status: RUNNING
Status: RUNNING
Status: RUNNING
Status: RUNNING
Status: RUNNING
Status: RUNNING
Status: RUNNING
Status: RUNNING
Status: RUNNING
Status: RUNNING
Status: RUNNING
Status: RUNNING
Status: RUNNING
Status: RUNNING
Status: RUNNING
Status: RUNNING
Status: RUNNING
Status: RUNNING
Status: RUNNING
Status: RUNNING
Status: RUNNING
Status: RUNNING
Status: RUNNING
Status: RUNNING
Status: COMPLETED
QMEANDisCo: 0.7960
Mutating chain A, position 35: GLY -> SER
Submitted ./1UBQ_Results/0.pdb
Checking: https://swissmodel.expasy.org/qmean/LRZhVf.json
Status: QUEUEING
Status: QUEUEING
Status: QUEUEING
Status: QUEUEING
Status: QUEUEING
Status: QUEUEING
Status: QUEUEING
Status: RUNNING
Status: RUNNING
Status: RUNNING
Status: RUNNING
Status: RUNNING
Status: RUNNING
Status: RUNNING
Status: RUNNING
Status: RUNNING
Status: RUNNING
Status: RUNNING
Status: RUNNING
Status: RUNNING
Status: RUNNING
Status: RUNNING
Status: RUNNING
Status: RUNNING
Status: RUNNING
Status: RUNNING
Status: RUNNING
Status: RUNNING
Status: RUNNING
Status: RUNNING
Status: RUNNING
Status: RUNNING
Status: RUNNING
Status: RUNNING
Status: RUNNING
Status: RUNNING
Status: RUNNING
Status: RUNNING
Status: RUNNING
Status: RUNNING
Status: RUNNING
Status: RUNNING
Status: RUNNING
Status: RUNNING
Status: RUNNING
Status: RUNNING
Status: RUNNING
Status: RUNNING
Status: RUNNING
Status: RUNNING
Status: RUNNING
Status: RUNNING
Status: RUNNING
Status: RUNNING
Status: RUNNING
Status: RUNNING
Status: RUNNING
Status: RUNNING
Status: RUNNING
Status: RUNNING
Status: RUNNING
Status: RUNNING
Status: RUNNING
Status: RUNNING
Status: RUNNING
Status: RUNNING
Status: RUNNING
Status: COMPLETED
QMEANDisCo: 0.7899
Mutating chain A, position 66: THR -> ASN
Submitted ./1UBQ_Results/0.pdb
Checking: https://swissmodel.expasy.org/qmean/wvkxLr.json
Status: QUEUEING
Status: QUEUEING
Status: QUEUEING
Status: QUEUEING
Status: QUEUEING
Status: QUEUEING
Status: QUEUEING
Status: RUNNING
Status: RUNNING
Status: RUNNING
Status: RUNNING
Status: RUNNING
Status: RUNNING
Status: RUNNING
Status: RUNNING
Status: RUNNING
Status: RUNNING
Status: RUNNING
Status: RUNNING
Status: RUNNING
Status: RUNNING
Status: RUNNING
Status: RUNNING
Status: RUNNING
Status: RUNNING
Status: RUNNING
Status: RUNNING
Status: RUNNING
Status: RUNNING
Status: RUNNING
Status: RUNNING
Status: RUNNING
Status: RUNNING
Status: RUNNING
Status: RUNNING
Status: RUNNING
Status: RUNNING
Status: RUNNING
Status: RUNNING
Status: RUNNING
Status: RUNNING
Status: RUNNING
Status: RUNNING
Status: RUNNING
Status: RUNNING
Status: RUNNING
Status: RUNNING
Status: RUNNING
Status: RUNNING
Status: RUNNING
Status: RUNNING
Status: RUNNING
Status: RUNNING
Status: RUNNING
Status: RUNNING
Status: RUNNING
Status: RUNNING
Status: RUNNING
Status: RUNNING
Status: RUNNING
Status: RUNNING
Status: RUNNING
Status: RUNNING
Status: RUNNING
Status: RUNNING
Status: COMPLETED
QMEANDisCo: 0.7952
Mutating chain A, position 31: GLN -> GLY
Submitted ./1UBQ_Results/0.pdb
Checking: https://swissmodel.expasy.org/qmean/3vHJYv.json
Status: QUEUEING
Status: QUEUEING
Status: QUEUEING
Status: QUEUEING
Status: QUEUEING
Status: QUEUEING
Status: QUEUEING
Status: RUNNING
Status: RUNNING
Status: RUNNING
Status: RUNNING
Status: RUNNING
Status: RUNNING
Status: RUNNING
Status: RUNNING
Status: RUNNING
Status: RUNNING
Status: RUNNING
Status: RUNNING
Status: RUNNING
Status: RUNNING
Status: RUNNING
Status: RUNNING
Status: RUNNING
Status: RUNNING
Status: RUNNING
Status: RUNNING
Status: RUNNING
Status: RUNNING
Status: RUNNING
Status: RUNNING
Status: RUNNING
Status: RUNNING
Status: RUNNING
Status: RUNNING
Status: RUNNING
Status: RUNNING
Status: RUNNING
Status: RUNNING
Status: RUNNING
Status: RUNNING
Status: RUNNING
Status: RUNNING
Status: RUNNING
Status: RUNNING
Status: RUNNING
Status: RUNNING
Status: RUNNING
Status: RUNNING
Status: RUNNING
Status: RUNNING
Status: RUNNING
Status: RUNNING
Status: RUNNING
Status: RUNNING
Status: RUNNING
Status: RUNNING
Status: RUNNING
Status: RUNNING
Status: RUNNING
Status: RUNNING
Status: RUNNING
Status: RUNNING
Status: RUNNING
Status: RUNNING
Status: RUNNING
Status: RUNNING
Status: COMPLETED
QMEANDisCo: 0.7973
Mutating chain A, position 64: GLU -> HIS
Submitted ./1UBQ_Results/0.pdb
Checking: https://swissmodel.expasy.org/qmean/Bt5Q69.json
Status: QUEUEING
Status: QUEUEING
Status: QUEUEING
Status: QUEUEING
Status: QUEUEING
Status: QUEUEING
Status: QUEUEING
Status: RUNNING
Status: RUNNING
Status: RUNNING
Status: RUNNING
Status: RUNNING
Status: RUNNING
Status: RUNNING
Status: RUNNING
Status: RUNNING
Status: RUNNING
Status: RUNNING
Status: RUNNING
Status: RUNNING
Status: RUNNING
Status: RUNNING
Status: RUNNING
Status: RUNNING
Status: RUNNING
Status: RUNNING
Status: RUNNING
Status: RUNNING
Status: RUNNING
Status: RUNNING
Status: RUNNING
Status: RUNNING
Status: RUNNING
Status: RUNNING
Status: RUNNING
Status: RUNNING
Status: COMPLETED
QMEANDisCo: 0.8157
Mutating chain A, position 39: ASP -> PRO
Submitted ./1UBQ_Results/1.pdb
Checking: https://swissmodel.expasy.org/qmean/MCp9K9.json
Status: QUEUEING
Status: QUEUEING
Status: QUEUEING
Status: QUEUEING
Status: QUEUEING
Status: QUEUEING
Status: QUEUEING
Status: QUEUEING
Status: QUEUEING
Status: QUEUEING
Status: QUEUEING
Status: QUEUEING
Status: QUEUEING
Status: QUEUEING
Status: QUEUEING
Status: RUNNING
Status: RUNNING
Status: RUNNING
Status: RUNNING
Status: RUNNING
Status: RUNNING
Status: RUNNING
Status: RUNNING
Status: RUNNING
Status: RUNNING
Status: RUNNING
Status: RUNNING
Status: RUNNING
Status: RUNNING
Status: RUNNING
Status: RUNNING
Status: RUNNING
Status: RUNNING
Status: RUNNING
Status: RUNNING
Status: RUNNING
Status: RUNNING
Status: RUNNING
Status: RUNNING
Status: RUNNING
Status: RUNNING
Status: RUNNING
Status: RUNNING
Status: RUNNING
Status: RUNNING
Status: RUNNING
Status: RUNNING
Status: RUNNING
Status: RUNNING
Status: RUNNING
Status: RUNNING
Status: RUNNING
Status: RUNNING
Status: RUNNING
Status: RUNNING
Status: RUNNING
Status: RUNNING
Status: RUNNING
Status: RUNNING
Status: RUNNING
Status: RUNNING
Status: RUNNING
Status: RUNNING
Status: RUNNING
Status: RUNNING
Status: RUNNING
Status: RUNNING
Status: COMPLETED
QMEANDisCo: 0.7860
Mutating chain A, position 54: ARG -> LYS
Submitted ./1UBQ_Results/1.pdb
Checking: https://swissmodel.expasy.org/qmean/HMKm69.json
Status: QUEUEING
Status: QUEUEING
Status: QUEUEING
Status: QUEUEING
Status: QUEUEING
Status: QUEUEING
Status: QUEUEING
Status: QUEUEING
Status: QUEUEING
Status: QUEUEING
Status: QUEUEING
Status: QUEUEING
Status: QUEUEING
Status: QUEUEING
Status: QUEUEING
Status: RUNNING
Status: RUNNING
Status: RUNNING
Status: RUNNING
Status: RUNNING
Status: RUNNING
Status: RUNNING
Status: RUNNING
Status: RUNNING
Status: RUNNING
Status: RUNNING
Status: RUNNING
Status: RUNNING
Status: RUNNING
Status: RUNNING
Status: RUNNING
Status: RUNNING
Status: RUNNING
Status: RUNNING
Status: RUNNING
Status: RUNNING
Status: RUNNING
Status: RUNNING
Status: RUNNING
Status: RUNNING
Status: RUNNING
Status: RUNNING
Status: RUNNING
Status: RUNNING
Status: RUNNING
Status: RUNNING
Status: RUNNING
Status: RUNNING
Status: RUNNING
Status: RUNNING
Status: RUNNING
Status: RUNNING
Status: RUNNING
Status: RUNNING
Status: RUNNING
Status: RUNNING
Status: RUNNING
Status: RUNNING
Status: RUNNING
Status: RUNNING
Status: RUNNING
Status: RUNNING
Status: RUNNING
Status: RUNNING
Status: RUNNING
Status: RUNNING
Status: COMPLETED
QMEANDisCo: 0.8022
Mutating chain A, position 12: THR -> LYS
Submitted ./1UBQ_Results/1.pdb
Checking: https://swissmodel.expasy.org/qmean/gy63m3.json
Status: QUEUEING
Status: QUEUEING
Status: QUEUEING
Status: QUEUEING
Status: QUEUEING
Status: QUEUEING
Status: QUEUEING
Status: RUNNING
Status: RUNNING
Status: RUNNING
Status: RUNNING
Status: RUNNING
Status: RUNNING
Status: RUNNING
Status: RUNNING
Status: RUNNING
Status: RUNNING
Status: RUNNING
Status: RUNNING
Status: RUNNING
Status: RUNNING
Status: RUNNING
Status: RUNNING
Status: RUNNING
Status: RUNNING
Status: RUNNING
Status: RUNNING
Status: RUNNING
Status: RUNNING
Status: RUNNING
Status: RUNNING
Status: RUNNING
Status: RUNNING
Status: RUNNING
Status: RUNNING
Status: RUNNING
Status: RUNNING
Status: RUNNING
Status: RUNNING
Status: RUNNING
Status: RUNNING
Status: RUNNING
Status: RUNNING
Status: RUNNING
Status: RUNNING
Status: RUNNING
Status: RUNNING
Status: RUNNING
Status: RUNNING
Status: RUNNING
Status: RUNNING
Status: RUNNING
Status: RUNNING
Status: RUNNING
Status: RUNNING
Status: RUNNING
Status: RUNNING
Status: RUNNING
Status: RUNNING
Status: RUNNING
Status: RUNNING
Status: RUNNING
Status: RUNNING
Status: RUNNING
Status: RUNNING
Status: RUNNING
Status: RUNNING
Status: COMPLETED
QMEANDisCo: 0.7944
Mutating chain A, position 54: ARG -> ALA
Submitted ./1UBQ_Results/1.pdb
Checking: https://swissmodel.expasy.org/qmean/2YgUjc.json
Status: QUEUEING
Status: QUEUEING
Status: QUEUEING
Status: QUEUEING
Status: QUEUEING
Status: QUEUEING
Status: QUEUEING
Status: QUEUEING
Status: RUNNING
Status: RUNNING
Status: RUNNING
Status: RUNNING
Status: RUNNING
Status: RUNNING
Status: RUNNING
Status: RUNNING
Status: RUNNING
Status: RUNNING
Status: RUNNING
Status: RUNNING
Status: RUNNING
Status: RUNNING
Status: RUNNING
Status: RUNNING
Status: RUNNING
Status: RUNNING
Status: RUNNING
Status: RUNNING
Status: RUNNING
Status: RUNNING
Status: RUNNING
Status: RUNNING
Status: RUNNING
Status: RUNNING
Status: RUNNING
Status: RUNNING
Status: RUNNING
Status: RUNNING
Status: RUNNING
Status: RUNNING
Status: RUNNING
Status: RUNNING
Status: RUNNING
Status: RUNNING
Status: RUNNING
Status: RUNNING
Status: RUNNING
Status: RUNNING
Status: RUNNING
Status: RUNNING
Status: RUNNING
Status: RUNNING
Status: RUNNING
Status: RUNNING
Status: RUNNING
Status: RUNNING
Status: RUNNING
Status: RUNNING
Status: RUNNING
Status: RUNNING
Status: RUNNING
Status: RUNNING
Status: RUNNING
Status: RUNNING
Status: RUNNING
Status: RUNNING
Status: RUNNING
Status: COMPLETED
QMEANDisCo: 0.7947
Mutating chain A, position 37: PRO -> LYS
Submitted ./1UBQ_Results/1.pdb
Checking: https://swissmodel.expasy.org/qmean/YZHBsT.json
Status: QUEUEING
Status: QUEUEING
Status: QUEUEING
Status: QUEUEING
Status: QUEUEING
Status: QUEUEING
Status: QUEUEING
Status: RUNNING
Status: RUNNING
Status: RUNNING
Status: RUNNING
Status: RUNNING
Status: RUNNING
Status: RUNNING
Status: RUNNING
Status: RUNNING
Status: RUNNING
Status: RUNNING
Status: RUNNING
Status: RUNNING
Status: RUNNING
Status: RUNNING
Status: RUNNING
Status: RUNNING
Status: RUNNING
Status: RUNNING
Status: RUNNING
Status: RUNNING
Status: RUNNING
Status: RUNNING
Status: RUNNING
Status: RUNNING
Status: RUNNING
Status: RUNNING
Status: RUNNING
Status: RUNNING
Status: RUNNING
Status: RUNNING
Status: RUNNING
Status: RUNNING
Status: RUNNING
Status: RUNNING
Status: RUNNING
Status: RUNNING
Status: RUNNING
Status: RUNNING
Status: RUNNING
Status: RUNNING
Status: RUNNING
Status: RUNNING
Status: RUNNING
Status: RUNNING
Status: RUNNING
Status: RUNNING
Status: RUNNING
Status: RUNNING
Status: RUNNING
Status: RUNNING
Status: RUNNING
Status: RUNNING
Status: RUNNING
Status: RUNNING
Status: RUNNING
Status: RUNNING
Status: RUNNING
Status: RUNNING
Status: COMPLETED
QMEANDisCo: 0.7910
Mutating chain A, position 13: ILE -> ALA
Submitted ./1UBQ_Results/1.pdb
Checking: https://swissmodel.expasy.org/qmean/DDzRT8.json
Status: QUEUEING
Status: QUEUEING
Status: QUEUEING
Status: QUEUEING
Status: QUEUEING
Status: QUEUEING
Status: QUEUEING
Status: RUNNING
Status: RUNNING
Status: RUNNING
Status: RUNNING
Status: RUNNING
Status: RUNNING
Status: RUNNING
Status: RUNNING
Status: RUNNING
Status: RUNNING
Status: RUNNING
Status: RUNNING
Status: RUNNING
Status: RUNNING
Status: RUNNING
Status: RUNNING
Status: RUNNING
Status: RUNNING
Status: RUNNING
Status: RUNNING
Status: RUNNING
Status: RUNNING
Status: RUNNING
Status: RUNNING
Status: RUNNING
Status: RUNNING
Status: RUNNING
Status: RUNNING
Status: RUNNING
Status: RUNNING
Status: RUNNING
Status: RUNNING
Status: RUNNING
Status: RUNNING
Status: RUNNING
Status: RUNNING
Status: RUNNING
Status: RUNNING
Status: RUNNING
Status: RUNNING
Status: RUNNING
Status: RUNNING
Status: RUNNING
Status: RUNNING
Status: RUNNING
Status: RUNNING
Status: RUNNING
Status: RUNNING
Status: RUNNING
Status: RUNNING
Status: RUNNING
Status: RUNNING
Status: RUNNING
Status: RUNNING
Status: RUNNING
Status: RUNNING
Status: RUNNING
Status: RUNNING
Status: COMPLETED
QMEANDisCo: 0.7951
Mutating chain A, position 76: GLY -> HIS
Submitted ./1UBQ_Results/1.pdb
Checking: https://swissmodel.expasy.org/qmean/s2agDS.json
Status: QUEUEING
Status: QUEUEING
Status: QUEUEING
Status: QUEUEING
Status: QUEUEING
Status: QUEUEING
Status: QUEUEING
Status: RUNNING
Status: RUNNING
Status: RUNNING
Status: RUNNING
Status: RUNNING
Status: RUNNING
Status: RUNNING
Status: RUNNING
Status: RUNNING
Status: RUNNING
Status: RUNNING
Status: RUNNING
Status: RUNNING
Status: RUNNING
Status: RUNNING
Status: RUNNING
Status: RUNNING
Status: RUNNING
Status: RUNNING
Status: RUNNING
Status: RUNNING
Status: RUNNING
Status: RUNNING
Status: RUNNING
Status: RUNNING
Status: RUNNING
Status: RUNNING
Status: RUNNING
Status: RUNNING
Status: RUNNING
Status: RUNNING
Status: RUNNING
Status: RUNNING
Status: RUNNING
Status: RUNNING
Status: RUNNING
Status: RUNNING
Status: RUNNING
Status: RUNNING
Status: RUNNING
Status: RUNNING
Status: RUNNING
Status: RUNNING
Status: RUNNING
Status: RUNNING
Status: RUNNING
Status: RUNNING
Status: RUNNING
Status: RUNNING
Status: RUNNING
Status: RUNNING
Status: RUNNING
Status: RUNNING
Status: RUNNING
Status: RUNNING
Status: RUNNING
Status: RUNNING
Status: RUNNING
Status: RUNNING
Status: COMPLETED
QMEANDisCo: 0.8055
Mutating chain A, position 69: LEU -> CYS
Submitted ./1UBQ_Results/1.pdb
Checking: https://swissmodel.expasy.org/qmean/q2Upe7.json
Status: QUEUEING
Status: QUEUEING
Status: QUEUEING
Status: QUEUEING
Status: QUEUEING
Status: QUEUEING
Status: QUEUEING
Status: QUEUEING
Status: RUNNING
Status: RUNNING
Status: RUNNING
Status: RUNNING
Status: RUNNING
Status: RUNNING
Status: RUNNING
Status: RUNNING
Status: RUNNING
Status: RUNNING
Status: RUNNING
Status: RUNNING
Status: RUNNING
Status: RUNNING
Status: RUNNING
Status: RUNNING
Status: RUNNING
Status: RUNNING
Status: RUNNING
Status: RUNNING
Status: RUNNING
Status: RUNNING
Status: RUNNING
Status: RUNNING
Status: RUNNING
Status: RUNNING
Status: RUNNING
Status: RUNNING
Status: RUNNING
Status: RUNNING
Status: RUNNING
Status: RUNNING
Status: RUNNING
Status: RUNNING
Status: RUNNING
Status: RUNNING
Status: RUNNING
Status: RUNNING
Status: RUNNING
Status: RUNNING
Status: RUNNING
Status: RUNNING
Status: RUNNING
Status: RUNNING
Status: RUNNING
Status: RUNNING
Status: RUNNING
Status: RUNNING
Status: RUNNING
Status: RUNNING
Status: RUNNING
Status: RUNNING
Status: RUNNING
Status: RUNNING
Status: RUNNING
Status: RUNNING
Status: RUNNING
Status: COMPLETED
QMEANDisCo: 0.7957
Mutating chain A, position 6: LYS -> VAL
Submitted ./1UBQ_Results/1.pdb
Checking: https://swissmodel.expasy.org/qmean/MME2eW.json
Status: QUEUEING
Status: QUEUEING
Status: QUEUEING
Status: QUEUEING
Status: QUEUEING
Status: QUEUEING
Status: QUEUEING
Status: RUNNING
Status: RUNNING
Status: RUNNING
Status: RUNNING
Status: RUNNING
Status: RUNNING
Status: RUNNING
Status: RUNNING
Status: RUNNING
Status: RUNNING
Status: RUNNING
Status: RUNNING
Status: RUNNING
Status: RUNNING
Status: RUNNING
Status: RUNNING
Status: RUNNING
Status: RUNNING
Status: RUNNING
Status: RUNNING
Status: RUNNING
Status: RUNNING
Status: RUNNING
Status: RUNNING
Status: RUNNING
Status: RUNNING
Status: RUNNING
Status: RUNNING
Status: RUNNING
Status: RUNNING
Status: RUNNING
Status: RUNNING
Status: RUNNING
Status: RUNNING
Status: RUNNING
Status: RUNNING
Status: RUNNING
Status: RUNNING
Status: RUNNING
Status: RUNNING
Status: RUNNING
Status: RUNNING
Status: RUNNING
Status: RUNNING
Status: RUNNING
Status: RUNNING
Status: RUNNING
Status: RUNNING
Status: RUNNING
Status: RUNNING
Status: RUNNING
Status: RUNNING
Status: RUNNING
Status: RUNNING
Status: RUNNING
Status: RUNNING
Status: RUNNING
Status: RUNNING
Status: RUNNING
Status: COMPLETED
QMEANDisCo: 0.8041
Mutating chain A, position 31: GLN -> ASP
Submitted ./1UBQ_Results/1.pdb
Checking: https://swissmodel.expasy.org/qmean/HS9nf6.json
Status: QUEUEING
Status: QUEUEING
Status: QUEUEING
Status: QUEUEING
Status: QUEUEING
Status: QUEUEING
Status: QUEUEING
Status: RUNNING
Status: RUNNING
Status: RUNNING
Status: RUNNING
Status: RUNNING
Status: RUNNING
Status: RUNNING
Status: RUNNING
Status: RUNNING
Status: RUNNING
Status: RUNNING
Status: RUNNING
Status: RUNNING
Status: RUNNING
Status: RUNNING
Status: RUNNING
Status: RUNNING
Status: RUNNING
Status: RUNNING
Status: RUNNING
Status: RUNNING
Status: RUNNING
Status: RUNNING
Status: RUNNING
Status: RUNNING
Status: RUNNING
Status: RUNNING
Status: RUNNING
Status: RUNNING
Status: RUNNING
Status: RUNNING
Status: RUNNING
Status: RUNNING
Status: RUNNING
Status: RUNNING
Status: RUNNING
Status: RUNNING
Status: RUNNING
Status: RUNNING
Status: RUNNING
Status: RUNNING
Status: RUNNING
Status: RUNNING
Status: RUNNING
Status: RUNNING
Status: RUNNING
Status: RUNNING
Status: RUNNING
Status: RUNNING
Status: RUNNING
Status: RUNNING
Status: RUNNING
Status: RUNNING
Status: RUNNING
Status: RUNNING
Status: RUNNING
Status: RUNNING
Status: RUNNING
Status: COMPLETED
QMEANDisCo: 0.7954
Mutating chain A, position 15: LEU -> SER
Submitted ./1UBQ_Results/1.pdb
Checking: https://swissmodel.expasy.org/qmean/gTqZ94.json
Status: QUEUEING
Status: QUEUEING
Status: QUEUEING
Status: QUEUEING
Status: QUEUEING
Status: QUEUEING
Status: QUEUEING
Status: RUNNING
Status: RUNNING
Status: RUNNING
Status: RUNNING
Status: RUNNING
Status: RUNNING
Status: RUNNING
Status: RUNNING
Status: RUNNING
Status: RUNNING
Status: RUNNING
Status: RUNNING
Status: RUNNING
Status: RUNNING
Status: RUNNING
Status: RUNNING
Status: RUNNING
Status: RUNNING
Status: RUNNING
Status: RUNNING
Status: RUNNING
Status: RUNNING
Status: RUNNING
Status: RUNNING
Status: RUNNING
Status: RUNNING
Status: RUNNING
Status: RUNNING
Status: RUNNING
Status: RUNNING
Status: RUNNING
Status: RUNNING
Status: RUNNING
Status: RUNNING
Status: RUNNING
Status: RUNNING
Status: RUNNING
Status: RUNNING
Status: RUNNING
Status: RUNNING
Status: RUNNING
Status: RUNNING
Status: RUNNING
Status: RUNNING
Status: RUNNING
Status: RUNNING
Status: RUNNING
Status: RUNNING
Status: RUNNING
Status: RUNNING
Status: RUNNING
Status: RUNNING
Status: RUNNING
Status: RUNNING
Status: RUNNING
Status: RUNNING
Status: RUNNING
Status: RUNNING
Status: RUNNING
Status: COMPLETED
QMEANDisCo: 0.7929
Mutating chain A, position 13: ILE -> TYR
Submitted ./1UBQ_Results/1.pdb
Checking: https://swissmodel.expasy.org/qmean/cDF3uA.json
Status: QUEUEING
Status: QUEUEING
Status: QUEUEING
Status: QUEUEING
Status: QUEUEING
Status: QUEUEING
Status: QUEUEING
Status: QUEUEING
Status: QUEUEING
Status: QUEUEING
Status: QUEUEING
Status: QUEUEING
Status: QUEUEING
Status: QUEUEING
Status: QUEUEING
Status: RUNNING
Status: RUNNING
Status: RUNNING
Status: RUNNING
Status: RUNNING
Status: RUNNING
Status: RUNNING
Status: RUNNING
Status: RUNNING
Status: RUNNING
Status: RUNNING
Status: RUNNING
Status: RUNNING
Status: RUNNING
Status: RUNNING
Status: RUNNING
Status: RUNNING
Status: RUNNING
Status: RUNNING
Status: RUNNING
Status: RUNNING
Status: RUNNING
Status: RUNNING
Status: RUNNING
Status: RUNNING
Status: RUNNING
Status: RUNNING
Status: RUNNING
Status: RUNNING
Status: RUNNING
Status: RUNNING
Status: RUNNING
Status: RUNNING
Status: RUNNING
Status: RUNNING
Status: RUNNING
Status: RUNNING
Status: RUNNING
Status: RUNNING
Status: RUNNING
Status: RUNNING
Status: RUNNING
Status: RUNNING
Status: RUNNING
Status: RUNNING
Status: RUNNING
Status: RUNNING
Status: RUNNING
Status: RUNNING
Status: RUNNING
Status: RUNNING
Status: COMPLETED
QMEANDisCo: 0.7930
Mutating chain A, position 58: ASP -> GLY
Submitted ./1UBQ_Results/1.pdb
Checking: https://swissmodel.expasy.org/qmean/quAZcN.json
Status: QUEUEING
Status: QUEUEING
Status: QUEUEING
Status: QUEUEING
Status: QUEUEING
Status: QUEUEING
Status: QUEUEING
Status: RUNNING
Status: RUNNING
Status: RUNNING
Status: RUNNING
Status: RUNNING
Status: RUNNING
Status: RUNNING
Status: RUNNING
Status: RUNNING
Status: RUNNING
Status: RUNNING
Status: RUNNING
Status: RUNNING
Status: RUNNING
Status: RUNNING
Status: RUNNING
Status: RUNNING
Status: RUNNING
Status: RUNNING
Status: RUNNING
Status: RUNNING
Status: RUNNING
Status: RUNNING
Status: RUNNING
Status: RUNNING
Status: RUNNING
Status: RUNNING
Status: RUNNING
Status: RUNNING
Status: RUNNING
Status: RUNNING
Status: RUNNING
Status: RUNNING
Status: RUNNING
Status: RUNNING
Status: RUNNING
Status: RUNNING
Status: RUNNING
Status: RUNNING
Status: RUNNING
Status: RUNNING
Status: RUNNING
Status: RUNNING
Status: RUNNING
Status: RUNNING
Status: RUNNING
Status: RUNNING
Status: RUNNING
Status: RUNNING
Status: RUNNING
Status: RUNNING
Status: RUNNING
Status: RUNNING
Status: RUNNING
Status: RUNNING
Status: RUNNING
Status: RUNNING
Status: RUNNING
Status: RUNNING
Status: COMPLETED
QMEANDisCo: 0.7970
Mutating chain A, position 42: ARG -> GLY
Submitted ./1UBQ_Results/1.pdb
Checking: https://swissmodel.expasy.org/qmean/ebmJnP.json
Status: QUEUEING
Status: QUEUEING
Status: QUEUEING
Status: QUEUEING
Status: QUEUEING
Status: QUEUEING
Status: QUEUEING
Status: QUEUEING
Status: RUNNING
Status: RUNNING
Status: RUNNING
Status: RUNNING
Status: RUNNING
Status: RUNNING
Status: RUNNING
Status: RUNNING
Status: RUNNING
Status: RUNNING
Status: RUNNING
Status: RUNNING
Status: RUNNING
Status: RUNNING
Status: RUNNING
Status: RUNNING
Status: RUNNING
Status: RUNNING
Status: RUNNING
Status: RUNNING
Status: RUNNING
Status: RUNNING
Status: RUNNING
Status: RUNNING
Status: RUNNING
Status: RUNNING
Status: RUNNING
Status: RUNNING
Status: RUNNING
Status: RUNNING
Status: RUNNING
Status: RUNNING
Status: RUNNING
Status: RUNNING
Status: RUNNING
Status: RUNNING
Status: RUNNING
Status: RUNNING
Status: RUNNING
Status: RUNNING
Status: RUNNING
Status: RUNNING
Status: RUNNING
Status: RUNNING
Status: RUNNING
Status: RUNNING
Status: RUNNING
Status: RUNNING
Status: RUNNING
Status: RUNNING
Status: RUNNING
Status: RUNNING
Status: RUNNING
Status: RUNNING
Status: RUNNING
Status: RUNNING
Status: RUNNING
Status: COMPLETED
QMEANDisCo: 0.7992
Mutating chain A, position 30: ILE -> LYS
Submitted ./1UBQ_Results/1.pdb
Checking: https://swissmodel.expasy.org/qmean/qQXcRy.json
Status: QUEUEING
Status: QUEUEING
Status: QUEUEING
Status: QUEUEING
Status: QUEUEING
Status: QUEUEING
Status: QUEUEING
Status: QUEUEING
Status: RUNNING
Status: RUNNING
Status: RUNNING
Status: RUNNING
Status: RUNNING
Status: RUNNING
Status: RUNNING
Status: RUNNING
Status: RUNNING
Status: RUNNING
Status: RUNNING
Status: RUNNING
Status: RUNNING
Status: RUNNING
Status: RUNNING
Status: RUNNING
Status: RUNNING
Status: RUNNING
Status: RUNNING
Status: RUNNING
Status: RUNNING
Status: RUNNING
Status: RUNNING
Status: RUNNING
Status: RUNNING
Status: RUNNING
Status: RUNNING
Status: RUNNING
Status: RUNNING
Status: RUNNING
Status: RUNNING
Status: RUNNING
Status: RUNNING
Status: RUNNING
Status: RUNNING
Status: RUNNING
Status: RUNNING
Status: RUNNING
Status: RUNNING
Status: RUNNING
Status: RUNNING
Status: RUNNING
Status: RUNNING
Status: RUNNING
Status: RUNNING
Status: RUNNING
Status: RUNNING
Status: RUNNING
Status: RUNNING
Status: RUNNING
Status: RUNNING
Status: RUNNING
Status: RUNNING
Status: RUNNING
Status: RUNNING
Status: RUNNING
Status: RUNNING
Status: RUNNING
Status: RUNNING
Status: COMPLETED
QMEANDisCo: 0.8051
Mutating chain A, position 65: SER -> TYR
Submitted ./1UBQ_Results/1.pdb
Checking: https://swissmodel.expasy.org/qmean/6Bd2Wt.json
Status: QUEUEING
Status: QUEUEING
Status: QUEUEING
Status: QUEUEING
Status: QUEUEING
Status: QUEUEING
Status: QUEUEING
Status: RUNNING
Status: RUNNING
Status: RUNNING
Status: RUNNING
Status: RUNNING
Status: RUNNING
Status: RUNNING
Status: RUNNING
Status: RUNNING
Status: RUNNING
Status: RUNNING
Status: RUNNING
Status: RUNNING
Status: RUNNING
Status: RUNNING
Status: RUNNING
Status: RUNNING
Status: RUNNING
Status: RUNNING
Status: RUNNING
Status: RUNNING
Status: RUNNING
Status: RUNNING
Status: RUNNING
Status: RUNNING
Status: RUNNING
Status: RUNNING
Status: RUNNING
Status: RUNNING
Status: RUNNING
Status: RUNNING
Status: RUNNING
Status: RUNNING
Status: RUNNING
Status: RUNNING
Status: RUNNING
Status: RUNNING
Status: RUNNING
Status: RUNNING
Status: RUNNING
Status: RUNNING
Status: RUNNING
Status: RUNNING
Status: RUNNING
Status: RUNNING
Status: RUNNING
Status: RUNNING
Status: RUNNING
Status: RUNNING
Status: RUNNING
Status: RUNNING
Status: RUNNING
Status: RUNNING
Status: RUNNING
Status: RUNNING
Status: RUNNING
Status: RUNNING
Status: RUNNING
Status: RUNNING
Status: COMPLETED
QMEANDisCo: 0.7765
Mutating chain A, position 3: ILE -> ASN
Submitted ./1UBQ_Results/1.pdb
Checking: https://swissmodel.expasy.org/qmean/LtyJ3u.json
Status: QUEUEING
Status: QUEUEING
Status: QUEUEING
Status: QUEUEING
Status: QUEUEING
Status: QUEUEING
Status: QUEUEING
Status: RUNNING
Status: RUNNING
Status: RUNNING
Status: RUNNING
Status: RUNNING
Status: RUNNING
Status: RUNNING
Status: RUNNING
Status: RUNNING
Status: RUNNING
Status: RUNNING
Status: RUNNING
Status: RUNNING
Status: RUNNING
Status: RUNNING
Status: RUNNING
Status: RUNNING
Status: RUNNING
Status: RUNNING
Status: RUNNING
Status: RUNNING
Status: RUNNING
Status: RUNNING
Status: RUNNING
Status: RUNNING
Status: RUNNING
Status: RUNNING
Status: RUNNING
Status: RUNNING
Status: RUNNING
Status: RUNNING
Status: RUNNING
Status: RUNNING
Status: RUNNING
Status: RUNNING
Status: RUNNING
Status: RUNNING
Status: RUNNING
Status: RUNNING
Status: RUNNING
Status: RUNNING
Status: RUNNING
Status: RUNNING
Status: RUNNING
Status: RUNNING
Status: RUNNING
Status: RUNNING
Status: RUNNING
Status: RUNNING
Status: RUNNING
Status: RUNNING
Status: RUNNING
Status: RUNNING
Status: RUNNING
Status: RUNNING
Status: RUNNING
Status: RUNNING
Status: RUNNING
Status: RUNNING
Status: COMPLETED
QMEANDisCo: 0.7961
Mutating chain A, position 14: THR -> HIS
Submitted ./1UBQ_Results/1.pdb
Checking: https://swissmodel.expasy.org/qmean/aZ5sD2.json
Status: QUEUEING
Status: QUEUEING
Status: QUEUEING
Status: QUEUEING
Status: QUEUEING
Status: QUEUEING
Status: QUEUEING
Status: RUNNING
Status: RUNNING
Status: RUNNING
Status: RUNNING
Status: RUNNING
Status: RUNNING
Status: RUNNING
Status: RUNNING
Status: RUNNING
Status: RUNNING
Status: RUNNING
Status: RUNNING
Status: RUNNING
Status: RUNNING
Status: RUNNING
Status: RUNNING
Status: RUNNING
Status: RUNNING
Status: RUNNING
Status: RUNNING
Status: RUNNING
Status: RUNNING
Status: RUNNING
Status: RUNNING
Status: RUNNING
Status: RUNNING
Status: RUNNING
Status: RUNNING
Status: RUNNING
Status: RUNNING
Status: RUNNING
Status: RUNNING
Status: RUNNING
Status: RUNNING
Status: RUNNING
Status: RUNNING
Status: RUNNING
Status: RUNNING
Status: RUNNING
Status: RUNNING
Status: RUNNING
Status: RUNNING
Status: RUNNING
Status: RUNNING
Status: RUNNING
Status: RUNNING
Status: RUNNING
Status: RUNNING
Status: RUNNING
Status: RUNNING
Status: RUNNING
Status: RUNNING
Status: RUNNING
Status: RUNNING
Status: RUNNING
Status: RUNNING
Status: RUNNING
Status: RUNNING
Status: RUNNING
Status: COMPLETED
QMEANDisCo: 0.7906
Mutating chain A, position 36: ILE -> CYS
Submitted ./1UBQ_Results/1.pdb
Checking: https://swissmodel.expasy.org/qmean/NUpPbA.json
Status: QUEUEING
Status: QUEUEING
Status: QUEUEING
Status: QUEUEING
Status: QUEUEING
Status: QUEUEING
Status: QUEUEING
Status: RUNNING
Status: RUNNING
Status: RUNNING
Status: RUNNING
Status: RUNNING
Status: RUNNING
Status: RUNNING
Status: RUNNING
Status: RUNNING
Status: RUNNING
Status: RUNNING
Status: RUNNING
Status: RUNNING
Status: RUNNING
Status: RUNNING
Status: RUNNING
Status: RUNNING
Status: RUNNING
Status: RUNNING
Status: RUNNING
Status: RUNNING
Status: RUNNING
Status: RUNNING
Status: RUNNING
Status: RUNNING
Status: RUNNING
Status: RUNNING
Status: RUNNING
Status: RUNNING
Status: RUNNING
Status: RUNNING
Status: RUNNING
Status: RUNNING
Status: RUNNING
Status: RUNNING
Status: RUNNING
Status: RUNNING
Status: RUNNING
Status: RUNNING
Status: RUNNING
Status: RUNNING
Status: RUNNING
Status: RUNNING
Status: RUNNING
Status: RUNNING
Status: RUNNING
Status: RUNNING
Status: RUNNING
Status: RUNNING
Status: RUNNING
Status: RUNNING
Status: RUNNING
Status: RUNNING
Status: RUNNING
Status: RUNNING
Status: RUNNING
Status: RUNNING
Status: RUNNING
Status: COMPLETED
QMEANDisCo: 0.7987
Mutating chain A, position 54: ARG -> PRO
Submitted ./1UBQ_Results/1.pdb
Checking: https://swissmodel.expasy.org/qmean/Y53c39.json
Status: QUEUEING
Status: QUEUEING
Status: QUEUEING
Status: QUEUEING
Status: QUEUEING
Status: QUEUEING
Status: QUEUEING
Status: RUNNING
Status: RUNNING
Status: RUNNING
Status: RUNNING
Status: RUNNING
Status: RUNNING
Status: RUNNING
Status: RUNNING
Status: RUNNING
Status: RUNNING
Status: RUNNING
Status: RUNNING
Status: RUNNING
Status: RUNNING
Status: RUNNING
Status: RUNNING
Status: RUNNING
Status: RUNNING
Status: RUNNING
Status: RUNNING
Status: RUNNING
Status: RUNNING
Status: RUNNING
Status: RUNNING
Status: RUNNING
Status: RUNNING
Status: RUNNING
Status: RUNNING
Status: RUNNING
Status: RUNNING
Status: RUNNING
Status: RUNNING
Status: RUNNING
Status: RUNNING
Status: RUNNING
Status: RUNNING
Status: RUNNING
Status: RUNNING
Status: RUNNING
Status: RUNNING
Status: RUNNING
Status: RUNNING
Status: RUNNING
Status: RUNNING
Status: RUNNING
Status: RUNNING
Status: RUNNING
Status: RUNNING
Status: RUNNING
Status: RUNNING
Status: RUNNING
Status: RUNNING
Status: RUNNING
Status: RUNNING
Status: RUNNING
Status: RUNNING
Status: RUNNING
Status: RUNNING
Status: RUNNING
Status: COMPLETED
QMEANDisCo: 0.7926
Mutating chain A, position 13: ILE -> GLY
Submitted ./1UBQ_Results/1.pdb
Checking: https://swissmodel.expasy.org/qmean/5ZxSLD.json
Status: QUEUEING
Status: QUEUEING
Status: QUEUEING
Status: QUEUEING
Status: QUEUEING
Status: QUEUEING
Status: QUEUEING
Status: RUNNING
Status: RUNNING
Status: RUNNING
Status: RUNNING
Status: RUNNING
Status: RUNNING
Status: RUNNING
Status: RUNNING
Status: RUNNING
Status: RUNNING
Status: RUNNING
Status: RUNNING
Status: RUNNING
Status: RUNNING
Status: RUNNING
Status: RUNNING
Status: RUNNING
Status: RUNNING
Status: RUNNING
Status: RUNNING
Status: RUNNING
Status: RUNNING
Status: RUNNING
Status: RUNNING
Status: RUNNING
Status: RUNNING
Status: RUNNING
Status: RUNNING
Status: RUNNING
Status: RUNNING
Status: RUNNING
Status: RUNNING
Status: RUNNING
Status: RUNNING
Status: RUNNING
Status: RUNNING
Status: RUNNING
Status: RUNNING
Status: RUNNING
Status: RUNNING
Status: RUNNING
Status: RUNNING
Status: RUNNING
Status: RUNNING
Status: RUNNING
Status: RUNNING
Status: RUNNING
Status: RUNNING
Status: RUNNING
Status: RUNNING
Status: RUNNING
Status: RUNNING
Status: RUNNING
Status: RUNNING
Status: RUNNING
Status: RUNNING
Status: RUNNING
Status: RUNNING
Status: COMPLETED
QMEANDisCo: 0.7924
Mutating chain A, position 29: LYS -> GLN
Submitted ./1UBQ_Results/1.pdb
Checking: https://swissmodel.expasy.org/qmean/CDnBAm.json
Status: QUEUEING
Status: QUEUEING
Status: QUEUEING
Status: QUEUEING
Status: QUEUEING
Status: QUEUEING
Status: QUEUEING
Status: RUNNING
Status: RUNNING
Status: RUNNING
Status: RUNNING
Status: RUNNING
Status: RUNNING
Status: RUNNING
Status: RUNNING
Status: RUNNING
Status: RUNNING
Status: RUNNING
Status: RUNNING
Status: RUNNING
Status: RUNNING
Status: RUNNING
Status: RUNNING
Status: RUNNING
Status: RUNNING
Status: RUNNING
Status: RUNNING
Status: RUNNING
Status: RUNNING
Status: RUNNING
Status: RUNNING
Status: RUNNING
Status: RUNNING
Status: RUNNING
Status: RUNNING
Status: RUNNING
Status: RUNNING
Status: RUNNING
Status: RUNNING
Status: RUNNING
Status: RUNNING
Status: RUNNING
Status: RUNNING
Status: RUNNING
Status: RUNNING
Status: RUNNING
Status: RUNNING
Status: RUNNING
Status: RUNNING
Status: RUNNING
Status: RUNNING
Status: RUNNING
Status: RUNNING
Status: RUNNING
Status: RUNNING
Status: RUNNING
Status: RUNNING
Status: RUNNING
Status: RUNNING
Status: RUNNING
Status: RUNNING
Status: RUNNING
Status: RUNNING
Status: RUNNING
Status: RUNNING
Status: COMPLETED
QMEANDisCo: 0.8031
Mutating chain A, position 20: SER -> ASP
Submitted ./1UBQ_Results/1.pdb
Checking: https://swissmodel.expasy.org/qmean/t8HL9T.json
Status: QUEUEING
Status: QUEUEING
Status: QUEUEING
Status: QUEUEING
Status: QUEUEING
Status: QUEUEING
Status: QUEUEING
Status: RUNNING
Status: RUNNING
Status: RUNNING
Status: RUNNING
Status: RUNNING
Status: RUNNING
Status: RUNNING
Status: RUNNING
Status: RUNNING
Status: RUNNING
Status: RUNNING
Status: RUNNING
Status: RUNNING
Status: RUNNING
Status: RUNNING
Status: RUNNING
Status: RUNNING
Status: RUNNING
Status: RUNNING
Status: RUNNING
Status: RUNNING
Status: RUNNING
Status: RUNNING
Status: RUNNING
Status: RUNNING
Status: RUNNING
Status: RUNNING
Status: RUNNING
Status: RUNNING
Status: RUNNING
Status: RUNNING
Status: RUNNING
Status: RUNNING
Status: RUNNING
Status: RUNNING
Status: RUNNING
Status: RUNNING
Status: RUNNING
Status: RUNNING
Status: RUNNING
Status: RUNNING
Status: RUNNING
Status: RUNNING
Status: RUNNING
Status: RUNNING
Status: RUNNING
Status: RUNNING
Status: RUNNING
Status: RUNNING
Status: RUNNING
Status: RUNNING
Status: RUNNING
Status: RUNNING
Status: RUNNING
Status: RUNNING
Status: RUNNING
Status: RUNNING
Status: RUNNING
Status: RUNNING
Status: COMPLETED
QMEANDisCo: 0.7998
Mutating chain A, position 29: LYS -> CYS
Submitted ./1UBQ_Results/1.pdb
Checking: https://swissmodel.expasy.org/qmean/YWwk8w.json
Status: QUEUEING
Status: QUEUEING
Status: QUEUEING
Status: QUEUEING
Status: QUEUEING
Status: QUEUEING
Status: QUEUEING
Status: QUEUEING
Status: RUNNING
Status: RUNNING
Status: RUNNING
Status: RUNNING
Status: RUNNING
Status: RUNNING
Status: RUNNING
Status: RUNNING
Status: RUNNING
Status: RUNNING
Status: RUNNING
Status: RUNNING
Status: RUNNING
Status: RUNNING
Status: RUNNING
Status: RUNNING
Status: RUNNING
Status: RUNNING
Status: RUNNING
Status: RUNNING
Status: RUNNING
Status: RUNNING
Status: RUNNING
Status: RUNNING
Status: RUNNING
Status: RUNNING
Status: RUNNING
Status: RUNNING
Status: RUNNING
Status: RUNNING
Status: RUNNING
Status: RUNNING
Status: RUNNING
Status: RUNNING
Status: RUNNING
Status: RUNNING
Status: RUNNING
Status: RUNNING
Status: RUNNING
Status: RUNNING
Status: RUNNING
Status: RUNNING
Status: RUNNING
Status: RUNNING
Status: RUNNING
Status: RUNNING
Status: RUNNING
Status: RUNNING
Status: RUNNING
Status: RUNNING
Status: RUNNING
Status: RUNNING
Status: RUNNING
Status: RUNNING
Status: RUNNING
Status: RUNNING
Status: RUNNING
Status: RUNNING
Status: COMPLETED
QMEANDisCo: 0.7963
Mutating chain A, position 27: LYS -> CYS
Submitted ./1UBQ_Results/1.pdb
Checking: https://swissmodel.expasy.org/qmean/CTSW6X.json
Status: QUEUEING
Status: QUEUEING
Status: QUEUEING
Status: QUEUEING
Status: QUEUEING
Status: QUEUEING
Status: QUEUEING
Status: RUNNING
Status: RUNNING
Status: RUNNING
Status: RUNNING
Status: RUNNING
Status: RUNNING
Status: RUNNING
Status: RUNNING
Status: RUNNING
Status: RUNNING
Status: RUNNING
Status: RUNNING
Status: RUNNING
Status: RUNNING
Status: RUNNING
Status: RUNNING
Status: RUNNING
Status: RUNNING
Status: RUNNING
Status: RUNNING
Status: RUNNING
Status: RUNNING
Status: RUNNING
Status: RUNNING
Status: RUNNING
Status: RUNNING
Status: RUNNING
Status: RUNNING
Status: RUNNING
Status: RUNNING
Status: RUNNING
Status: RUNNING
Status: RUNNING
Status: RUNNING
Status: RUNNING
Status: RUNNING
Status: RUNNING
Status: RUNNING
Status: RUNNING
Status: RUNNING
Status: RUNNING
Status: RUNNING
Status: RUNNING
Status: RUNNING
Status: RUNNING
Status: RUNNING
Status: RUNNING
Status: RUNNING
Status: RUNNING
Status: RUNNING
Status: RUNNING
Status: RUNNING
Status: RUNNING
Status: RUNNING
Status: RUNNING
Status: RUNNING
Status: RUNNING
Status: RUNNING
Status: RUNNING
Status: COMPLETED
QMEANDisCo: 0.7878
Mutating chain A, position 60: ASN -> GLY
Submitted ./1UBQ_Results/1.pdb
Checking: https://swissmodel.expasy.org/qmean/zp9MM5.json
Status: QUEUEING
Status: QUEUEING
Status: QUEUEING
Status: QUEUEING
Status: QUEUEING
Status: QUEUEING
Status: QUEUEING
Status: RUNNING
Status: RUNNING
Status: RUNNING
Status: RUNNING
Status: RUNNING
Status: RUNNING
Status: RUNNING
Status: RUNNING
Status: RUNNING
Status: RUNNING
Status: RUNNING
Status: RUNNING
Status: RUNNING
Status: RUNNING
Status: RUNNING
Status: RUNNING
Status: RUNNING
Status: RUNNING
Status: RUNNING
Status: RUNNING
Status: RUNNING
Status: RUNNING
Status: RUNNING
Status: RUNNING
Status: RUNNING
Status: RUNNING
Status: RUNNING
Status: RUNNING
Status: RUNNING
Status: RUNNING
Status: RUNNING
Status: RUNNING
Status: RUNNING
Status: RUNNING
Status: RUNNING
Status: RUNNING
Status: RUNNING
Status: RUNNING
Status: RUNNING
Status: RUNNING
Status: RUNNING
Status: RUNNING
Status: RUNNING
Status: RUNNING
Status: RUNNING
Status: RUNNING
Status: RUNNING
Status: RUNNING
Status: RUNNING
Status: RUNNING
Status: RUNNING
Status: RUNNING
Status: RUNNING
Status: RUNNING
Status: RUNNING
Status: RUNNING
Status: RUNNING
Status: RUNNING
Status: COMPLETED
QMEANDisCo: 0.7963
Mutating chain A, position 9: THR -> GLN
Submitted ./1UBQ_Results/1.pdb
Checking: https://swissmodel.expasy.org/qmean/sjGcZX.json
Status: QUEUEING
Status: QUEUEING
Status: QUEUEING
Status: QUEUEING
Status: QUEUEING
Status: QUEUEING
Status: QUEUEING
Status: RUNNING
Status: RUNNING
Status: RUNNING
Status: RUNNING
Status: RUNNING
Status: RUNNING
Status: RUNNING
Status: RUNNING
Status: RUNNING
Status: RUNNING
Status: RUNNING
Status: RUNNING
Status: RUNNING
Status: RUNNING
Status: RUNNING
Status: RUNNING
Status: RUNNING
Status: RUNNING
Status: RUNNING
Status: RUNNING
Status: RUNNING
Status: RUNNING
Status: RUNNING
Status: RUNNING
Status: RUNNING
Status: RUNNING
Status: RUNNING
Status: RUNNING
Status: RUNNING
Status: RUNNING
Status: RUNNING
Status: RUNNING
Status: RUNNING
Status: RUNNING
Status: RUNNING
Status: RUNNING
Status: RUNNING
Status: RUNNING
Status: RUNNING
Status: RUNNING
Status: RUNNING
Status: RUNNING
Status: RUNNING
Status: RUNNING
Status: RUNNING
Status: RUNNING
Status: RUNNING
Status: RUNNING
Status: RUNNING
Status: RUNNING
Status: RUNNING
Status: RUNNING
Status: RUNNING
Status: RUNNING
Status: RUNNING
Status: RUNNING
Status: RUNNING
Status: RUNNING
Status: RUNNING
Status: RUNNING
Status: COMPLETED
QMEANDisCo: 0.7886
Mutating chain A, position 59: TYR -> TRP
Submitted ./1UBQ_Results/1.pdb
Checking: https://swissmodel.expasy.org/qmean/2XnHVr.json
Status: QUEUEING
Status: QUEUEING
Status: QUEUEING
Status: QUEUEING
Status: QUEUEING
Status: QUEUEING
Status: QUEUEING
Status: RUNNING
Status: RUNNING
Status: RUNNING
Status: RUNNING
Status: RUNNING
Status: RUNNING
Status: RUNNING
Status: RUNNING
Status: RUNNING
Status: RUNNING
Status: RUNNING
Status: RUNNING
Status: RUNNING
Status: RUNNING
Status: RUNNING
Status: RUNNING
Status: RUNNING
Status: RUNNING
Status: RUNNING
Status: RUNNING
Status: RUNNING
Status: RUNNING
Status: RUNNING
Status: RUNNING
Status: RUNNING
Status: RUNNING
Status: RUNNING
Status: RUNNING
Status: RUNNING
Status: RUNNING
Status: RUNNING
Status: RUNNING
Status: RUNNING
Status: RUNNING
Status: RUNNING
Status: RUNNING
Status: RUNNING
Status: RUNNING
Status: RUNNING
Status: RUNNING
Status: RUNNING
Status: RUNNING
Status: RUNNING
Status: RUNNING
Status: RUNNING
Status: RUNNING
Status: RUNNING
Status: RUNNING
Status: RUNNING
Status: RUNNING
Status: RUNNING
Status: RUNNING
Status: RUNNING
Status: RUNNING
Status: RUNNING
Status: RUNNING
Status: RUNNING
Status: RUNNING
Status: RUNNING
Status: COMPLETED
QMEANDisCo: 0.7850
Mutating chain A, position 73: LEU -> PRO
Submitted ./1UBQ_Results/1.pdb
Checking: https://swissmodel.expasy.org/qmean/YvnDpv.json
Status: QUEUEING
Status: QUEUEING
Status: QUEUEING
Status: QUEUEING
Status: QUEUEING
Status: QUEUEING
Status: QUEUEING
Status: RUNNING
Status: RUNNING
Status: RUNNING
Status: RUNNING
Status: RUNNING
Status: RUNNING
Status: RUNNING
Status: RUNNING
Status: RUNNING
Status: RUNNING
Status: RUNNING
Status: RUNNING
Status: RUNNING
Status: RUNNING
Status: RUNNING
Status: RUNNING
Status: RUNNING
Status: RUNNING
Status: RUNNING
Status: RUNNING
Status: RUNNING
Status: RUNNING
Status: RUNNING
Status: RUNNING
Status: RUNNING
Status: RUNNING
Status: RUNNING
Status: RUNNING
Status: RUNNING
Status: RUNNING
Status: RUNNING
Status: RUNNING
Status: RUNNING
Status: RUNNING
Status: RUNNING
Status: RUNNING
Status: RUNNING
Status: RUNNING
Status: RUNNING
Status: RUNNING
Status: RUNNING
Status: RUNNING
Status: RUNNING
Status: RUNNING
Status: RUNNING
Status: RUNNING
Status: RUNNING
Status: RUNNING
Status: RUNNING
Status: RUNNING
Status: RUNNING
Status: RUNNING
Status: RUNNING
Status: RUNNING
Status: RUNNING
Status: RUNNING
Status: RUNNING
Status: RUNNING
Status: RUNNING
Status: COMPLETED
QMEANDisCo: 0.7924
Mutating chain A, position 70: VAL -> HIS
Submitted ./1UBQ_Results/1.pdb
Checking: https://swissmodel.expasy.org/qmean/vHqJ8g.json
Status: QUEUEING
Status: QUEUEING
Status: QUEUEING
Status: QUEUEING
Status: QUEUEING
Status: QUEUEING
Status: QUEUEING
Status: RUNNING
Status: RUNNING
Status: RUNNING
Status: RUNNING
Status: RUNNING
Status: RUNNING
Status: RUNNING
Status: RUNNING
Status: RUNNING
Status: RUNNING
Status: RUNNING
Status: RUNNING
Status: RUNNING
Status: RUNNING
Status: RUNNING
Status: RUNNING
Status: RUNNING
Status: RUNNING
Status: RUNNING
Status: RUNNING
Status: RUNNING
Status: RUNNING
Status: RUNNING
Status: RUNNING
Status: RUNNING
Status: RUNNING
Status: RUNNING
Status: RUNNING
Status: RUNNING
Status: RUNNING
Status: RUNNING
Status: RUNNING
Status: RUNNING
Status: RUNNING
Status: RUNNING
Status: RUNNING
Status: RUNNING
Status: RUNNING
Status: RUNNING
Status: RUNNING
Status: RUNNING
Status: RUNNING
Status: RUNNING
Status: RUNNING
Status: RUNNING
Status: RUNNING
Status: RUNNING
Status: RUNNING
Status: RUNNING
Status: RUNNING
Status: RUNNING
Status: RUNNING
Status: RUNNING
Status: RUNNING
Status: RUNNING
Status: RUNNING
Status: RUNNING
Status: RUNNING
Status: COMPLETED
QMEANDisCo: 0.7935
Mutating chain A, position 73: LEU -> LYS
Submitted ./1UBQ_Results/1.pdb
Checking: https://swissmodel.expasy.org/qmean/T3Vmr4.json
Status: QUEUEING
Status: QUEUEING
Status: QUEUEING
Status: QUEUEING
Status: QUEUEING
Status: QUEUEING
Status: QUEUEING
Status: RUNNING
Status: RUNNING
Status: RUNNING
Status: RUNNING
Status: RUNNING
Status: RUNNING
Status: RUNNING
Status: RUNNING
Status: RUNNING
Status: RUNNING
Status: RUNNING
Status: RUNNING
Status: RUNNING
Status: RUNNING
Status: RUNNING
Status: RUNNING
Status: RUNNING
Status: RUNNING
Status: RUNNING
Status: RUNNING
Status: RUNNING
Status: RUNNING
Status: RUNNING
Status: RUNNING
Status: RUNNING
Status: RUNNING
Status: RUNNING
Status: RUNNING
Status: RUNNING
Status: RUNNING
Status: RUNNING
Status: RUNNING
Status: RUNNING
Status: RUNNING
Status: RUNNING
Status: RUNNING
Status: RUNNING
Status: RUNNING
Status: RUNNING
Status: RUNNING
Status: RUNNING
Status: RUNNING
Status: RUNNING
Status: RUNNING
Status: RUNNING
Status: RUNNING
Status: RUNNING
Status: RUNNING
Status: RUNNING
Status: RUNNING
Status: RUNNING
Status: RUNNING
Status: RUNNING
Status: RUNNING
Status: RUNNING
Status: RUNNING
Status: RUNNING
Status: RUNNING
Status: RUNNING
Status: RUNNING
Status: COMPLETED
QMEANDisCo: 0.7898
Mutating chain A, position 1: MET -> THR
Submitted ./1UBQ_Results/1.pdb
Checking: https://swissmodel.expasy.org/qmean/efmhmY.json
Status: QUEUEING
Status: QUEUEING
Status: QUEUEING
Status: QUEUEING
Status: QUEUEING
Status: QUEUEING
Status: QUEUEING
Status: QUEUEING
Status: RUNNING
Status: RUNNING
Status: RUNNING
Status: RUNNING
Status: RUNNING
Status: RUNNING
Status: RUNNING
Status: RUNNING
Status: RUNNING
Status: RUNNING
Status: RUNNING
Status: RUNNING
Status: RUNNING
Status: RUNNING
Status: RUNNING
Status: RUNNING
Status: RUNNING
Status: RUNNING
Status: RUNNING
Status: RUNNING
Status: RUNNING
Status: RUNNING
Status: RUNNING
Status: RUNNING
Status: RUNNING
Status: RUNNING
Status: RUNNING
Status: RUNNING
Status: RUNNING
Status: RUNNING
Status: RUNNING
Status: RUNNING
Status: RUNNING
Status: RUNNING
Status: RUNNING
Status: RUNNING
Status: RUNNING
Status: RUNNING
Status: RUNNING
Status: RUNNING
Status: RUNNING
Status: RUNNING
Status: RUNNING
Status: RUNNING
Status: RUNNING
Status: RUNNING
Status: RUNNING
Status: RUNNING
Status: RUNNING
Status: RUNNING
Status: RUNNING
Status: RUNNING
Status: RUNNING
Status: RUNNING
Status: RUNNING
Status: RUNNING
Status: RUNNING
Status: RUNNING
Status: RUNNING
Status: COMPLETED
QMEANDisCo: 0.7939
Mutating chain A, position 43: LEU -> CYS
Submitted ./1UBQ_Results/1.pdb
Checking: https://swissmodel.expasy.org/qmean/bST82A.json
Status: QUEUEING
Status: QUEUEING
Status: QUEUEING
Status: QUEUEING
Status: QUEUEING
Status: QUEUEING
Status: QUEUEING
Status: QUEUEING
Status: RUNNING
Status: RUNNING
Status: RUNNING
Status: RUNNING
Status: RUNNING
Status: RUNNING
Status: RUNNING
Status: RUNNING
Status: RUNNING
Status: RUNNING
Status: RUNNING
Status: RUNNING
Status: RUNNING
Status: RUNNING
Status: RUNNING
Status: RUNNING
Status: RUNNING
Status: RUNNING
Status: RUNNING
Status: RUNNING
Status: RUNNING
Status: RUNNING
Status: RUNNING
Status: RUNNING
Status: RUNNING
Status: RUNNING
Status: RUNNING
Status: RUNNING
Status: RUNNING
Status: RUNNING
Status: RUNNING
Status: RUNNING
Status: RUNNING
Status: RUNNING
Status: RUNNING
Status: RUNNING
Status: RUNNING
Status: RUNNING
Status: RUNNING
Status: RUNNING
Status: RUNNING
Status: RUNNING
Status: RUNNING
Status: RUNNING
Status: RUNNING
Status: RUNNING
Status: RUNNING
Status: RUNNING
Status: RUNNING
Status: RUNNING
Status: RUNNING
Status: RUNNING
Status: RUNNING
Status: RUNNING
Status: RUNNING
Status: RUNNING
Status: RUNNING
Status: RUNNING
Status: RUNNING
Status: RUNNING
Status: COMPLETED
QMEANDisCo: 0.7891
Mutating chain A, position 55: THR -> PRO
Submitted ./1UBQ_Results/1.pdb
Checking: https://swissmodel.expasy.org/qmean/GLdcpS.json
Status: QUEUEING
Status: QUEUEING
Status: QUEUEING
Status: QUEUEING
Status: QUEUEING
Status: QUEUEING
Status: QUEUEING
Status: RUNNING
Status: RUNNING
Status: RUNNING
Status: RUNNING
Status: RUNNING
Status: RUNNING
Status: RUNNING
Status: RUNNING
Status: RUNNING
Status: RUNNING
Status: RUNNING
Status: RUNNING
Status: RUNNING
Status: RUNNING
Status: RUNNING
Status: RUNNING
Status: RUNNING
Status: RUNNING
Status: RUNNING
Status: RUNNING
Status: RUNNING
Status: RUNNING
Status: RUNNING
Status: RUNNING
Status: RUNNING
Status: RUNNING
Status: RUNNING
Status: RUNNING
Status: RUNNING
Status: RUNNING
Status: RUNNING
Status: RUNNING
Status: RUNNING
Status: RUNNING
Status: RUNNING
Status: RUNNING
Status: RUNNING
Status: RUNNING
Status: RUNNING
Status: RUNNING
Status: RUNNING
Status: RUNNING
Status: RUNNING
Status: RUNNING
Status: RUNNING
Status: RUNNING
Status: RUNNING
Status: RUNNING
Status: RUNNING
Status: RUNNING
Status: RUNNING
Status: RUNNING
Status: RUNNING
Status: RUNNING
Status: RUNNING
Status: RUNNING
Status: RUNNING
Status: RUNNING
Status: COMPLETED
QMEANDisCo: 0.7944
Mutating chain A, position 58: ASP -> ALA
Submitted ./1UBQ_Results/1.pdb
Checking: https://swissmodel.expasy.org/qmean/tHAsZ6.json
Status: QUEUEING
Status: QUEUEING
Status: QUEUEING
Status: QUEUEING
Status: QUEUEING
Status: QUEUEING
Status: QUEUEING
Status: RUNNING
Status: RUNNING
Status: RUNNING
Status: RUNNING
Status: RUNNING
Status: RUNNING
Status: RUNNING
Status: RUNNING
Status: RUNNING
Status: RUNNING
Status: RUNNING
Status: RUNNING
Status: RUNNING
Status: RUNNING
Status: RUNNING
Status: RUNNING
Status: RUNNING
Status: RUNNING
Status: RUNNING
Status: RUNNING
Status: RUNNING
Status: RUNNING
Status: RUNNING
Status: RUNNING
Status: RUNNING
Status: RUNNING
Status: RUNNING
Status: RUNNING
Status: RUNNING
Status: RUNNING
Network error: 504 Server Error: Gateway Timeout for url: https://swissmodel.expasy.org/qmean/tHAsZ6.json
Retrying in 10 seconds...
Status: COMPLETED
QMEANDisCo: 0.7938
Mutating chain A, position 30: ILE -> PRO
Submitted ./1UBQ_Results/1.pdb
Checking: https://swissmodel.expasy.org/qmean/swNUfp.json
Status: QUEUEING
Status: QUEUEING
Status: QUEUEING
Status: QUEUEING
Status: QUEUEING
Status: QUEUEING
Status: QUEUEING
Status: RUNNING
Status: RUNNING
Status: RUNNING
Status: RUNNING
Status: RUNNING
Status: RUNNING
Status: RUNNING
Status: RUNNING
Status: RUNNING
Status: RUNNING
Status: RUNNING
Status: RUNNING
Status: RUNNING
Status: RUNNING
Status: RUNNING
Status: RUNNING
Status: RUNNING
Status: RUNNING
Status: RUNNING
Status: RUNNING
Status: RUNNING
Status: RUNNING
Status: RUNNING
Status: RUNNING
Status: RUNNING
Status: RUNNING
Status: RUNNING
Status: RUNNING
Status: RUNNING
Status: RUNNING
Status: RUNNING
Status: RUNNING
Status: RUNNING
Status: RUNNING
Status: RUNNING
Status: RUNNING
Status: RUNNING
Status: RUNNING
Status: RUNNING
Status: RUNNING
Status: RUNNING
Status: RUNNING
Status: RUNNING
Status: RUNNING
Status: RUNNING
Status: RUNNING
Status: RUNNING
Status: RUNNING
Status: RUNNING
Status: RUNNING
Status: RUNNING
Status: RUNNING
Status: RUNNING
Status: RUNNING
Status: RUNNING
Status: RUNNING
Status: RUNNING
Status: RUNNING
Status: RUNNING
Status: RUNNING
Status: COMPLETED
QMEANDisCo: 0.8023
Mutating chain A, position 62: GLN -> GLY
Submitted ./1UBQ_Results/1.pdb
Checking: https://swissmodel.expasy.org/qmean/YAf3Qx.json
Status: QUEUEING
Status: QUEUEING
Status: QUEUEING
Status: QUEUEING
Status: QUEUEING
Status: QUEUEING
Status: QUEUEING
Status: QUEUEING
Status: RUNNING
Status: RUNNING
Status: RUNNING
Status: RUNNING
Status: RUNNING
Status: RUNNING
Status: RUNNING
Status: RUNNING
Status: RUNNING
Status: RUNNING
Status: RUNNING
Status: RUNNING
Status: RUNNING
Status: RUNNING
Status: RUNNING
Status: RUNNING
Status: RUNNING
Status: RUNNING
Status: RUNNING
Status: RUNNING
Status: RUNNING
Status: RUNNING
Status: RUNNING
Status: RUNNING
Status: RUNNING
Status: RUNNING
Status: RUNNING
Status: RUNNING
Status: RUNNING
Status: RUNNING
Status: RUNNING
Status: RUNNING
Status: RUNNING
Status: RUNNING
Status: RUNNING
Status: RUNNING
Status: RUNNING
Status: RUNNING
Status: RUNNING
Status: RUNNING
Status: RUNNING
Status: RUNNING
Status: RUNNING
Status: RUNNING
Status: RUNNING
Status: RUNNING
Status: RUNNING
Status: RUNNING
Status: RUNNING
Status: RUNNING
Status: RUNNING
Status: RUNNING
Status: RUNNING
Status: RUNNING
Status: RUNNING
Status: RUNNING
Status: RUNNING
Status: RUNNING
Status: COMPLETED
QMEANDisCo: 0.7985
Mutating chain A, position 19: PRO -> MET
Submitted ./1UBQ_Results/1.pdb
Checking: https://swissmodel.expasy.org/qmean/BJCbpG.json
Status: QUEUEING
Status: QUEUEING
Status: QUEUEING
Status: QUEUEING
Status: QUEUEING
Status: QUEUEING
Status: QUEUEING
Status: RUNNING
Status: RUNNING
Status: RUNNING
Status: RUNNING
Status: RUNNING
Status: RUNNING
Status: RUNNING
Status: RUNNING
Status: RUNNING
Status: RUNNING
Status: RUNNING
Status: RUNNING
Status: RUNNING
Status: RUNNING
Status: RUNNING
Status: RUNNING
Status: RUNNING
Status: RUNNING
Status: RUNNING
Status: RUNNING
Status: RUNNING
Status: RUNNING
Status: RUNNING
Status: RUNNING
Status: RUNNING
Status: RUNNING
Status: RUNNING
Status: RUNNING
Status: RUNNING
Status: RUNNING
Status: RUNNING
Status: RUNNING
Status: RUNNING
Status: RUNNING
Status: RUNNING
Status: RUNNING
Status: RUNNING
Status: RUNNING
Status: RUNNING
Status: RUNNING
Status: RUNNING
Status: RUNNING
Status: RUNNING
Status: RUNNING
Status: RUNNING
Status: RUNNING
Status: RUNNING
Status: RUNNING
Status: RUNNING
Status: RUNNING
Status: RUNNING
Status: RUNNING
Status: RUNNING
Status: RUNNING
Status: RUNNING
Status: RUNNING
Status: RUNNING
Status: RUNNING
Status: RUNNING
Status: COMPLETED
QMEANDisCo: 0.7920
Mutating chain A, position 52: ASP -> MET
Submitted ./1UBQ_Results/1.pdb
Checking: https://swissmodel.expasy.org/qmean/yKvEdr.json
Status: QUEUEING
Status: QUEUEING
Status: QUEUEING
Status: QUEUEING
Status: QUEUEING
Status: QUEUEING
Status: QUEUEING
Status: RUNNING
Status: RUNNING
Status: RUNNING
Status: RUNNING
Status: RUNNING
Status: RUNNING
Status: RUNNING
Status: RUNNING
Status: RUNNING
Status: RUNNING
Status: RUNNING
Status: RUNNING
Status: RUNNING
Status: RUNNING
Status: RUNNING
Status: RUNNING
Status: RUNNING
Status: RUNNING
Status: RUNNING
Status: RUNNING
Status: RUNNING
Status: RUNNING
Status: RUNNING
Status: RUNNING
Status: RUNNING
Status: RUNNING
Status: RUNNING
Status: RUNNING
Status: RUNNING
Status: RUNNING
Status: RUNNING
Status: RUNNING
Status: RUNNING
Status: RUNNING
Status: RUNNING
Status: RUNNING
Status: RUNNING
Status: RUNNING
Status: RUNNING
Status: RUNNING
Status: RUNNING
Status: RUNNING
Status: RUNNING
Status: RUNNING
Status: RUNNING
Status: RUNNING
Status: RUNNING
Status: RUNNING
Status: RUNNING
Status: RUNNING
Status: RUNNING
Status: RUNNING
Status: RUNNING
Status: RUNNING
Status: RUNNING
Status: RUNNING
Status: RUNNING
Status: RUNNING
Status: RUNNING
Status: RUNNING
Status: COMPLETED
QMEANDisCo: 0.7957
Mutating chain A, position 41: GLN -> TYR
Submitted ./1UBQ_Results/1.pdb
Checking: https://swissmodel.expasy.org/qmean/PqMY9S.json
Status: QUEUEING
Status: QUEUEING
Status: QUEUEING
Status: QUEUEING
Status: QUEUEING
Status: QUEUEING
Status: QUEUEING
Status: RUNNING
Status: RUNNING
Status: RUNNING
Status: RUNNING
Status: RUNNING
Status: RUNNING
Status: RUNNING
Status: RUNNING
Status: RUNNING
Status: RUNNING
Status: RUNNING
Status: RUNNING
Status: RUNNING
Status: RUNNING
Status: RUNNING
Status: RUNNING
Status: RUNNING
Status: RUNNING
Status: RUNNING
Status: RUNNING
Status: RUNNING
Status: RUNNING
Status: RUNNING
Status: RUNNING
Status: RUNNING
Status: RUNNING
Status: RUNNING
Status: RUNNING
Status: RUNNING
Status: RUNNING
Status: RUNNING
Status: RUNNING
Status: RUNNING
Status: RUNNING
Status: RUNNING
Status: RUNNING
Status: RUNNING
Status: RUNNING
Status: RUNNING
Status: RUNNING
Status: RUNNING
Status: RUNNING
Status: RUNNING
Status: RUNNING
Status: RUNNING
Status: RUNNING
Status: RUNNING
Status: RUNNING
Status: RUNNING
Status: RUNNING
Status: RUNNING
Status: RUNNING
Status: RUNNING
Status: RUNNING
Status: RUNNING
Status: RUNNING
Status: RUNNING
Status: RUNNING
Status: RUNNING
Status: RUNNING
Status: COMPLETED
QMEANDisCo: 0.7723
Mutating chain A, position 12: THR -> HIS
Submitted ./1UBQ_Results/1.pdb
Checking: https://swissmodel.expasy.org/qmean/5M7HdG.json
Status: QUEUEING
Status: QUEUEING
Status: QUEUEING
Status: QUEUEING
Status: QUEUEING
Status: QUEUEING
Status: QUEUEING
Status: RUNNING
Status: RUNNING
Status: RUNNING
Status: RUNNING
Status: RUNNING
Status: RUNNING
Status: RUNNING
Status: RUNNING
Status: RUNNING
Status: RUNNING
Status: RUNNING
Status: RUNNING
Status: RUNNING
Status: RUNNING
Status: RUNNING
Status: RUNNING
Status: RUNNING
Status: RUNNING
Status: RUNNING
Status: RUNNING
Status: RUNNING
Status: RUNNING
Status: RUNNING
Status: RUNNING
Status: RUNNING
Status: RUNNING
Status: RUNNING
Status: RUNNING
Status: RUNNING
Status: RUNNING
Status: RUNNING
Status: RUNNING
Status: RUNNING
Status: RUNNING
Status: RUNNING
Status: RUNNING
Status: RUNNING
Status: RUNNING
Status: RUNNING
Status: RUNNING
Status: RUNNING
Status: RUNNING
Status: RUNNING
Status: RUNNING
Status: RUNNING
Status: RUNNING
Status: RUNNING
Status: RUNNING
Status: RUNNING
Status: RUNNING
Status: RUNNING
Status: RUNNING
Status: RUNNING
Status: RUNNING
Status: RUNNING
Status: RUNNING
Status: RUNNING
Status: RUNNING
Status: RUNNING
Status: COMPLETED
QMEANDisCo: 0.7858
Mutating chain A, position 46: ALA -> GLY
Submitted ./1UBQ_Results/1.pdb
Checking: https://swissmodel.expasy.org/qmean/MHqvuj.json
Status: QUEUEING
Status: QUEUEING
Status: QUEUEING
Status: QUEUEING
Status: QUEUEING
Status: QUEUEING
Status: QUEUEING
Status: QUEUEING
Status: RUNNING
Status: RUNNING
Status: RUNNING
Status: RUNNING
Status: RUNNING
Status: RUNNING
Status: RUNNING
Status: RUNNING
Status: RUNNING
Status: RUNNING
Status: RUNNING
Status: RUNNING
Status: RUNNING
Status: RUNNING
Status: RUNNING
Status: RUNNING
Status: RUNNING
Status: RUNNING
Status: RUNNING
Status: RUNNING
Status: RUNNING
Status: RUNNING
Status: RUNNING
Status: RUNNING
Status: RUNNING
Status: RUNNING
Status: RUNNING
Status: RUNNING
Status: RUNNING
Status: RUNNING
Status: RUNNING
Status: RUNNING
Status: RUNNING
Status: RUNNING
Status: RUNNING
Status: RUNNING
Status: RUNNING
Status: RUNNING
Status: RUNNING
Status: RUNNING
Status: RUNNING
Status: RUNNING
Status: RUNNING
Status: RUNNING
Status: RUNNING
Status: RUNNING
Status: RUNNING
Status: RUNNING
Status: RUNNING
Status: RUNNING
Status: RUNNING
Status: RUNNING
Status: RUNNING
Status: RUNNING
Status: RUNNING
Status: RUNNING
Status: RUNNING
Status: RUNNING
Status: COMPLETED
QMEANDisCo: 0.7997
Mutating chain A, position 59: TYR -> MET
Submitted ./1UBQ_Results/1.pdb
Checking: https://swissmodel.expasy.org/qmean/Z63ktz.json
Status: QUEUEING
Status: QUEUEING
Status: QUEUEING
Status: QUEUEING
Status: QUEUEING
Status: QUEUEING
Status: QUEUEING
Status: QUEUEING
Status: RUNNING
Status: RUNNING
Status: RUNNING
Status: RUNNING
Status: RUNNING
Status: RUNNING
Status: RUNNING
Status: RUNNING
Status: RUNNING
Status: RUNNING
Status: RUNNING
Status: RUNNING
Status: RUNNING
Status: RUNNING
Status: RUNNING
Status: RUNNING
Status: RUNNING
Status: RUNNING
Status: RUNNING
Status: RUNNING
Status: RUNNING
Status: RUNNING
Status: RUNNING
Status: RUNNING
Status: RUNNING
Status: RUNNING
Status: RUNNING
Status: RUNNING
Status: RUNNING
Status: RUNNING
Status: RUNNING
Status: RUNNING
Status: RUNNING
Status: RUNNING
Status: RUNNING
Status: RUNNING
Status: RUNNING
Status: RUNNING
Status: RUNNING
Status: RUNNING
Status: RUNNING
Status: RUNNING
Status: RUNNING
Status: RUNNING
Status: RUNNING
Status: RUNNING
Status: RUNNING
Status: RUNNING
Status: RUNNING
Status: RUNNING
Status: RUNNING
Status: RUNNING
Status: RUNNING
Status: RUNNING
Status: RUNNING
Status: RUNNING
Status: RUNNING
Status: RUNNING
Status: COMPLETED
QMEANDisCo: 0.7924
Mutating chain A, position 75: GLY -> LYS
Submitted ./1UBQ_Results/1.pdb
Checking: https://swissmodel.expasy.org/qmean/27EQxW.json
Status: QUEUEING
Status: QUEUEING
Status: QUEUEING
Status: QUEUEING
Status: QUEUEING
Status: QUEUEING
Status: QUEUEING
Status: RUNNING
Status: RUNNING
Status: RUNNING
Status: RUNNING
Status: RUNNING
Status: RUNNING
Status: RUNNING
Status: RUNNING
Status: RUNNING
Status: RUNNING
Status: RUNNING
Status: RUNNING
Status: RUNNING
Status: RUNNING
Status: RUNNING
Status: RUNNING
Status: RUNNING
Status: RUNNING
Status: RUNNING
Status: RUNNING
Status: RUNNING
Status: RUNNING
Status: RUNNING
Status: RUNNING
Status: RUNNING
Status: RUNNING
Status: RUNNING
Status: RUNNING
Status: RUNNING
Status: RUNNING
Status: RUNNING
Status: RUNNING
Status: RUNNING
Status: RUNNING
Status: RUNNING
Status: RUNNING
Status: RUNNING
Status: RUNNING
Status: RUNNING
Status: RUNNING
Status: RUNNING
Status: RUNNING
Status: RUNNING
Status: RUNNING
Status: RUNNING
Status: RUNNING
Status: RUNNING
Status: RUNNING
Status: RUNNING
Status: RUNNING
Status: RUNNING
Status: RUNNING
Status: RUNNING
Status: RUNNING
Status: RUNNING
Status: RUNNING
Status: RUNNING
Status: RUNNING
Status: RUNNING
Status: COMPLETED
QMEANDisCo: 0.7948
Mutating chain A, position 18: GLU -> ILE
Submitted ./1UBQ_Results/1.pdb
Checking: https://swissmodel.expasy.org/qmean/FZ7YMF.json
Status: QUEUEING
Status: QUEUEING
Status: QUEUEING
Status: QUEUEING
Status: QUEUEING
Status: QUEUEING
Status: QUEUEING
Status: RUNNING
Status: RUNNING
Status: RUNNING
Status: RUNNING
Status: RUNNING
Status: RUNNING
Status: RUNNING
Status: RUNNING
Status: RUNNING
Status: RUNNING
Status: RUNNING
Status: RUNNING
Status: RUNNING
Status: RUNNING
Status: RUNNING
Status: RUNNING
Status: RUNNING
Status: RUNNING
Status: RUNNING
Status: RUNNING
Status: RUNNING
Status: RUNNING
Status: RUNNING
Status: RUNNING
Status: RUNNING
Status: RUNNING
Status: RUNNING
Status: RUNNING
Status: RUNNING
Status: RUNNING
Status: RUNNING
Status: RUNNING
Status: RUNNING
Status: RUNNING
Status: RUNNING
Status: RUNNING
Status: RUNNING
Status: RUNNING
Status: RUNNING
Status: RUNNING
Status: RUNNING
Status: RUNNING
Status: RUNNING
Status: RUNNING
Status: RUNNING
Status: RUNNING
Status: RUNNING
Status: RUNNING
Status: RUNNING
Status: RUNNING
Status: RUNNING
Status: RUNNING
Status: RUNNING
Status: RUNNING
Status: RUNNING
Status: RUNNING
Status: RUNNING
Status: RUNNING
Status: RUNNING
Status: RUNNING
Status: COMPLETED
QMEANDisCo: 0.8015
Mutating chain A, position 34: GLU -> LYS
Submitted ./1UBQ_Results/1.pdb
Checking: https://swissmodel.expasy.org/qmean/eBa2jF.json
Status: QUEUEING
Status: QUEUEING
Status: QUEUEING
Status: QUEUEING
Status: QUEUEING
Status: QUEUEING
Status: QUEUEING
Status: RUNNING
Status: RUNNING
Status: RUNNING
Status: RUNNING
Status: RUNNING
Status: RUNNING
Status: RUNNING
Status: RUNNING
Status: RUNNING
Status: RUNNING
Status: RUNNING
Status: RUNNING
Status: RUNNING
Status: RUNNING
Status: RUNNING
Status: RUNNING
Status: RUNNING
Status: RUNNING
Status: RUNNING
Status: RUNNING
Status: RUNNING
Status: RUNNING
Status: RUNNING
Status: RUNNING
Status: RUNNING
Status: RUNNING
Status: RUNNING
Status: RUNNING
Status: RUNNING
Status: RUNNING
Status: RUNNING
Status: RUNNING
Status: RUNNING
Status: RUNNING
Status: RUNNING
Status: RUNNING
Status: RUNNING
Status: RUNNING
Status: RUNNING
Status: RUNNING
Status: RUNNING
Status: RUNNING
Status: RUNNING
Status: RUNNING
Status: RUNNING
Status: RUNNING
Status: RUNNING
Status: RUNNING
Status: RUNNING
Status: RUNNING
Status: RUNNING
Status: RUNNING
Status: RUNNING
Status: RUNNING
Status: RUNNING
Status: RUNNING
Status: RUNNING
Status: RUNNING
Status: COMPLETED
QMEANDisCo: 0.7985
Mutating chain A, position 14: THR -> PHE
Submitted ./1UBQ_Results/1.pdb
Checking: https://swissmodel.expasy.org/qmean/AbXtQg.json
Status: QUEUEING
Status: QUEUEING
Status: QUEUEING
Status: QUEUEING
Status: QUEUEING
Status: QUEUEING
Status: QUEUEING
Status: QUEUEING
Status: RUNNING
Status: RUNNING
Status: RUNNING
Status: RUNNING
Status: RUNNING
Status: RUNNING
Status: RUNNING
Status: RUNNING
Status: RUNNING
Status: RUNNING
Status: RUNNING
Status: RUNNING
Status: RUNNING
Status: RUNNING
Status: RUNNING
Status: RUNNING
Status: RUNNING
Status: RUNNING
Status: RUNNING
Status: RUNNING
Status: RUNNING
Status: RUNNING
Status: RUNNING
Status: RUNNING
Status: RUNNING
Status: RUNNING
Status: RUNNING
Status: RUNNING
Status: RUNNING
Status: RUNNING
Status: RUNNING
Status: RUNNING
Status: RUNNING
Status: RUNNING
Status: RUNNING
Status: RUNNING
Status: RUNNING
Status: RUNNING
Status: RUNNING
Status: RUNNING
Status: RUNNING
Status: RUNNING
Status: RUNNING
Status: RUNNING
Status: RUNNING
Status: RUNNING
Status: RUNNING
Status: RUNNING
Status: RUNNING
Status: RUNNING
Status: RUNNING
Status: RUNNING
Status: RUNNING
Status: RUNNING
Status: RUNNING
Status: RUNNING
Status: RUNNING
Status: RUNNING
Status: RUNNING
Status: COMPLETED
QMEANDisCo: 0.7929
Mutating chain A, position 33: LYS -> CYS
Submitted ./1UBQ_Results/1.pdb
Checking: https://swissmodel.expasy.org/qmean/xRm73A.json
Status: QUEUEING
Status: QUEUEING
Status: QUEUEING
Status: QUEUEING
Status: QUEUEING
Status: QUEUEING
Status: QUEUEING
Status: RUNNING
Status: RUNNING
Status: RUNNING
Status: RUNNING
Status: RUNNING
Status: RUNNING
Status: RUNNING
Status: RUNNING
Status: RUNNING
Status: RUNNING
Status: RUNNING
Status: RUNNING
Status: RUNNING
Status: RUNNING
Status: RUNNING
Status: RUNNING
Status: RUNNING
Status: RUNNING
Status: RUNNING
Status: RUNNING
Status: RUNNING
Status: RUNNING
Status: RUNNING
Status: RUNNING
Status: RUNNING
Status: RUNNING
Status: RUNNING
Status: RUNNING
Status: RUNNING
Status: RUNNING
Status: RUNNING
Status: RUNNING
Status: RUNNING
Status: RUNNING
Status: RUNNING
Status: RUNNING
Status: RUNNING
Status: RUNNING
Status: RUNNING
Status: RUNNING
Status: RUNNING
Status: RUNNING
Status: RUNNING
Status: RUNNING
Status: RUNNING
Status: RUNNING
Status: RUNNING
Status: RUNNING
Status: RUNNING
Status: RUNNING
Status: RUNNING
Status: RUNNING
Status: RUNNING
Status: RUNNING
Status: RUNNING
Status: RUNNING
Status: RUNNING
Status: RUNNING
Status: COMPLETED
QMEANDisCo: 0.8056
Mutating chain A, position 35: GLY -> LYS
Submitted ./1UBQ_Results/1.pdb
Checking: https://swissmodel.expasy.org/qmean/GrqwjU.json
Status: QUEUEING
Status: QUEUEING
Status: QUEUEING
Status: QUEUEING
Status: QUEUEING
Status: QUEUEING
Status: QUEUEING
Status: QUEUEING
Status: RUNNING
Status: RUNNING
Status: RUNNING
Status: RUNNING
Status: RUNNING
Status: RUNNING
Status: RUNNING
Status: RUNNING
Status: RUNNING
Status: RUNNING
Status: RUNNING
Status: RUNNING
Status: RUNNING
Status: RUNNING
Status: RUNNING
Status: RUNNING
Status: RUNNING
Status: RUNNING
Status: RUNNING
Status: RUNNING
Status: RUNNING
Status: RUNNING
Status: RUNNING
Status: RUNNING
Status: RUNNING
Status: RUNNING
Status: RUNNING
Status: RUNNING
Status: RUNNING
Status: RUNNING
Status: RUNNING
Status: RUNNING
Status: RUNNING
Status: RUNNING
Status: RUNNING
Status: RUNNING
Status: RUNNING
Status: RUNNING
Status: RUNNING
Status: RUNNING
Status: RUNNING
Status: RUNNING
Status: RUNNING
Status: RUNNING
Status: RUNNING
Status: RUNNING
Status: RUNNING
Status: RUNNING
Status: RUNNING
Status: RUNNING
Status: RUNNING
Status: RUNNING
Status: RUNNING
Status: RUNNING
Status: RUNNING
Status: RUNNING
Status: RUNNING
Status: RUNNING
Status: RUNNING
Status: COMPLETED
QMEANDisCo: 0.7866
Mutating chain A, position 67: LEU -> TRP
Submitted ./1UBQ_Results/1.pdb
Checking: https://swissmodel.expasy.org/qmean/KngwEb.json
Status: QUEUEING
Status: QUEUEING
Status: QUEUEING
Status: QUEUEING
Status: QUEUEING
Status: QUEUEING
Status: QUEUEING
Status: QUEUEING
Status: RUNNING
Status: RUNNING
Status: RUNNING
Status: RUNNING
Status: RUNNING
Status: RUNNING
Status: RUNNING
Status: RUNNING
Status: RUNNING
Status: RUNNING
Status: RUNNING
Status: RUNNING
Status: RUNNING
Status: RUNNING
Status: RUNNING
Status: RUNNING
Status: RUNNING
Status: RUNNING
Status: RUNNING
Status: RUNNING
Status: RUNNING
Status: RUNNING
Status: RUNNING
Status: RUNNING
Status: RUNNING
Status: RUNNING
Status: RUNNING
Status: RUNNING
Status: RUNNING
Status: RUNNING
Status: RUNNING
Status: RUNNING
Status: RUNNING
Status: RUNNING
Status: RUNNING
Status: RUNNING
Status: RUNNING
Status: RUNNING
Status: RUNNING
Status: RUNNING
Status: RUNNING
Status: RUNNING
Status: RUNNING
Status: RUNNING
Status: RUNNING
Status: RUNNING
Status: RUNNING
Status: RUNNING
Status: RUNNING
Status: RUNNING
Status: RUNNING
Status: RUNNING
Status: RUNNING
Status: RUNNING
Status: RUNNING
Status: RUNNING
Status: RUNNING
Status: RUNNING
Status: COMPLETED
QMEANDisCo: 0.7924
Mutating chain A, position 25: ASN -> GLY
Submitted ./1UBQ_Results/1.pdb
Checking: https://swissmodel.expasy.org/qmean/Zsc8JJ.json
Status: QUEUEING
Status: QUEUEING
Status: QUEUEING
Status: QUEUEING
Status: QUEUEING
Status: QUEUEING
Status: QUEUEING
Status: RUNNING
Status: RUNNING
Status: RUNNING
Status: RUNNING
Status: RUNNING
Status: RUNNING
Status: RUNNING
Status: RUNNING
Status: RUNNING
Status: RUNNING
Status: RUNNING
Status: RUNNING
Status: RUNNING
Status: RUNNING
Status: RUNNING
Status: RUNNING
Status: RUNNING
Status: RUNNING
Status: RUNNING
Status: RUNNING
Status: RUNNING
Status: RUNNING
Status: RUNNING
Status: RUNNING
Status: RUNNING
Status: RUNNING
Status: RUNNING
Status: RUNNING
Status: RUNNING
Status: RUNNING
Status: RUNNING
Status: RUNNING
Status: RUNNING
Status: RUNNING
Status: RUNNING
Status: RUNNING
Status: RUNNING
Status: RUNNING
Status: RUNNING
Status: RUNNING
Status: RUNNING
Status: RUNNING
Status: RUNNING
Status: RUNNING
Status: RUNNING
Status: RUNNING
Status: RUNNING
Status: RUNNING
Status: RUNNING
Status: RUNNING
Status: RUNNING
Status: RUNNING
Status: RUNNING
Status: RUNNING
Status: RUNNING
Status: RUNNING
Status: RUNNING
Status: RUNNING
Status: COMPLETED
QMEANDisCo: 0.7951
Mutating chain A, position 48: LYS -> PHE
Submitted ./1UBQ_Results/1.pdb
Checking: https://swissmodel.expasy.org/qmean/aMGvey.json
Status: QUEUEING
Status: QUEUEING
Status: QUEUEING
Status: QUEUEING
Status: QUEUEING
Status: QUEUEING
Status: QUEUEING
Status: RUNNING
Status: RUNNING
Status: RUNNING
Status: RUNNING
Status: RUNNING
Status: RUNNING
Status: RUNNING
Status: RUNNING
Status: RUNNING
Status: RUNNING
Status: RUNNING
Status: RUNNING
Status: RUNNING
Status: RUNNING
Status: RUNNING
Status: RUNNING
Status: RUNNING
Status: RUNNING
Status: RUNNING
Status: RUNNING
Status: RUNNING
Status: RUNNING
Status: RUNNING
Status: RUNNING
Status: RUNNING
Status: RUNNING
Status: RUNNING
Status: RUNNING
Status: RUNNING
Status: RUNNING
Status: RUNNING
Status: RUNNING
Status: RUNNING
Status: RUNNING
Status: RUNNING
Status: RUNNING
Status: RUNNING
Status: RUNNING
Status: RUNNING
Status: RUNNING
Status: RUNNING
Status: RUNNING
Status: RUNNING
Status: RUNNING
Status: RUNNING
Status: RUNNING
Status: RUNNING
Status: RUNNING
Status: RUNNING
Status: RUNNING
Status: RUNNING
Status: RUNNING
Status: RUNNING
Status: RUNNING
Status: RUNNING
Status: RUNNING
Status: RUNNING
Status: RUNNING
Status: RUNNING
Status: COMPLETED
QMEANDisCo: 0.8002
Mutating chain A, position 11: LYS -> SER
Submitted ./1UBQ_Results/1.pdb
Checking: https://swissmodel.expasy.org/qmean/YAVKx4.json
Status: QUEUEING
Status: QUEUEING
Status: QUEUEING
Status: QUEUEING
Status: QUEUEING
Status: QUEUEING
Status: QUEUEING
Status: RUNNING
Status: RUNNING
Status: RUNNING
Status: RUNNING
Status: RUNNING
Status: RUNNING
Status: RUNNING
Status: RUNNING
Status: RUNNING
Status: RUNNING
Status: RUNNING
Status: RUNNING
Status: RUNNING
Status: RUNNING
Status: RUNNING
Status: RUNNING
Status: RUNNING
Status: RUNNING
Status: RUNNING
Status: RUNNING
Status: RUNNING
Status: RUNNING
Status: RUNNING
Status: RUNNING
Status: RUNNING
Status: RUNNING
Status: RUNNING
Status: RUNNING
Status: RUNNING
Status: RUNNING
Status: RUNNING
Status: RUNNING
Status: RUNNING
Status: RUNNING
Status: RUNNING
Status: RUNNING
Status: RUNNING
Status: RUNNING
Status: RUNNING
Status: RUNNING
Status: RUNNING
Status: RUNNING
Status: RUNNING
Status: RUNNING
Status: RUNNING
Status: RUNNING
Status: RUNNING
Status: RUNNING
Status: RUNNING
Status: RUNNING
Status: RUNNING
Status: RUNNING
Status: RUNNING
Status: RUNNING
Status: RUNNING
Status: RUNNING
Status: RUNNING
Status: RUNNING
Status: RUNNING
Status: COMPLETED
QMEANDisCo: 0.7927
Mutating chain A, position 27: LYS -> PHE
Submitted ./1UBQ_Results/1.pdb
Checking: https://swissmodel.expasy.org/qmean/ZDYUjT.json
Status: QUEUEING
Status: QUEUEING
Status: QUEUEING
Status: QUEUEING
Status: QUEUEING
Status: QUEUEING
Status: QUEUEING
Status: QUEUEING
Status: RUNNING
Status: RUNNING
Status: RUNNING
Status: RUNNING
Status: RUNNING
Status: RUNNING
Status: RUNNING
Status: RUNNING
Status: RUNNING
Status: RUNNING
Status: RUNNING
Status: RUNNING
Status: RUNNING
Status: RUNNING
Status: RUNNING
Status: RUNNING
Status: RUNNING
Status: RUNNING
Status: RUNNING
Status: RUNNING
Status: RUNNING
Status: RUNNING
Status: RUNNING
Status: RUNNING
Status: RUNNING
Status: RUNNING
Status: RUNNING
Status: RUNNING
Status: RUNNING
Status: RUNNING
Status: RUNNING
Status: RUNNING
Status: RUNNING
Status: RUNNING
Status: RUNNING
Status: RUNNING
Status: RUNNING
Status: RUNNING
Status: RUNNING
Status: RUNNING
Status: RUNNING
Status: RUNNING
Status: RUNNING
Status: RUNNING
Status: RUNNING
Status: RUNNING
Status: RUNNING
Status: RUNNING
Status: RUNNING
Status: RUNNING
Status: RUNNING
Status: RUNNING
Status: RUNNING
Status: RUNNING
Status: RUNNING
Status: RUNNING
Status: RUNNING
Status: RUNNING
Status: COMPLETED
QMEANDisCo: 0.7694
Mutating chain A, position 17: VAL -> TYR
Submitted ./1UBQ_Results/1.pdb
Checking: https://swissmodel.expasy.org/qmean/cng4H8.json
Status: QUEUEING
Status: QUEUEING
Status: QUEUEING
Status: QUEUEING
Status: QUEUEING
Status: QUEUEING
Status: QUEUEING
Status: RUNNING
Status: RUNNING
Status: RUNNING
Status: RUNNING
Status: RUNNING
Status: RUNNING
Status: RUNNING
Status: RUNNING
Status: RUNNING
Status: RUNNING
Status: RUNNING
Status: RUNNING
Status: RUNNING
Status: RUNNING
Status: RUNNING
Status: RUNNING
Status: RUNNING
Status: RUNNING
Status: RUNNING
Status: RUNNING
Status: RUNNING
Status: RUNNING
Status: RUNNING
Status: RUNNING
Status: RUNNING
Status: RUNNING
Status: RUNNING
Status: RUNNING
Status: RUNNING
Status: RUNNING
Status: RUNNING
Status: RUNNING
Status: RUNNING
Status: RUNNING
Status: RUNNING
Status: RUNNING
Status: RUNNING
Status: RUNNING
Status: RUNNING
Status: RUNNING
Status: RUNNING
Status: RUNNING
Status: RUNNING
Status: RUNNING
Status: RUNNING
Status: RUNNING
Status: RUNNING
Status: RUNNING
Status: RUNNING
Status: RUNNING
Status: RUNNING
Status: RUNNING
Status: RUNNING
Status: RUNNING
Status: RUNNING
Status: RUNNING
Status: RUNNING
Status: RUNNING
Status: COMPLETED
QMEANDisCo: 0.7789
Mutating chain A, position 65: SER -> GLY
Submitted ./1UBQ_Results/1.pdb
Checking: https://swissmodel.expasy.org/qmean/W7Wpft.json
Status: QUEUEING
Status: QUEUEING
Status: QUEUEING
Status: QUEUEING
Status: QUEUEING
Status: QUEUEING
Status: QUEUEING
Status: RUNNING
Status: RUNNING
Status: RUNNING
Status: RUNNING
Status: RUNNING
Status: RUNNING
Status: RUNNING
Status: RUNNING
Status: RUNNING
Status: RUNNING
Status: RUNNING
Status: RUNNING
Status: RUNNING
Status: RUNNING
Status: RUNNING
Status: RUNNING
Status: RUNNING
Status: RUNNING
Status: RUNNING
Status: RUNNING
Status: RUNNING
Status: RUNNING
Status: RUNNING
Status: RUNNING
Status: RUNNING
Status: RUNNING
Status: RUNNING
Status: RUNNING
Status: RUNNING
Status: RUNNING
Status: RUNNING
Status: RUNNING
Status: RUNNING
Status: RUNNING
Status: RUNNING
Status: RUNNING
Status: RUNNING
Status: RUNNING
Status: RUNNING
Status: RUNNING
Status: RUNNING
Status: RUNNING
Status: RUNNING
Status: RUNNING
Status: RUNNING
Status: RUNNING
Status: RUNNING
Status: RUNNING
Status: RUNNING
Status: RUNNING
Status: RUNNING
Status: RUNNING
Status: RUNNING
Status: RUNNING
Status: RUNNING
Status: RUNNING
Status: RUNNING
Status: RUNNING
Status: RUNNING
Status: COMPLETED
QMEANDisCo: 0.8032
Mutating chain A, position 55: THR -> ILE
Submitted ./1UBQ_Results/1.pdb
Checking: https://swissmodel.expasy.org/qmean/9PZTJh.json
Status: QUEUEING
Status: QUEUEING
Status: QUEUEING
Status: QUEUEING
Status: QUEUEING
Status: QUEUEING
Status: QUEUEING
Status: RUNNING
Status: RUNNING
Status: RUNNING
Status: RUNNING
Status: RUNNING
Status: RUNNING
Status: RUNNING
Status: RUNNING
Status: RUNNING
Status: RUNNING
Status: RUNNING
Status: RUNNING
Status: RUNNING
Status: RUNNING
Status: RUNNING
Status: RUNNING
Status: RUNNING
Status: RUNNING
Status: RUNNING
Status: RUNNING
Status: RUNNING
Status: RUNNING
Status: RUNNING
Status: RUNNING
Status: RUNNING
Status: RUNNING
Status: RUNNING
Status: RUNNING
Status: RUNNING
Status: RUNNING
Status: RUNNING
Status: RUNNING
Status: RUNNING
Status: RUNNING
Status: RUNNING
Status: RUNNING
Status: RUNNING
Status: RUNNING
Status: RUNNING
Status: RUNNING
Status: RUNNING
Status: RUNNING
Status: RUNNING
Status: RUNNING
Status: RUNNING
Status: RUNNING
Status: RUNNING
Status: RUNNING
Status: RUNNING
Status: RUNNING
Status: RUNNING
Status: RUNNING
Status: RUNNING
Status: RUNNING
Status: RUNNING
Status: RUNNING
Status: RUNNING
Status: RUNNING
Status: RUNNING
Status: COMPLETED
QMEANDisCo: 0.7915
Mutating chain A, position 76: GLY -> PRO
Submitted ./1UBQ_Results/1.pdb
Checking: https://swissmodel.expasy.org/qmean/MzHJrQ.json
Status: QUEUEING
Status: QUEUEING
Status: QUEUEING
Status: QUEUEING
Status: QUEUEING
Status: QUEUEING
Status: QUEUEING
Status: RUNNING
Status: RUNNING
Status: RUNNING
Status: RUNNING
Status: RUNNING
Status: RUNNING
Status: RUNNING
Status: RUNNING
Status: RUNNING
Status: RUNNING
Status: RUNNING
Status: RUNNING
Status: RUNNING
Status: RUNNING
Status: RUNNING
Status: RUNNING
Status: RUNNING
Status: RUNNING
Status: RUNNING
Status: RUNNING
Status: RUNNING
Status: RUNNING
Status: RUNNING
Status: RUNNING
Status: RUNNING
Status: RUNNING
Status: RUNNING
Status: RUNNING
Status: RUNNING
Status: RUNNING
Status: RUNNING
Status: RUNNING
Status: RUNNING
Status: RUNNING
Status: RUNNING
Status: RUNNING
Status: RUNNING
Status: RUNNING
Status: RUNNING
Status: RUNNING
Status: RUNNING
Status: RUNNING
Status: RUNNING
Status: RUNNING
Status: RUNNING
Status: RUNNING
Status: RUNNING
Status: RUNNING
Status: RUNNING
Status: RUNNING
Status: RUNNING
Status: RUNNING
Status: RUNNING
Status: RUNNING
Status: RUNNING
Status: RUNNING
Status: RUNNING
Status: RUNNING
Status: COMPLETED
QMEANDisCo: 0.7969
Mutating chain A, position 71: LEU -> PRO
Submitted ./1UBQ_Results/1.pdb
Checking: https://swissmodel.expasy.org/qmean/wbjyBn.json
Status: QUEUEING
Status: QUEUEING
Status: QUEUEING
Status: QUEUEING
Status: QUEUEING
Status: QUEUEING
Status: QUEUEING
Status: RUNNING
Status: RUNNING
Status: RUNNING
Status: RUNNING
Status: RUNNING
Status: RUNNING
Status: RUNNING
Status: RUNNING
Status: RUNNING
Status: RUNNING
Status: RUNNING
Status: RUNNING
Status: RUNNING
Status: RUNNING
Status: RUNNING
Status: RUNNING
Status: RUNNING
Status: RUNNING
Status: RUNNING
Status: RUNNING
Status: RUNNING
Status: RUNNING
Status: RUNNING
Status: RUNNING
Status: RUNNING
Status: RUNNING
Status: RUNNING
Status: RUNNING
Status: RUNNING
Status: RUNNING
Status: RUNNING
Status: RUNNING
Status: RUNNING
Status: RUNNING
Status: RUNNING
Status: RUNNING
Status: RUNNING
Status: RUNNING
Status: RUNNING
Status: RUNNING
Status: RUNNING
Status: RUNNING
Status: RUNNING
Status: RUNNING
Status: RUNNING
Status: RUNNING
Status: RUNNING
Status: RUNNING
Status: RUNNING
Status: RUNNING
Status: RUNNING
Status: RUNNING
Status: RUNNING
Status: RUNNING
Status: RUNNING
Status: RUNNING
Status: RUNNING
Status: RUNNING
Status: COMPLETED
QMEANDisCo: 0.7875
Mutating chain A, position 23: ILE -> ARG
Submitted ./1UBQ_Results/1.pdb
Checking: https://swissmodel.expasy.org/qmean/wHjuBA.json
Status: QUEUEING
Status: QUEUEING
Status: QUEUEING
Status: QUEUEING
Status: QUEUEING
Status: QUEUEING
Status: QUEUEING
Status: RUNNING
Status: RUNNING
Status: RUNNING
Status: RUNNING
Status: RUNNING
Status: RUNNING
Status: RUNNING
Status: RUNNING
Status: RUNNING
Status: RUNNING
Status: RUNNING
Status: RUNNING
Status: RUNNING
Status: RUNNING
Status: RUNNING
Status: RUNNING
Status: RUNNING
Status: RUNNING
Status: RUNNING
Status: RUNNING
Status: RUNNING
Status: RUNNING
Status: RUNNING
Status: RUNNING
Status: RUNNING
Status: RUNNING
Status: RUNNING
Status: RUNNING
Status: RUNNING
Status: RUNNING
Status: RUNNING
Status: RUNNING
Status: RUNNING
Status: RUNNING
Status: RUNNING
Status: RUNNING
Status: RUNNING
Status: RUNNING
Status: RUNNING
Status: RUNNING
Status: RUNNING
Status: RUNNING
Status: RUNNING
Status: RUNNING
Status: RUNNING
Status: RUNNING
Status: RUNNING
Status: RUNNING
Status: RUNNING
Status: RUNNING
Status: RUNNING
Status: RUNNING
Status: RUNNING
Status: RUNNING
Status: RUNNING
Status: RUNNING
Status: RUNNING
Status: RUNNING
Status: RUNNING
Status: RUNNING
Status: COMPLETED
QMEANDisCo: 0.7882
Mutating chain A, position 42: ARG -> SER
Submitted ./1UBQ_Results/1.pdb
Checking: https://swissmodel.expasy.org/qmean/G8NfAY.json
Status: QUEUEING
Status: QUEUEING
Status: QUEUEING
Status: QUEUEING
Status: QUEUEING
Status: QUEUEING
Status: QUEUEING
Status: RUNNING
Status: RUNNING
Status: RUNNING
Status: RUNNING
Status: RUNNING
Status: RUNNING
Status: RUNNING
Status: RUNNING
Status: RUNNING
Status: RUNNING
Status: RUNNING
Status: RUNNING
Status: RUNNING
Status: RUNNING
Status: RUNNING
Status: RUNNING
Status: RUNNING
Status: RUNNING
Status: RUNNING
Status: RUNNING
Status: RUNNING
Status: RUNNING
Status: RUNNING
Status: RUNNING
Status: RUNNING
Status: RUNNING
Status: RUNNING
Status: RUNNING
Status: RUNNING
Status: RUNNING
Status: RUNNING
Status: RUNNING
Status: RUNNING
Status: RUNNING
Status: RUNNING
Status: RUNNING
Status: RUNNING
Status: RUNNING
Status: RUNNING
Status: RUNNING
Status: RUNNING
Status: RUNNING
Status: RUNNING
Status: RUNNING
Status: RUNNING
Status: RUNNING
Status: RUNNING
Status: RUNNING
Status: RUNNING
Status: RUNNING
Status: RUNNING
Status: RUNNING
Status: RUNNING
Status: RUNNING
Status: RUNNING
Status: RUNNING
Status: RUNNING
Status: RUNNING
Status: RUNNING
Status: RUNNING
Status: COMPLETED
QMEANDisCo: 0.7985
Mutating chain A, position 56: LEU -> GLY
Submitted ./1UBQ_Results/1.pdb
Checking: https://swissmodel.expasy.org/qmean/ynSfTM.json
Status: QUEUEING
Status: QUEUEING
Status: QUEUEING
Status: QUEUEING
Status: QUEUEING
Status: QUEUEING
Status: QUEUEING
Status: RUNNING
Status: RUNNING
Status: RUNNING
Status: RUNNING
Status: RUNNING
Status: RUNNING
Status: RUNNING
Status: RUNNING
Status: RUNNING
Status: RUNNING
Status: RUNNING
Status: RUNNING
Status: RUNNING
Status: RUNNING
Status: RUNNING
Status: RUNNING
Status: RUNNING
Status: RUNNING
Status: RUNNING
Status: RUNNING
Status: RUNNING
Status: RUNNING
Status: RUNNING
Status: RUNNING
Status: RUNNING
Status: RUNNING
Status: RUNNING
Status: RUNNING
Status: RUNNING
Status: RUNNING
Status: RUNNING
Status: RUNNING
Status: RUNNING
Status: RUNNING
Status: RUNNING
Status: RUNNING
Status: RUNNING
Status: RUNNING
Status: RUNNING
Status: RUNNING
Status: RUNNING
Status: RUNNING
Status: RUNNING
Status: RUNNING
Status: RUNNING
Status: RUNNING
Status: RUNNING
Status: RUNNING
Status: RUNNING
Status: RUNNING
Status: RUNNING
Status: RUNNING
Status: RUNNING
Status: RUNNING
Status: RUNNING
Status: RUNNING
Status: RUNNING
Status: RUNNING
Status: RUNNING
Status: COMPLETED
QMEANDisCo: 0.7892
Mutating chain A, position 36: ILE -> ALA
Submitted ./1UBQ_Results/1.pdb
Checking: https://swissmodel.expasy.org/qmean/HGHXMR.json
Status: QUEUEING
Status: QUEUEING
Status: QUEUEING
Status: QUEUEING
Status: QUEUEING
Status: QUEUEING
Status: QUEUEING
Status: RUNNING
Status: RUNNING
Status: RUNNING
Status: RUNNING
Status: RUNNING
Status: RUNNING
Status: RUNNING
Status: RUNNING
Status: RUNNING
Status: RUNNING
Status: RUNNING
Status: RUNNING
Status: RUNNING
Status: RUNNING
Status: RUNNING
Status: RUNNING
Status: RUNNING
Status: RUNNING
Status: RUNNING
Status: RUNNING
Status: RUNNING
Status: RUNNING
Status: RUNNING
Status: RUNNING
Status: RUNNING
Status: RUNNING
Status: RUNNING
Status: RUNNING
Status: RUNNING
Status: RUNNING
Status: RUNNING
Status: RUNNING
Status: RUNNING
Status: RUNNING
Status: RUNNING
Status: RUNNING
Status: RUNNING
Status: RUNNING
Status: RUNNING
Status: RUNNING
Status: RUNNING
Status: RUNNING
Status: RUNNING
Status: RUNNING
Status: RUNNING
Status: RUNNING
Status: RUNNING
Status: RUNNING
Status: RUNNING
Status: RUNNING
Status: RUNNING
Status: RUNNING
Status: RUNNING
Status: RUNNING
Status: RUNNING
Status: RUNNING
Status: RUNNING
Status: RUNNING
Status: COMPLETED
QMEANDisCo: 0.7987
Mutating chain A, position 50: LEU -> ASN
Submitted ./1UBQ_Results/1.pdb
Checking: https://swissmodel.expasy.org/qmean/uSAszg.json
Status: QUEUEING
Status: QUEUEING
Status: QUEUEING
Status: QUEUEING
Status: QUEUEING
Status: QUEUEING
Status: QUEUEING
Status: RUNNING
Status: RUNNING
Status: RUNNING
Status: RUNNING
Status: RUNNING
Status: RUNNING
Status: RUNNING
Status: RUNNING
Status: RUNNING
Status: RUNNING
Status: RUNNING
Status: RUNNING
Status: RUNNING
Status: RUNNING
Status: RUNNING
Status: RUNNING
Status: RUNNING
Status: RUNNING
Status: RUNNING
Status: RUNNING
Status: RUNNING
Status: RUNNING
Status: RUNNING
Status: RUNNING
Status: RUNNING
Status: RUNNING
Status: RUNNING
Status: RUNNING
Status: RUNNING
Status: RUNNING
Status: RUNNING
Status: RUNNING
Status: RUNNING
Status: RUNNING
Status: RUNNING
Status: RUNNING
Status: RUNNING
Status: RUNNING
Status: RUNNING
Status: RUNNING
Status: RUNNING
Status: RUNNING
Status: RUNNING
Status: RUNNING
Status: RUNNING
Status: RUNNING
Status: RUNNING
Status: RUNNING
Status: RUNNING
Status: RUNNING
Status: RUNNING
Status: RUNNING
Status: RUNNING
Status: RUNNING
Status: RUNNING
Status: RUNNING
Status: RUNNING
Status: RUNNING
Status: RUNNING
Status: COMPLETED
QMEANDisCo: 0.8000
Mutating chain A, position 63: LYS -> GLU
Submitted ./1UBQ_Results/1.pdb
Checking: https://swissmodel.expasy.org/qmean/WhucH9.json
Status: QUEUEING
Status: QUEUEING
Status: QUEUEING
Status: QUEUEING
Status: QUEUEING
Status: QUEUEING
Status: QUEUEING
Status: RUNNING
Status: RUNNING
Status: RUNNING
Status: RUNNING
Status: RUNNING
Status: RUNNING
Status: RUNNING
Status: RUNNING
Status: RUNNING
Status: RUNNING
Status: RUNNING
Status: RUNNING
Status: RUNNING
Status: RUNNING
Status: RUNNING
Status: RUNNING
Status: RUNNING
Status: RUNNING
Status: RUNNING
Status: RUNNING
Status: RUNNING
Status: RUNNING
Status: RUNNING
Status: RUNNING
Status: RUNNING
Status: RUNNING
Status: RUNNING
Status: RUNNING
Status: RUNNING
Status: RUNNING
Status: RUNNING
Status: RUNNING
Status: RUNNING
Status: RUNNING
Status: RUNNING
Status: RUNNING
Status: RUNNING
Status: RUNNING
Status: RUNNING
Status: RUNNING
Status: RUNNING
Status: RUNNING
Status: RUNNING
Status: RUNNING
Status: RUNNING
Status: RUNNING
Status: RUNNING
Status: RUNNING
Status: RUNNING
Status: RUNNING
Status: RUNNING
Status: RUNNING
Status: RUNNING
Status: RUNNING
Status: RUNNING
Status: RUNNING
Status: RUNNING
Status: RUNNING
Status: RUNNING
Status: RUNNING
Status: COMPLETED
QMEANDisCo: 0.8040
Mutating chain A, position 30: ILE -> THR
Submitted ./1UBQ_Results/1.pdb
Checking: https://swissmodel.expasy.org/qmean/MexXxc.json
Status: QUEUEING
Status: QUEUEING
Status: QUEUEING
Status: QUEUEING
Status: QUEUEING
Status: QUEUEING
Status: QUEUEING
Status: QUEUEING
Status: QUEUEING
Status: QUEUEING
Status: QUEUEING
Status: QUEUEING
Status: QUEUEING
Status: QUEUEING
Status: RUNNING
Status: RUNNING
Status: RUNNING
Status: RUNNING
Status: RUNNING
Status: RUNNING
Status: RUNNING
Status: RUNNING
Status: RUNNING
Status: RUNNING
Status: RUNNING
Status: RUNNING
Status: RUNNING
Status: RUNNING
Status: RUNNING
Status: RUNNING
Status: RUNNING
Status: RUNNING
Status: RUNNING
Status: RUNNING
Status: RUNNING
Status: RUNNING
Status: RUNNING
Status: RUNNING
Status: RUNNING
Status: RUNNING
Status: RUNNING
Status: RUNNING
Status: RUNNING
Status: RUNNING
Status: RUNNING
Status: RUNNING
Status: RUNNING
Status: RUNNING
Status: RUNNING
Status: RUNNING
Status: RUNNING
Status: RUNNING
Status: RUNNING
Status: RUNNING
Status: RUNNING
Status: RUNNING
Status: RUNNING
Status: RUNNING
Status: RUNNING
Status: RUNNING
Status: RUNNING
Status: RUNNING
Status: RUNNING
Status: RUNNING
Status: RUNNING
Status: RUNNING
Status: RUNNING
Status: COMPLETED
QMEANDisCo: 0.7985
Mutating chain A, position 36: ILE -> ASN
Submitted ./1UBQ_Results/1.pdb
Checking: https://swissmodel.expasy.org/qmean/uwzXsg.json
Status: QUEUEING
Status: QUEUEING
Status: QUEUEING
Status: QUEUEING
Status: QUEUEING
Status: QUEUEING
Status: QUEUEING
Status: RUNNING
Status: RUNNING
Status: RUNNING
Status: RUNNING
Status: RUNNING
Status: RUNNING
Status: RUNNING
Status: RUNNING
Status: RUNNING
Status: RUNNING
Status: RUNNING
Status: RUNNING
Status: RUNNING
Status: RUNNING
Status: RUNNING
Status: RUNNING
Status: RUNNING
Status: RUNNING
Status: RUNNING
Status: RUNNING
Status: RUNNING
Status: RUNNING
Status: RUNNING
Status: RUNNING
Status: RUNNING
Status: RUNNING
Status: RUNNING
Status: RUNNING
Status: RUNNING
Status: RUNNING
Status: RUNNING
Status: RUNNING
Status: RUNNING
Status: RUNNING
Status: RUNNING
Status: RUNNING
Status: RUNNING
Status: RUNNING
Status: RUNNING
Status: RUNNING
Status: RUNNING
Status: RUNNING
Status: RUNNING
Status: RUNNING
Status: RUNNING
Status: RUNNING
Status: RUNNING
Status: RUNNING
Status: RUNNING
Status: RUNNING
Status: RUNNING
Status: RUNNING
Status: RUNNING
Status: RUNNING
Status: RUNNING
Status: RUNNING
Status: RUNNING
Status: RUNNING
Status: RUNNING
Status: COMPLETED
QMEANDisCo: 0.7951
Mutating chain A, position 31: GLN -> ARG
Submitted ./1UBQ_Results/1.pdb
Checking: https://swissmodel.expasy.org/qmean/cL9Utq.json
Status: QUEUEING
Status: QUEUEING
Status: QUEUEING
Status: QUEUEING
Status: QUEUEING
Status: QUEUEING
Status: QUEUEING
Status: RUNNING
Status: RUNNING
Status: RUNNING
Status: RUNNING
Status: RUNNING
Status: RUNNING
Status: RUNNING
Status: RUNNING
Status: RUNNING
Status: RUNNING
Status: RUNNING
Status: RUNNING
Status: RUNNING
Status: RUNNING
Status: RUNNING
Status: RUNNING
Status: RUNNING
Status: RUNNING
Status: RUNNING
Status: RUNNING
Status: RUNNING
Status: RUNNING
Status: RUNNING
Status: RUNNING
Status: RUNNING
Status: RUNNING
Status: RUNNING
Status: RUNNING
Status: RUNNING
Status: RUNNING
Status: RUNNING
Status: RUNNING
Status: RUNNING
Status: RUNNING
Status: RUNNING
Status: RUNNING
Status: RUNNING
Status: RUNNING
Status: RUNNING
Status: RUNNING
Status: RUNNING
Status: RUNNING
Status: RUNNING
Status: RUNNING
Status: RUNNING
Status: RUNNING
Status: RUNNING
Status: RUNNING
Status: RUNNING
Status: RUNNING
Status: RUNNING
Status: RUNNING
Status: RUNNING
Status: RUNNING
Status: RUNNING
Status: RUNNING
Status: RUNNING
Status: RUNNING
Status: RUNNING
Status: COMPLETED
QMEANDisCo: 0.7980
Mutating chain A, position 59: TYR -> GLU
Submitted ./1UBQ_Results/1.pdb
Checking: https://swissmodel.expasy.org/qmean/mUR9PT.json
Status: QUEUEING
Status: QUEUEING
Status: QUEUEING
Status: QUEUEING
Status: QUEUEING
Status: QUEUEING
Status: QUEUEING
Status: QUEUEING
Status: RUNNING
Status: RUNNING
Status: RUNNING
Status: RUNNING
Status: RUNNING
Status: RUNNING
Status: RUNNING
Status: RUNNING
Status: RUNNING
Status: RUNNING
Status: RUNNING
Status: RUNNING
Status: RUNNING
Status: RUNNING
Status: RUNNING
Status: RUNNING
Status: RUNNING
Status: RUNNING
Status: RUNNING
Status: RUNNING
Status: RUNNING
Status: RUNNING
Status: RUNNING
Status: RUNNING
Status: RUNNING
Status: RUNNING
Status: RUNNING
Status: RUNNING
Status: RUNNING
Status: RUNNING
Status: RUNNING
Status: RUNNING
Status: RUNNING
Status: RUNNING
Status: RUNNING
Status: RUNNING
Status: RUNNING
Status: RUNNING
Status: RUNNING
Status: RUNNING
Status: RUNNING
Status: RUNNING
Status: RUNNING
Status: RUNNING
Status: RUNNING
Status: RUNNING
Status: RUNNING
Status: RUNNING
Status: RUNNING
Status: RUNNING
Status: RUNNING
Status: RUNNING
Status: RUNNING
Status: RUNNING
Status: RUNNING
Status: RUNNING
Status: RUNNING
Status: RUNNING
Status: COMPLETED
QMEANDisCo: 0.7977
Mutating chain A, position 59: TYR -> PRO
Submitted ./1UBQ_Results/1.pdb
Checking: https://swissmodel.expasy.org/qmean/cKDMzj.json
Status: QUEUEING
Status: QUEUEING
Status: QUEUEING
Status: QUEUEING
Status: QUEUEING
Status: QUEUEING
Status: QUEUEING
Status: RUNNING
Status: RUNNING
Status: RUNNING
Status: RUNNING
Status: RUNNING
Status: RUNNING
Status: RUNNING
Status: RUNNING
Status: RUNNING
Status: RUNNING
Status: RUNNING
Status: RUNNING
Status: RUNNING
Status: RUNNING
Status: RUNNING
Status: RUNNING
Status: RUNNING
Status: RUNNING
Status: RUNNING
Status: RUNNING
Status: RUNNING
Status: RUNNING
Status: RUNNING
Status: RUNNING
Status: RUNNING
Status: RUNNING
Status: RUNNING
Status: RUNNING
Status: RUNNING
Status: RUNNING
Status: RUNNING
Status: RUNNING
Status: RUNNING
Status: RUNNING
Status: RUNNING
Status: RUNNING
Status: RUNNING
Status: RUNNING
Status: RUNNING
Status: RUNNING
Status: RUNNING
Status: RUNNING
Status: RUNNING
Status: RUNNING
Status: RUNNING
Status: RUNNING
Status: RUNNING
Status: RUNNING
Status: RUNNING
Status: RUNNING
Status: RUNNING
Status: RUNNING
Status: RUNNING
Status: RUNNING
Status: RUNNING
Status: RUNNING
Status: RUNNING
Status: RUNNING
Status: RUNNING
Status: COMPLETED
QMEANDisCo: 0.7974
Mutating chain A, position 67: LEU -> ILE
Submitted ./1UBQ_Results/1.pdb
Checking: https://swissmodel.expasy.org/qmean/LsS5Xt.json
Status: QUEUEING
Status: QUEUEING
Status: QUEUEING
Status: QUEUEING
Status: QUEUEING
Status: QUEUEING
Status: QUEUEING
Status: RUNNING
Status: RUNNING
Status: RUNNING
Status: RUNNING
Status: RUNNING
Status: RUNNING
Status: RUNNING
Status: RUNNING
Status: RUNNING
Status: RUNNING
Status: RUNNING
Status: RUNNING
Status: RUNNING
Status: RUNNING
Status: RUNNING
Status: RUNNING
Status: RUNNING
Status: RUNNING
Status: RUNNING
Status: RUNNING
Status: RUNNING
Status: RUNNING
Status: RUNNING
Status: RUNNING
Status: RUNNING
Status: RUNNING
Status: RUNNING
Status: RUNNING
Status: RUNNING
Status: RUNNING
Status: RUNNING
Status: RUNNING
Status: RUNNING
Status: RUNNING
Status: RUNNING
Status: RUNNING
Status: RUNNING
Status: RUNNING
Status: RUNNING
Status: RUNNING
Status: RUNNING
Status: RUNNING
Status: RUNNING
Status: RUNNING
Status: RUNNING
Status: RUNNING
Status: RUNNING
Status: RUNNING
Status: RUNNING
Status: RUNNING
Status: RUNNING
Status: RUNNING
Status: RUNNING
Status: RUNNING
Status: RUNNING
Status: RUNNING
Status: RUNNING
Status: RUNNING
Status: COMPLETED
QMEANDisCo: 0.7962
Mutating chain A, position 32: ASP -> ILE
Submitted ./1UBQ_Results/1.pdb
Checking: https://swissmodel.expasy.org/qmean/vrAEuK.json
Status: QUEUEING
Status: QUEUEING
Status: QUEUEING
Status: QUEUEING
Status: QUEUEING
Status: QUEUEING
Status: QUEUEING
Status: RUNNING
Status: RUNNING
Status: RUNNING
Status: RUNNING
Status: RUNNING
Status: RUNNING
Status: RUNNING
Status: RUNNING
Status: RUNNING
Status: RUNNING
Status: RUNNING
Status: RUNNING
Status: RUNNING
Status: RUNNING
Status: RUNNING
Status: RUNNING
Status: RUNNING
Status: RUNNING
Status: RUNNING
Status: RUNNING
Status: RUNNING
Status: RUNNING
Status: RUNNING
Status: RUNNING
Status: RUNNING
Status: RUNNING
Status: RUNNING
Status: RUNNING
Status: RUNNING
Status: RUNNING
Status: RUNNING
Status: RUNNING
Status: RUNNING
Status: RUNNING
Status: RUNNING
Status: RUNNING
Status: RUNNING
Status: RUNNING
Status: RUNNING
Status: RUNNING
Status: RUNNING
Status: RUNNING
Status: RUNNING
Status: RUNNING
Status: RUNNING
Status: RUNNING
Status: RUNNING
Status: RUNNING
Status: RUNNING
Status: RUNNING
Status: RUNNING
Status: RUNNING
Status: RUNNING
Status: RUNNING
Status: RUNNING
Status: RUNNING
Status: RUNNING
Status: RUNNING
Status: COMPLETED
QMEANDisCo: 0.8063
Mutating chain A, position 29: LYS -> PHE
Submitted ./1UBQ_Results/1.pdb
Checking: https://swissmodel.expasy.org/qmean/xTBEux.json
Status: QUEUEING
Status: QUEUEING
Status: QUEUEING
Status: QUEUEING
Status: QUEUEING
Status: QUEUEING
Status: QUEUEING
Status: RUNNING
Status: RUNNING
Status: RUNNING
Status: RUNNING
Status: RUNNING
Status: RUNNING
Status: RUNNING
Status: RUNNING
Status: RUNNING
Status: RUNNING
Status: RUNNING
Status: RUNNING
Status: RUNNING
Status: RUNNING
Status: RUNNING
Status: RUNNING
Status: RUNNING
Status: RUNNING
Status: RUNNING
Status: RUNNING
Status: RUNNING
Status: RUNNING
Status: RUNNING
Status: RUNNING
Status: RUNNING
Status: RUNNING
Status: RUNNING
Status: RUNNING
Status: RUNNING
Status: RUNNING
Status: RUNNING
Status: RUNNING
Status: RUNNING
Status: RUNNING
Status: RUNNING
Status: RUNNING
Status: RUNNING
Status: RUNNING
Status: RUNNING
Status: RUNNING
Status: RUNNING
Status: RUNNING
Status: RUNNING
Status: RUNNING
Status: RUNNING
Status: RUNNING
Status: RUNNING
Status: RUNNING
Status: RUNNING
Status: RUNNING
Status: RUNNING
Status: RUNNING
Status: RUNNING
Status: RUNNING
Status: RUNNING
Status: RUNNING
Status: RUNNING
Status: RUNNING
Status: RUNNING
Status: COMPLETED
QMEANDisCo: 0.7962
Mutating chain A, position 8: LEU -> CYS
Submitted ./1UBQ_Results/1.pdb
Checking: https://swissmodel.expasy.org/qmean/XftqRq.json
Status: QUEUEING
Status: QUEUEING
Status: QUEUEING
Status: QUEUEING
Status: QUEUEING
Status: QUEUEING
Status: QUEUEING
Status: QUEUEING
Status: QUEUEING
Status: QUEUEING
Status: QUEUEING
Status: QUEUEING
Status: QUEUEING
Status: QUEUEING
Status: QUEUEING
Status: RUNNING
Status: RUNNING
Status: RUNNING
Status: RUNNING
Status: RUNNING
Status: RUNNING
Status: RUNNING
Status: RUNNING
Status: RUNNING
Status: RUNNING
Status: RUNNING
Status: RUNNING
Status: RUNNING
Status: RUNNING
Status: RUNNING
Status: RUNNING
Status: RUNNING
Status: RUNNING
Status: RUNNING
Status: RUNNING
Status: RUNNING
Status: RUNNING
Status: RUNNING
Status: RUNNING
Status: RUNNING
Status: RUNNING
Status: RUNNING
Status: RUNNING
Status: RUNNING
Status: RUNNING
Status: RUNNING
Status: RUNNING
Status: RUNNING
Status: RUNNING
Status: RUNNING
Status: RUNNING
Status: RUNNING
Status: RUNNING
Status: RUNNING
Status: RUNNING
Status: RUNNING
Status: RUNNING
Status: RUNNING
Status: RUNNING
Status: RUNNING
Status: RUNNING
Status: RUNNING
Status: RUNNING
Status: RUNNING
Status: RUNNING
Status: RUNNING
Status: COMPLETED
QMEANDisCo: 0.7965
Mutating chain A, position 64: HIS -> ALA
Submitted ./1UBQ_Results/1.pdb
Checking: https://swissmodel.expasy.org/qmean/v86wMY.json
Status: QUEUEING
Status: QUEUEING
Status: QUEUEING
Status: QUEUEING
Status: QUEUEING
Status: QUEUEING
Status: QUEUEING
Status: RUNNING
Status: RUNNING
Status: RUNNING
Status: RUNNING
Status: RUNNING
Status: RUNNING
Status: RUNNING
Status: RUNNING
Status: RUNNING
Status: RUNNING
Status: RUNNING
Status: RUNNING
Status: RUNNING
Status: RUNNING
Status: RUNNING
Status: RUNNING
Status: RUNNING
Status: RUNNING
Status: RUNNING
Status: RUNNING
Status: RUNNING
Status: RUNNING
Status: RUNNING
Status: RUNNING
Status: RUNNING
Status: RUNNING
Status: RUNNING
Status: RUNNING
Status: RUNNING
Status: RUNNING
Status: RUNNING
Status: RUNNING
Status: RUNNING
Status: RUNNING
Status: RUNNING
Status: RUNNING
Status: RUNNING
Status: RUNNING
Status: RUNNING
Status: RUNNING
Status: RUNNING
Status: RUNNING
Status: RUNNING
Status: RUNNING
Status: RUNNING
Status: RUNNING
Status: RUNNING
Status: RUNNING
Status: RUNNING
Status: RUNNING
Status: RUNNING
Status: RUNNING
Status: RUNNING
Status: RUNNING
Status: RUNNING
Status: RUNNING
Status: RUNNING
Status: RUNNING
Status: RUNNING
Status: COMPLETED
QMEANDisCo: 0.7995
Mutating chain A, position 29: LYS -> SER
Submitted ./1UBQ_Results/1.pdb
Checking: https://swissmodel.expasy.org/qmean/ynxX4Q.json
Status: QUEUEING
Status: QUEUEING
Status: QUEUEING
Status: QUEUEING
Status: QUEUEING
Status: QUEUEING
Status: QUEUEING
Status: RUNNING
Status: RUNNING
Status: RUNNING
Status: RUNNING
Status: RUNNING
Status: RUNNING
Status: RUNNING
Status: RUNNING
Status: RUNNING
Status: RUNNING
Status: RUNNING
Status: RUNNING
Status: RUNNING
Status: RUNNING
Status: RUNNING
Status: RUNNING
Status: RUNNING
Status: RUNNING
Status: RUNNING
Status: RUNNING
Status: RUNNING
Status: RUNNING
Status: RUNNING
Status: RUNNING
Status: RUNNING
Status: RUNNING
Status: RUNNING
Status: RUNNING
Status: RUNNING
Status: RUNNING
Status: RUNNING
Status: RUNNING
Status: RUNNING
Status: RUNNING
Status: RUNNING
Status: RUNNING
Status: RUNNING
Status: RUNNING
Status: RUNNING
Status: RUNNING
Status: RUNNING
Status: RUNNING
Status: RUNNING
Status: RUNNING
Status: RUNNING
Status: RUNNING
Status: RUNNING
Status: RUNNING
Status: RUNNING
Status: RUNNING
Status: RUNNING
Status: RUNNING
Status: RUNNING
Status: RUNNING
Status: RUNNING
Status: RUNNING
Status: RUNNING
Status: RUNNING
Status: RUNNING
Status: RUNNING
Status: COMPLETED
QMEANDisCo: 0.7960
Mutating chain A, position 54: ARG -> ASP
Submitted ./1UBQ_Results/1.pdb
Checking: https://swissmodel.expasy.org/qmean/5xvs4d.json
Status: QUEUEING
Status: QUEUEING
Status: QUEUEING
Status: QUEUEING
Status: QUEUEING
Status: QUEUEING
Status: QUEUEING
Status: RUNNING
Status: RUNNING
Status: RUNNING
Status: RUNNING
Status: RUNNING
Status: RUNNING
Status: RUNNING
Status: RUNNING
Status: RUNNING
Status: RUNNING
Status: RUNNING
Status: RUNNING
Status: RUNNING
Status: RUNNING
Status: RUNNING
Status: RUNNING
Status: RUNNING
Status: RUNNING
Status: RUNNING
Status: RUNNING
Status: RUNNING
Status: RUNNING
Status: RUNNING
Status: RUNNING
Status: RUNNING
Status: RUNNING
Status: RUNNING
Status: RUNNING
Status: RUNNING
Status: RUNNING
Status: RUNNING
Status: RUNNING
Status: RUNNING
Status: RUNNING
Status: RUNNING
Status: RUNNING
Status: RUNNING
Status: RUNNING
Status: RUNNING
Status: RUNNING
Status: RUNNING
Status: RUNNING
Status: RUNNING
Status: RUNNING
Status: RUNNING
Status: RUNNING
Status: RUNNING
Status: RUNNING
Status: RUNNING
Status: RUNNING
Status: RUNNING
Status: RUNNING
Status: RUNNING
Status: RUNNING
Status: RUNNING
Status: RUNNING
Status: RUNNING
Status: RUNNING
Status: RUNNING
Status: COMPLETED
QMEANDisCo: 0.7977
Mutating chain A, position 65: SER -> GLU
Submitted ./1UBQ_Results/1.pdb
Checking: https://swissmodel.expasy.org/qmean/wnv6sj.json
Status: QUEUEING
Status: QUEUEING
Status: QUEUEING
Status: QUEUEING
Status: QUEUEING
Status: QUEUEING
Status: QUEUEING
Status: RUNNING
Status: RUNNING
Status: RUNNING
Status: RUNNING
Status: RUNNING
Status: RUNNING
Status: RUNNING
Status: RUNNING
Status: RUNNING
Status: RUNNING
Status: RUNNING
Status: RUNNING
Status: RUNNING
Status: RUNNING
Status: RUNNING
Status: RUNNING
Status: RUNNING
Status: RUNNING
Status: RUNNING
Status: RUNNING
Status: RUNNING
Status: RUNNING
Status: RUNNING
Status: RUNNING
Status: RUNNING
Status: RUNNING
Status: RUNNING
Status: RUNNING
Status: RUNNING
Status: RUNNING
Status: RUNNING
Status: RUNNING
Status: RUNNING
Status: RUNNING
Status: RUNNING
Status: RUNNING
Status: RUNNING
Status: RUNNING
Status: RUNNING
Status: RUNNING
Status: RUNNING
Status: RUNNING
Status: RUNNING
Status: RUNNING
Status: RUNNING
Status: RUNNING
Status: RUNNING
Status: RUNNING
Status: RUNNING
Status: RUNNING
Status: RUNNING
Status: RUNNING
Status: RUNNING
Status: RUNNING
Status: RUNNING
Status: RUNNING
Status: RUNNING
Status: RUNNING
Status: RUNNING
Status: RUNNING
Status: COMPLETED
QMEANDisCo: 0.7924
Mutating chain A, position 54: ARG -> ASP
Submitted ./1UBQ_Results/1.pdb
Checking: https://swissmodel.expasy.org/qmean/aNM33N.json
Status: QUEUEING
Status: QUEUEING
Status: QUEUEING
Status: QUEUEING
Status: QUEUEING
Status: QUEUEING
Status: QUEUEING
Status: RUNNING
Status: RUNNING
Status: RUNNING
Status: RUNNING
Status: RUNNING
Status: RUNNING
Status: RUNNING
Status: RUNNING
Status: RUNNING
Status: RUNNING
Status: RUNNING
Status: RUNNING
Status: RUNNING
Status: RUNNING
Status: RUNNING
Status: RUNNING
Status: RUNNING
Status: RUNNING
Status: RUNNING
Status: RUNNING
Status: RUNNING
Status: RUNNING
Status: RUNNING
Status: RUNNING
Status: RUNNING
Status: RUNNING
Status: RUNNING
Status: RUNNING
Status: RUNNING
Status: COMPLETED
QMEANDisCo: 0.7977
Mutating chain A, position 47: GLY -> VAL
Submitted ./1UBQ_Results/1.pdb
Checking: https://swissmodel.expasy.org/qmean/aY2fMS.json
Status: QUEUEING
Status: QUEUEING
Status: QUEUEING
Status: QUEUEING
Status: QUEUEING
Status: QUEUEING
Status: QUEUEING
Status: QUEUEING
Status: RUNNING
Status: RUNNING
Status: RUNNING
Status: RUNNING
Status: RUNNING
Status: RUNNING
Status: RUNNING
Status: RUNNING
Status: RUNNING
Status: RUNNING
Status: RUNNING
Status: RUNNING
Status: RUNNING
Status: RUNNING
Status: RUNNING
Status: RUNNING
Status: RUNNING
Status: RUNNING
Status: RUNNING
Status: RUNNING
Status: RUNNING
Status: RUNNING
Status: RUNNING
Status: RUNNING
Status: RUNNING
Status: RUNNING
Status: RUNNING
Status: RUNNING
Status: RUNNING
Status: RUNNING
Status: RUNNING
Status: RUNNING
Status: RUNNING
Status: RUNNING
Status: RUNNING
Status: RUNNING
Status: RUNNING
Status: RUNNING
Status: RUNNING
Status: RUNNING
Status: RUNNING
Status: RUNNING
Status: RUNNING
Status: RUNNING
Status: RUNNING
Status: RUNNING
Status: RUNNING
Status: RUNNING
Status: RUNNING
Status: RUNNING
Status: RUNNING
Status: RUNNING
Status: RUNNING
Status: RUNNING
Status: RUNNING
Status: RUNNING
Status: RUNNING
Status: RUNNING
Status: RUNNING
Status: COMPLETED
QMEANDisCo: 0.7919
Mutating chain A, position 34: GLU -> ALA
Submitted ./1UBQ_Results/1.pdb
Checking: https://swissmodel.expasy.org/qmean/tkv4tX.json
Status: QUEUEING
Status: QUEUEING
Status: QUEUEING
Status: QUEUEING
Status: QUEUEING
Status: QUEUEING
Status: QUEUEING
Status: RUNNING
Status: RUNNING
Status: RUNNING
Status: RUNNING
Status: RUNNING
Status: RUNNING
Status: RUNNING
Status: RUNNING
Status: RUNNING
Status: RUNNING
Status: RUNNING
Status: RUNNING
Status: RUNNING
Status: RUNNING
Status: RUNNING
Status: RUNNING
Status: RUNNING
Status: RUNNING
Status: RUNNING
Status: RUNNING
Status: RUNNING
Status: RUNNING
Status: RUNNING
Status: RUNNING
Status: RUNNING
Status: RUNNING
Status: RUNNING
Status: RUNNING
Status: RUNNING
Status: RUNNING
Status: RUNNING
Status: RUNNING
Status: RUNNING
Status: RUNNING
Status: RUNNING
Status: RUNNING
Status: RUNNING
Status: RUNNING
Status: RUNNING
Status: RUNNING
Status: RUNNING
Status: RUNNING
Status: RUNNING
Status: RUNNING
Status: RUNNING
Status: RUNNING
Status: RUNNING
Status: RUNNING
Status: RUNNING
Status: RUNNING
Status: RUNNING
Status: RUNNING
Status: RUNNING
Status: RUNNING
Status: RUNNING
Status: RUNNING
Status: RUNNING
Status: RUNNING
Status: RUNNING
Status: COMPLETED
QMEANDisCo: 0.7931
Mutating chain A, position 21: ASP -> ASN
Submitted ./1UBQ_Results/1.pdb
Checking: https://swissmodel.expasy.org/qmean/GjU2Nv.json
Status: QUEUEING
Status: QUEUEING
Status: QUEUEING
Status: QUEUEING
Status: QUEUEING
Status: QUEUEING
Status: QUEUEING
Status: RUNNING
Status: RUNNING
Status: RUNNING
Status: RUNNING
Status: RUNNING
Status: RUNNING
Status: RUNNING
Status: RUNNING
Status: RUNNING
Status: RUNNING
Status: RUNNING
Status: RUNNING
Status: RUNNING
Status: RUNNING
Status: RUNNING
Status: RUNNING
Status: RUNNING
Status: RUNNING
Status: RUNNING
Status: RUNNING
Status: RUNNING
Status: RUNNING
Status: RUNNING
Status: RUNNING
Status: RUNNING
Status: RUNNING
Status: RUNNING
Status: RUNNING
Status: RUNNING
Status: RUNNING
Status: RUNNING
Status: RUNNING
Status: RUNNING
Status: RUNNING
Status: RUNNING
Status: RUNNING
Status: RUNNING
Status: RUNNING
Status: RUNNING
Status: RUNNING
Status: RUNNING
Status: RUNNING
Status: RUNNING
Status: RUNNING
Status: RUNNING
Status: RUNNING
Status: RUNNING
Status: RUNNING
Status: RUNNING
Status: RUNNING
Status: RUNNING
Status: RUNNING
Status: RUNNING
Status: RUNNING
Status: RUNNING
Status: RUNNING
Status: RUNNING
Status: RUNNING
Status: RUNNING
Status: COMPLETED
QMEANDisCo: 0.7927
Mutating chain A, position 31: GLN -> TRP
Submitted ./1UBQ_Results/1.pdb
Checking: https://swissmodel.expasy.org/qmean/rE8aJW.json
Status: QUEUEING
Status: QUEUEING
Status: QUEUEING
Status: QUEUEING
Status: QUEUEING
Status: QUEUEING
Status: QUEUEING
Status: RUNNING
Status: RUNNING
Status: RUNNING
Status: RUNNING
Status: RUNNING
Status: RUNNING
Status: RUNNING
Status: RUNNING
Status: RUNNING
Status: RUNNING
Status: RUNNING
Status: RUNNING
Status: RUNNING
Status: RUNNING
Status: RUNNING
Status: RUNNING
Status: RUNNING
Status: RUNNING
Status: RUNNING
Status: RUNNING
Status: RUNNING
Status: RUNNING
Status: RUNNING
Status: RUNNING
Status: RUNNING
Status: RUNNING
Status: RUNNING
Status: RUNNING
Status: RUNNING
Status: RUNNING
Status: RUNNING
Status: RUNNING
Status: RUNNING
Status: RUNNING
Status: RUNNING
Status: RUNNING
Status: RUNNING
Status: RUNNING
Status: RUNNING
Status: RUNNING
Status: RUNNING
Status: RUNNING
Status: RUNNING
Status: RUNNING
Status: RUNNING
Status: RUNNING
Status: RUNNING
Status: RUNNING
Status: RUNNING
Status: RUNNING
Status: RUNNING
Status: RUNNING
Status: RUNNING
Status: RUNNING
Status: RUNNING
Status: RUNNING
Status: RUNNING
Status: RUNNING
Status: RUNNING
Status: COMPLETED
QMEANDisCo: 0.7965
Mutating chain A, position 40: GLN -> MET
Submitted ./1UBQ_Results/1.pdb
Checking: https://swissmodel.expasy.org/qmean/Ddqbqw.json
Status: QUEUEING
Status: QUEUEING
Status: QUEUEING
Status: QUEUEING
Status: QUEUEING
Status: QUEUEING
Status: QUEUEING
Status: RUNNING
Status: RUNNING
Status: RUNNING
Status: RUNNING
Status: RUNNING
Status: RUNNING
Status: RUNNING
Status: RUNNING
Status: RUNNING
Status: RUNNING
Status: RUNNING
Status: RUNNING
Status: RUNNING
Status: RUNNING
Status: RUNNING
Status: RUNNING
Status: RUNNING
Status: RUNNING
Status: RUNNING
Status: RUNNING
Status: RUNNING
Status: RUNNING
Status: RUNNING
Status: RUNNING
Status: RUNNING
Status: RUNNING
Status: RUNNING
Status: RUNNING
Status: RUNNING
Status: RUNNING
Status: RUNNING
Status: RUNNING
Status: RUNNING
Status: RUNNING
Status: RUNNING
Status: RUNNING
Status: RUNNING
Status: RUNNING
Status: RUNNING
Status: RUNNING
Status: RUNNING
Status: RUNNING
Status: RUNNING
Status: RUNNING
Status: RUNNING
Status: RUNNING
Status: RUNNING
Status: RUNNING
Status: RUNNING
Status: RUNNING
Status: RUNNING
Status: RUNNING
Status: RUNNING
Status: RUNNING
Status: RUNNING
Status: RUNNING
Status: RUNNING
Status: RUNNING
Status: RUNNING
Status: COMPLETED
QMEANDisCo: 0.7940
Mutating chain A, position 61: ILE -> ALA
Submitted ./1UBQ_Results/1.pdb
Checking: https://swissmodel.expasy.org/qmean/CgpHPu.json
Status: QUEUEING
Status: QUEUEING
Status: QUEUEING
Status: QUEUEING
Status: QUEUEING
Status: QUEUEING
Status: QUEUEING
Status: RUNNING
Status: RUNNING
Status: RUNNING
Status: RUNNING
Status: RUNNING
Status: RUNNING
Status: RUNNING
Status: RUNNING
Status: RUNNING
Status: RUNNING
Status: RUNNING
Status: RUNNING
Status: RUNNING
Status: RUNNING
Status: RUNNING
Status: RUNNING
Status: RUNNING
Status: RUNNING
Status: RUNNING
Status: RUNNING
Status: RUNNING
Status: RUNNING
Status: RUNNING
Status: RUNNING
Status: RUNNING
Status: RUNNING
Status: RUNNING
Status: RUNNING
Status: RUNNING
Status: RUNNING
Status: RUNNING
Status: RUNNING
Status: RUNNING
Status: RUNNING
Status: RUNNING
Status: RUNNING
Status: RUNNING
Status: RUNNING
Status: RUNNING
Status: RUNNING
Status: RUNNING
Status: RUNNING
Status: RUNNING
Status: RUNNING
Status: RUNNING
Status: RUNNING
Status: RUNNING
Status: RUNNING
Status: RUNNING
Status: RUNNING
Status: RUNNING
Status: RUNNING
Status: RUNNING
Status: RUNNING
Status: RUNNING
Status: RUNNING
Status: RUNNING
Status: RUNNING
Status: COMPLETED
QMEANDisCo: 0.7934
Mutating chain A, position 40: GLN -> HIS
Submitted ./1UBQ_Results/1.pdb
Checking: https://swissmodel.expasy.org/qmean/ErHqSL.json
Status: QUEUEING
Status: QUEUEING
Status: QUEUEING
Status: QUEUEING
Status: QUEUEING
Status: QUEUEING
Status: QUEUEING
Status: RUNNING
Status: RUNNING
Status: RUNNING
Status: RUNNING
Status: RUNNING
Status: RUNNING
Status: RUNNING
Status: RUNNING
Status: RUNNING
Status: RUNNING
Status: RUNNING
Status: RUNNING
Status: RUNNING
Status: RUNNING
Status: RUNNING
Status: RUNNING
Status: RUNNING
Status: RUNNING
Status: RUNNING
Status: RUNNING
Status: RUNNING
Status: RUNNING
Status: RUNNING
Status: RUNNING
Status: RUNNING
Status: RUNNING
Status: RUNNING
Status: RUNNING
Status: RUNNING
Status: RUNNING
Status: RUNNING
Status: RUNNING
Status: RUNNING
Status: RUNNING
Status: RUNNING
Status: RUNNING
Status: RUNNING
Status: RUNNING
Status: RUNNING
Status: RUNNING
Status: RUNNING
Status: RUNNING
Status: RUNNING
Status: RUNNING
Status: RUNNING
Status: RUNNING
Status: RUNNING
Status: RUNNING
Status: RUNNING
Status: RUNNING
Status: RUNNING
Status: RUNNING
Status: RUNNING
Status: RUNNING
Status: RUNNING
Status: RUNNING
Status: RUNNING
Status: RUNNING
Status: RUNNING
Status: COMPLETED
QMEANDisCo: 0.7972
Mutating chain A, position 40: GLN -> THR
Submitted ./1UBQ_Results/1.pdb
Checking: https://swissmodel.expasy.org/qmean/RM9CGF.json
Status: QUEUEING
Status: QUEUEING
Status: QUEUEING
Status: QUEUEING
Status: QUEUEING
Status: QUEUEING
Status: QUEUEING
Status: RUNNING
Status: RUNNING
Status: RUNNING
Status: RUNNING
Status: RUNNING
Status: RUNNING
Status: RUNNING
Status: RUNNING
Status: RUNNING
Status: RUNNING
Status: RUNNING
Status: RUNNING
Status: RUNNING
Status: RUNNING
Status: RUNNING
Status: RUNNING
Status: RUNNING
Status: RUNNING
Status: RUNNING
Status: RUNNING
Status: RUNNING
Status: RUNNING
Status: RUNNING
Status: RUNNING
Status: RUNNING
Status: RUNNING
Status: RUNNING
Status: RUNNING
Status: RUNNING
Status: RUNNING
Status: RUNNING
Status: RUNNING
Status: RUNNING
Status: RUNNING
Status: RUNNING
Status: RUNNING
Status: RUNNING
Status: RUNNING
Status: RUNNING
Status: RUNNING
Status: RUNNING
Status: RUNNING
Status: RUNNING
Status: RUNNING
Status: RUNNING
Status: RUNNING
Status: RUNNING
Status: RUNNING
Status: RUNNING
Status: RUNNING
Status: RUNNING
Status: RUNNING
Status: RUNNING
Status: RUNNING
Status: RUNNING
Status: RUNNING
Status: RUNNING
Status: RUNNING
Status: RUNNING
Status: COMPLETED
QMEANDisCo: 0.7951
Mutating chain A, position 29: LYS -> ARG
Submitted ./1UBQ_Results/1.pdb
Checking: https://swissmodel.expasy.org/qmean/hLNb5w.json
Status: QUEUEING
Status: QUEUEING
Status: QUEUEING
Status: QUEUEING
Status: QUEUEING
Status: QUEUEING
Status: QUEUEING
Status: QUEUEING
Status: RUNNING
Status: RUNNING
Status: RUNNING
Status: RUNNING
Status: RUNNING
Status: RUNNING
Status: RUNNING
Status: RUNNING
Status: RUNNING
Status: RUNNING
Status: RUNNING
Status: RUNNING
Status: RUNNING
Status: RUNNING
Status: RUNNING
Status: RUNNING
Status: RUNNING
Status: RUNNING
Status: RUNNING
Status: RUNNING
Status: RUNNING
Status: RUNNING
Status: RUNNING
Status: RUNNING
Status: RUNNING
Status: RUNNING
Status: RUNNING
Status: RUNNING
Status: RUNNING
Status: RUNNING
Status: RUNNING
Status: RUNNING
Status: RUNNING
Status: RUNNING
Status: RUNNING
Status: RUNNING
Status: RUNNING
Status: RUNNING
Status: RUNNING
Status: RUNNING
Status: RUNNING
Status: RUNNING
Status: RUNNING
Status: RUNNING
Status: RUNNING
Status: RUNNING
Status: RUNNING
Status: RUNNING
Status: RUNNING
Status: RUNNING
Status: RUNNING
Status: RUNNING
Status: RUNNING
Status: RUNNING
Status: RUNNING
Status: RUNNING
Status: RUNNING
Status: RUNNING
Status: RUNNING
Status: RUNNING
Status: COMPLETED
QMEANDisCo: 0.7922
Mutating chain A, position 46: ALA -> PRO
Submitted ./1UBQ_Results/1.pdb
Checking: https://swissmodel.expasy.org/qmean/JeZjH7.json
Status: QUEUEING
Status: QUEUEING
Status: QUEUEING
Status: QUEUEING
Status: QUEUEING
Status: QUEUEING
Status: QUEUEING
Status: RUNNING
Status: RUNNING
Status: RUNNING
Status: RUNNING
Status: RUNNING
Status: RUNNING
Status: RUNNING
Status: RUNNING
Status: RUNNING
Status: RUNNING
Status: RUNNING
Status: RUNNING
Status: RUNNING
Status: RUNNING
Status: RUNNING
Status: RUNNING
Status: RUNNING
Status: RUNNING
Status: RUNNING
Status: RUNNING
Status: RUNNING
Status: RUNNING
Status: RUNNING
Status: RUNNING
Status: RUNNING
Status: RUNNING
Status: RUNNING
Status: RUNNING
Status: RUNNING
Status: RUNNING
Status: RUNNING
Status: RUNNING
Status: RUNNING
Status: RUNNING
Status: RUNNING
Status: RUNNING
Status: RUNNING
Status: RUNNING
Status: RUNNING
Status: RUNNING
Status: RUNNING
Status: RUNNING
Status: RUNNING
Status: RUNNING
Status: RUNNING
Status: RUNNING
Status: RUNNING
Status: RUNNING
Status: RUNNING
Status: RUNNING
Status: RUNNING
Status: RUNNING
Status: RUNNING
Status: RUNNING
Status: RUNNING
Status: RUNNING
Status: RUNNING
Status: RUNNING
Status: RUNNING
Status: RUNNING
Status: COMPLETED
QMEANDisCo: 0.7906
Mutating chain A, position 59: TYR -> THR
Submitted ./1UBQ_Results/1.pdb
Checking: https://swissmodel.expasy.org/qmean/4gtbjb.json
Status: QUEUEING
Status: QUEUEING
Status: QUEUEING
Status: QUEUEING
Status: QUEUEING
Status: QUEUEING
Status: QUEUEING
Status: RUNNING
Status: RUNNING
Status: RUNNING
Status: RUNNING
Status: RUNNING
Status: RUNNING
Status: RUNNING
Status: RUNNING
Status: RUNNING
Status: RUNNING
Status: RUNNING
Status: RUNNING
Status: RUNNING
Status: RUNNING
Status: RUNNING
Status: RUNNING
Status: RUNNING
Status: RUNNING
Status: RUNNING
Status: RUNNING
Status: RUNNING
Status: RUNNING
Status: RUNNING
Status: RUNNING
Status: RUNNING
Status: RUNNING
Status: RUNNING
Status: RUNNING
Status: RUNNING
Status: RUNNING
Status: RUNNING
Status: RUNNING
Status: RUNNING
Status: RUNNING
Status: RUNNING
Status: RUNNING
Status: RUNNING
Status: RUNNING
Status: RUNNING
Status: RUNNING
Status: RUNNING
Status: RUNNING
Status: RUNNING
Status: RUNNING
Status: RUNNING
Status: RUNNING
Status: RUNNING
Status: RUNNING
Status: RUNNING
Status: RUNNING
Status: RUNNING
Status: RUNNING
Status: RUNNING
Status: RUNNING
Status: RUNNING
Status: RUNNING
Status: RUNNING
Status: RUNNING
Status: COMPLETED
QMEANDisCo: 0.8019
Mutating chain A, position 42: ARG -> VAL
Submitted ./1UBQ_Results/1.pdb
Checking: https://swissmodel.expasy.org/qmean/hPa5ZK.json
Status: QUEUEING
Status: QUEUEING
Status: QUEUEING
Status: QUEUEING
Status: QUEUEING
Status: QUEUEING
Status: QUEUEING
Status: RUNNING
Status: RUNNING
Status: RUNNING
Status: RUNNING
Status: RUNNING
Status: RUNNING
Status: RUNNING
Status: RUNNING
Status: RUNNING
Status: RUNNING
Status: RUNNING
Status: RUNNING
Status: RUNNING
Status: RUNNING
Status: RUNNING
Status: RUNNING
Status: RUNNING
Status: RUNNING
Status: RUNNING
Status: RUNNING
Status: RUNNING
Status: RUNNING
Status: RUNNING
Status: RUNNING
Status: RUNNING
Status: RUNNING
Status: RUNNING
Status: RUNNING
Status: RUNNING
Status: RUNNING
Status: RUNNING
Status: RUNNING
Status: RUNNING
Status: RUNNING
Status: RUNNING
Status: RUNNING
Status: RUNNING
Status: RUNNING
Status: RUNNING
Status: RUNNING
Status: RUNNING
Status: RUNNING
Status: RUNNING
Status: RUNNING
Status: RUNNING
Status: RUNNING
Status: RUNNING
Status: RUNNING
Status: RUNNING
Status: RUNNING
Status: RUNNING
Status: RUNNING
Status: RUNNING
Status: RUNNING
Status: RUNNING
Status: RUNNING
Status: RUNNING
Status: RUNNING
Status: RUNNING
Status: COMPLETED
QMEANDisCo: 0.7997
Mutating chain A, position 55: THR -> TRP
Submitted ./1UBQ_Results/1.pdb
Checking: https://swissmodel.expasy.org/qmean/D7Z2tJ.json
Status: QUEUEING
Status: QUEUEING
Status: QUEUEING
Status: QUEUEING
Status: QUEUEING
Status: QUEUEING
Status: RUNNING
Status: RUNNING
Status: RUNNING
Status: RUNNING
Status: RUNNING
Status: RUNNING
Status: RUNNING
Status: RUNNING
Status: RUNNING
Status: RUNNING
Status: RUNNING
Status: RUNNING
Status: RUNNING
Status: RUNNING
Status: RUNNING
Status: RUNNING
Status: RUNNING
Status: RUNNING
Status: RUNNING
Status: RUNNING
Status: RUNNING
Status: RUNNING
Status: RUNNING
Status: RUNNING
Status: RUNNING
Status: RUNNING
Status: RUNNING
Status: RUNNING
Status: RUNNING
Status: RUNNING
Status: RUNNING
Status: RUNNING
Status: RUNNING
Status: RUNNING
Status: RUNNING
Status: RUNNING
Status: RUNNING
Status: RUNNING
Status: RUNNING
Status: RUNNING
Status: RUNNING
Status: RUNNING
Status: RUNNING
Status: RUNNING
Status: RUNNING
Status: RUNNING
Status: RUNNING
Status: RUNNING
Status: RUNNING
Status: RUNNING
Status: RUNNING
Status: RUNNING
Status: RUNNING
Status: RUNNING
Status: RUNNING
Status: RUNNING
Status: RUNNING
Status: RUNNING
Status: RUNNING
Status: RUNNING
Status: COMPLETED
QMEANDisCo: 0.7688
Mutating chain A, position 7: THR -> ILE
Submitted ./1UBQ_Results/1.pdb
Checking: https://swissmodel.expasy.org/qmean/GNX8JU.json
Status: QUEUEING
Status: QUEUEING
Status: QUEUEING
Status: QUEUEING
Status: QUEUEING
Status: QUEUEING
Status: QUEUEING
Status: RUNNING
Status: RUNNING
Status: RUNNING
Status: RUNNING
Status: RUNNING
Status: RUNNING
Status: RUNNING
Status: RUNNING
Status: RUNNING
Status: RUNNING
Status: RUNNING
Status: RUNNING
Status: RUNNING
Status: RUNNING
Status: RUNNING
Status: RUNNING
Status: RUNNING
Status: RUNNING
Status: RUNNING
Status: RUNNING
Status: RUNNING
Status: RUNNING
Status: RUNNING
Status: RUNNING
Status: RUNNING
Status: RUNNING
Status: RUNNING
Status: RUNNING
Status: RUNNING
Status: RUNNING
Status: RUNNING
Status: RUNNING
Status: RUNNING
Status: RUNNING
Status: RUNNING
Status: RUNNING
Status: RUNNING
Status: RUNNING
Status: RUNNING
Status: RUNNING
Status: RUNNING
Status: RUNNING
Status: RUNNING
Status: RUNNING
Status: RUNNING
Status: RUNNING
Status: RUNNING
Status: RUNNING
Status: RUNNING
Status: RUNNING
Status: RUNNING
Status: RUNNING
Status: RUNNING
Status: RUNNING
Status: RUNNING
Status: RUNNING
Status: RUNNING
Status: RUNNING
Status: RUNNING
Status: COMPLETED
QMEANDisCo: 0.7926
Mutating chain A, position 18: GLU -> ASP
Submitted ./1UBQ_Results/1.pdb
Checking: https://swissmodel.expasy.org/qmean/AvXtFg.json
Status: QUEUEING
Status: QUEUEING
Status: QUEUEING
Status: QUEUEING
Status: QUEUEING
Status: QUEUEING
Status: QUEUEING
Status: RUNNING
Status: RUNNING
Status: RUNNING
Status: RUNNING
Status: RUNNING
Status: RUNNING
Status: RUNNING
Status: RUNNING
Status: RUNNING
Status: RUNNING
Status: RUNNING
Status: RUNNING
Status: RUNNING
Status: RUNNING
Status: RUNNING
Status: RUNNING
Status: RUNNING
Status: RUNNING
Status: RUNNING
Status: RUNNING
Status: RUNNING
Status: RUNNING
Status: RUNNING
Status: RUNNING
Status: RUNNING
Status: RUNNING
Status: RUNNING
Status: RUNNING
Status: RUNNING
Status: RUNNING
Status: RUNNING
Status: RUNNING
Status: RUNNING
Status: RUNNING
Status: RUNNING
Status: RUNNING
Status: RUNNING
Status: RUNNING
Status: RUNNING
Status: RUNNING
Status: RUNNING
Status: RUNNING
Status: RUNNING
Status: RUNNING
Status: RUNNING
Status: RUNNING
Status: RUNNING
Status: RUNNING
Status: RUNNING
Status: RUNNING
Status: RUNNING
Status: RUNNING
Status: RUNNING
Status: RUNNING
Status: RUNNING
Status: RUNNING
Status: RUNNING
Status: RUNNING
Status: COMPLETED
QMEANDisCo: 0.8015
Mutating chain A, position 9: THR -> CYS
Submitted ./1UBQ_Results/1.pdb
Checking: https://swissmodel.expasy.org/qmean/kLPnxF.json
Status: QUEUEING
Status: QUEUEING
Status: QUEUEING
Status: QUEUEING
Status: QUEUEING
Status: QUEUEING
Status: QUEUEING
Status: RUNNING
Status: RUNNING
Status: RUNNING
Status: RUNNING
Status: RUNNING
Status: RUNNING
Status: RUNNING
Status: RUNNING
Status: RUNNING
Status: RUNNING
Status: RUNNING
Status: RUNNING
Status: RUNNING
Status: RUNNING
Status: RUNNING
Status: RUNNING
Status: RUNNING
Status: RUNNING
Status: RUNNING
Status: RUNNING
Status: RUNNING
Status: RUNNING
Status: RUNNING
Status: RUNNING
Status: RUNNING
Status: RUNNING
Status: RUNNING
Status: RUNNING
Status: RUNNING
Status: RUNNING
Status: RUNNING
Status: RUNNING
Status: RUNNING
Status: RUNNING
Status: RUNNING
Status: RUNNING
Status: RUNNING
Status: RUNNING
Status: RUNNING
Status: RUNNING
Status: RUNNING
Status: RUNNING
Status: RUNNING
Status: RUNNING
Status: RUNNING
Status: RUNNING
Status: RUNNING
Status: RUNNING
Status: RUNNING
Status: RUNNING
Status: RUNNING
Status: RUNNING
Status: RUNNING
Status: RUNNING
Status: RUNNING
Status: RUNNING
Status: RUNNING
Status: RUNNING
Status: RUNNING
Status: COMPLETED
QMEANDisCo: 0.7991
Mutating chain A, position 46: ALA -> THR
Submitted ./1UBQ_Results/1.pdb
Checking: https://swissmodel.expasy.org/qmean/UZH6RM.json
Status: QUEUEING
Status: QUEUEING
Status: QUEUEING
Status: QUEUEING
Status: QUEUEING
Status: QUEUEING
Status: QUEUEING
Status: RUNNING
Status: RUNNING
Status: RUNNING
Status: RUNNING
Status: RUNNING
Status: RUNNING
Status: RUNNING
Status: RUNNING
Status: RUNNING
Status: RUNNING
Status: RUNNING
Status: RUNNING
Status: RUNNING
Status: RUNNING
Status: RUNNING
Status: RUNNING
Status: RUNNING
Status: RUNNING
Status: RUNNING
Status: RUNNING
Status: RUNNING
Status: RUNNING
Status: RUNNING
Status: RUNNING
Status: RUNNING
Status: RUNNING
Status: RUNNING
Status: RUNNING
Status: RUNNING
Status: RUNNING
Status: RUNNING
Status: RUNNING
Status: RUNNING
Status: RUNNING
Status: RUNNING
Status: RUNNING
Status: RUNNING
Status: RUNNING
Status: RUNNING
Status: RUNNING
Status: RUNNING
Status: RUNNING
Status: RUNNING
Status: RUNNING
Status: RUNNING
Status: RUNNING
Status: RUNNING
Status: RUNNING
Status: RUNNING
Status: RUNNING
Status: RUNNING
Status: RUNNING
Status: RUNNING
Status: RUNNING
Status: RUNNING
Status: RUNNING
Status: RUNNING
Status: RUNNING
Status: RUNNING
Status: COMPLETED
QMEANDisCo: 0.7983
Mutating chain A, position 9: THR -> GLY
Submitted ./1UBQ_Results/1.pdb
Checking: https://swissmodel.expasy.org/qmean/hRzN4e.json
Status: QUEUEING
Status: QUEUEING
Status: QUEUEING
Status: QUEUEING
Status: QUEUEING
Status: QUEUEING
Status: QUEUEING
Status: RUNNING
Status: RUNNING
Status: RUNNING
Status: RUNNING
Status: RUNNING
Status: RUNNING
Status: RUNNING
Status: RUNNING
Status: RUNNING
Status: RUNNING
Status: RUNNING
Status: RUNNING
Status: RUNNING
Status: RUNNING
Status: RUNNING
Status: RUNNING
Status: RUNNING
Status: RUNNING
Status: RUNNING
Status: RUNNING
Status: RUNNING
Status: RUNNING
Status: RUNNING
Status: RUNNING
Status: RUNNING
Status: RUNNING
Status: RUNNING
Status: RUNNING
Status: RUNNING
Status: RUNNING
Status: RUNNING
Status: RUNNING
Status: RUNNING
Status: RUNNING
Status: RUNNING
Status: RUNNING
Status: RUNNING
Status: RUNNING
Status: RUNNING
Status: RUNNING
Status: RUNNING
Status: RUNNING
Status: RUNNING
Status: RUNNING
Status: RUNNING
Status: RUNNING
Status: RUNNING
Status: RUNNING
Status: RUNNING
Status: RUNNING
Status: RUNNING
Status: RUNNING
Status: RUNNING
Status: RUNNING
Status: RUNNING
Status: RUNNING
Status: RUNNING
Status: COMPLETED
QMEANDisCo: 0.7940
Mutating chain A, position 11: LYS -> GLN
Submitted ./1UBQ_Results/1.pdb
Checking: https://swissmodel.expasy.org/qmean/RqkwaS.json
Status: QUEUEING
Status: QUEUEING
Status: QUEUEING
Status: QUEUEING
Status: QUEUEING
Status: QUEUEING
Status: QUEUEING
Status: QUEUEING
Status: RUNNING
Status: RUNNING
Status: RUNNING
Status: RUNNING
Status: RUNNING
Status: RUNNING
Status: RUNNING
Status: RUNNING
Status: RUNNING
Status: RUNNING
Status: RUNNING
Status: RUNNING
Status: RUNNING
Status: RUNNING
Status: RUNNING
Status: RUNNING
Status: RUNNING
Status: RUNNING
Status: RUNNING
Status: RUNNING
Status: RUNNING
Status: RUNNING
Status: RUNNING
Status: RUNNING
Status: RUNNING
Status: RUNNING
Status: RUNNING
Status: RUNNING
Status: RUNNING
Status: RUNNING
Status: RUNNING
Status: RUNNING
Status: RUNNING
Status: RUNNING
Status: RUNNING
Status: RUNNING
Status: RUNNING
Status: RUNNING
Status: RUNNING
Status: RUNNING
Status: RUNNING
Status: RUNNING
Status: RUNNING
Status: RUNNING
Status: RUNNING
Status: RUNNING
Status: RUNNING
Status: RUNNING
Status: RUNNING
Status: RUNNING
Status: RUNNING
Status: RUNNING
Status: RUNNING
Status: RUNNING
Status: RUNNING
Status: RUNNING
Status: RUNNING
Status: RUNNING
Status: COMPLETED
QMEANDisCo: 0.8006
Mutating chain A, position 57: SER -> LYS
Submitted ./1UBQ_Results/1.pdb
Checking: https://swissmodel.expasy.org/qmean/mCbYNb.json
Status: QUEUEING
Status: QUEUEING
Status: QUEUEING
Status: QUEUEING
Status: QUEUEING
Status: QUEUEING
Status: QUEUEING
Status: QUEUEING
Status: RUNNING
Status: RUNNING
Status: RUNNING
Status: RUNNING
Status: RUNNING
Status: RUNNING
Status: RUNNING
Status: RUNNING
Status: RUNNING
Status: RUNNING
Status: RUNNING
Status: RUNNING
Status: RUNNING
Status: RUNNING
Status: RUNNING
Status: RUNNING
Status: RUNNING
Status: RUNNING
Status: RUNNING
Status: RUNNING
Status: RUNNING
Status: RUNNING
Status: RUNNING
Status: RUNNING
Status: RUNNING
Status: RUNNING
Status: RUNNING
Status: RUNNING
Status: RUNNING
Status: RUNNING
Status: RUNNING
Status: RUNNING
Status: RUNNING
Status: RUNNING
Status: RUNNING
Status: RUNNING
Status: RUNNING
Status: RUNNING
Status: RUNNING
Status: RUNNING
Status: RUNNING
Status: RUNNING
Status: RUNNING
Status: RUNNING
Status: RUNNING
Status: RUNNING
Status: RUNNING
Status: RUNNING
Status: RUNNING
Status: RUNNING
Status: RUNNING
Status: RUNNING
Status: RUNNING
Status: RUNNING
Status: RUNNING
Status: RUNNING
Status: RUNNING
Status: RUNNING
Status: RUNNING
Status: COMPLETED
QMEANDisCo: 0.7957
Mutating chain A, position 19: PRO -> ASP
Submitted ./1UBQ_Results/1.pdb
Checking: https://swissmodel.expasy.org/qmean/VperQE.json
Status: QUEUEING
Status: QUEUEING
Status: QUEUEING
Status: QUEUEING
Status: QUEUEING
Status: QUEUEING
Status: QUEUEING
Status: QUEUEING
Status: QUEUEING
Status: QUEUEING
Status: QUEUEING
Status: QUEUEING
Status: QUEUEING
Status: QUEUEING
Status: RUNNING
Status: RUNNING
Status: RUNNING
Status: RUNNING
Status: RUNNING
Status: RUNNING
Status: RUNNING
Status: RUNNING
Status: RUNNING
Status: RUNNING
Status: RUNNING
Status: RUNNING
Status: RUNNING
Status: RUNNING
Status: RUNNING
Status: RUNNING
Status: RUNNING
Status: RUNNING
Status: RUNNING
Status: RUNNING
Status: RUNNING
Status: RUNNING
Status: RUNNING
Status: RUNNING
Status: RUNNING
Status: RUNNING
Status: RUNNING
Status: RUNNING
Status: RUNNING
Status: RUNNING
Status: RUNNING
Status: RUNNING
Status: RUNNING
Status: RUNNING
Status: RUNNING
Status: RUNNING
Status: RUNNING
Status: RUNNING
Status: RUNNING
Status: RUNNING
Status: RUNNING
Status: RUNNING
Status: RUNNING
Status: RUNNING
Status: RUNNING
Status: RUNNING
Status: RUNNING
Status: RUNNING
Status: RUNNING
Status: RUNNING
Status: RUNNING
Status: COMPLETED
QMEANDisCo: 0.7946
Mutating chain A, position 32: ASP -> GLY
Submitted ./1UBQ_Results/1.pdb
Checking: https://swissmodel.expasy.org/qmean/RtKdcz.json
Status: QUEUEING
Status: QUEUEING
Status: QUEUEING
Status: QUEUEING
Status: QUEUEING
Status: QUEUEING
Status: QUEUEING
Status: RUNNING
Status: RUNNING
Status: RUNNING
Status: RUNNING
Status: RUNNING
Status: RUNNING
Status: RUNNING
Status: RUNNING
Status: RUNNING
Status: RUNNING
Status: RUNNING
Status: RUNNING
Status: RUNNING
Status: RUNNING
Status: RUNNING
Status: RUNNING
Status: RUNNING
Status: RUNNING
Status: RUNNING
Status: RUNNING
Status: RUNNING
Status: RUNNING
Status: RUNNING
Status: RUNNING
Status: RUNNING
Status: RUNNING
Status: RUNNING
Status: RUNNING
Status: RUNNING
Status: RUNNING
Status: RUNNING
Status: RUNNING
Status: RUNNING
Status: RUNNING
Status: RUNNING
Status: RUNNING
Status: RUNNING
Status: RUNNING
Status: RUNNING
Status: RUNNING
Status: RUNNING
Status: RUNNING
Status: RUNNING
Status: RUNNING
Status: RUNNING
Status: RUNNING
Status: RUNNING
Status: RUNNING
Status: RUNNING
Status: RUNNING
Status: RUNNING
Status: RUNNING
Status: RUNNING
Status: RUNNING
Status: RUNNING
Status: RUNNING
Status: RUNNING
Status: RUNNING
Status: RUNNING
Status: COMPLETED
QMEANDisCo: 0.8007
Mutating chain A, position 4: PHE -> GLY
Submitted ./1UBQ_Results/1.pdb
Checking: https://swissmodel.expasy.org/qmean/TzUhw3.json
Status: QUEUEING
Status: QUEUEING
Status: QUEUEING
Status: QUEUEING
Status: QUEUEING
Status: QUEUEING
Status: QUEUEING
Status: RUNNING
Status: RUNNING
Status: RUNNING
Status: RUNNING
Status: RUNNING
Status: RUNNING
Status: RUNNING
Status: RUNNING
Status: RUNNING
Status: RUNNING
Status: RUNNING
Status: RUNNING
Status: RUNNING
Status: RUNNING
Status: RUNNING
Status: RUNNING
Status: RUNNING
Status: RUNNING
Status: RUNNING
Status: RUNNING
Status: RUNNING
Status: RUNNING
Status: RUNNING
Status: RUNNING
Status: RUNNING
Status: RUNNING
Status: RUNNING
Status: RUNNING
Status: RUNNING
Status: RUNNING
Status: RUNNING
Status: RUNNING
Status: RUNNING
Status: RUNNING
Status: RUNNING
Status: RUNNING
Status: RUNNING
Status: RUNNING
Status: RUNNING
Status: RUNNING
Status: RUNNING
Status: RUNNING
Status: RUNNING
Status: RUNNING
Status: RUNNING
Status: RUNNING
Status: RUNNING
Status: RUNNING
Status: RUNNING
Status: RUNNING
Status: RUNNING
Status: RUNNING
Status: RUNNING
Status: RUNNING
Status: RUNNING
Status: RUNNING
Status: RUNNING
Status: RUNNING
Status: RUNNING
Status: COMPLETED
QMEANDisCo: 0.7963
Mutating chain A, position 58: ASP -> THR
Submitted ./1UBQ_Results/1.pdb
Checking: https://swissmodel.expasy.org/qmean/a5fQXn.json
Status: QUEUEING
Status: QUEUEING
Status: QUEUEING
Status: QUEUEING
Status: QUEUEING
Status: QUEUEING
Status: QUEUEING
Status: QUEUEING
Status: RUNNING
Status: RUNNING
Status: RUNNING
Status: RUNNING
Status: RUNNING
Status: RUNNING
Status: RUNNING
Status: RUNNING
Status: RUNNING
Status: RUNNING
Status: RUNNING
Status: RUNNING
Status: RUNNING
Status: RUNNING
Status: RUNNING
Status: RUNNING
Status: RUNNING
Status: RUNNING
Status: RUNNING
Status: RUNNING
Status: RUNNING
Status: RUNNING
Status: RUNNING
Status: RUNNING
Status: RUNNING
Status: RUNNING
Status: RUNNING
Status: RUNNING
Status: RUNNING
Status: RUNNING
Status: RUNNING
Status: RUNNING
Status: RUNNING
Status: RUNNING
Status: RUNNING
Status: RUNNING
Status: RUNNING
Status: RUNNING
Status: RUNNING
Status: RUNNING
Status: RUNNING
Status: RUNNING
Status: RUNNING
Status: RUNNING
Status: RUNNING
Status: RUNNING
Status: RUNNING
Status: RUNNING
Status: RUNNING
Status: RUNNING
Status: RUNNING
Status: RUNNING
Status: RUNNING
Status: RUNNING
Status: RUNNING
Status: RUNNING
Status: RUNNING
Status: RUNNING
Status: RUNNING
Status: COMPLETED
QMEANDisCo: 0.7968
Mutating chain A, position 30: ILE -> PHE
Submitted ./1UBQ_Results/1.pdb
Checking: https://swissmodel.expasy.org/qmean/EvpM4L.json
Status: QUEUEING
Status: QUEUEING
Status: QUEUEING
Status: QUEUEING
Status: QUEUEING
Status: QUEUEING
Status: QUEUEING
Status: RUNNING
Status: RUNNING
Status: RUNNING
Status: RUNNING
Status: RUNNING
Status: RUNNING
Status: RUNNING
Status: RUNNING
Status: RUNNING
Status: RUNNING
Status: RUNNING
Status: RUNNING
Status: RUNNING
Status: RUNNING
Status: RUNNING
Status: RUNNING
Status: RUNNING
Status: RUNNING
Status: RUNNING
Status: RUNNING
Status: RUNNING
Status: RUNNING
Status: RUNNING
Status: RUNNING
Status: RUNNING
Status: RUNNING
Status: RUNNING
Status: RUNNING
Status: RUNNING
Status: RUNNING
Status: RUNNING
Status: RUNNING
Status: RUNNING
Status: RUNNING
Status: RUNNING
Status: RUNNING
Status: RUNNING
Status: RUNNING
Status: RUNNING
Status: RUNNING
Status: RUNNING
Status: RUNNING
Status: RUNNING
Status: RUNNING
Status: RUNNING
Status: RUNNING
Status: RUNNING
Status: RUNNING
Status: RUNNING
Status: RUNNING
Status: RUNNING
Status: RUNNING
Status: RUNNING
Status: RUNNING
Status: RUNNING
Status: RUNNING
Status: RUNNING
Status: RUNNING
Status: RUNNING
Status: RUNNING
Status: COMPLETED
QMEANDisCo: 0.8007
Mutating chain A, position 13: ILE -> TYR
Submitted ./1UBQ_Results/1.pdb
Checking: https://swissmodel.expasy.org/qmean/3dgySH.json
Status: QUEUEING
Status: QUEUEING
Status: QUEUEING
Status: QUEUEING
Status: QUEUEING
Status: QUEUEING
Status: QUEUEING
Status: QUEUEING
Status: RUNNING
Status: RUNNING
Status: RUNNING
Status: RUNNING
Status: RUNNING
Status: RUNNING
Status: RUNNING
Status: RUNNING
Status: RUNNING
Status: RUNNING
Status: RUNNING
Status: RUNNING
Status: RUNNING
Status: RUNNING
Status: RUNNING
Status: RUNNING
Status: RUNNING
Status: RUNNING
Status: RUNNING
Status: RUNNING
Status: RUNNING
Status: RUNNING
Status: RUNNING
Status: RUNNING
Status: RUNNING
Status: RUNNING
Status: RUNNING
Status: RUNNING
Status: RUNNING
Status: COMPLETED
QMEANDisCo: 0.7930
Mutating chain A, position 3: ILE -> ASP
Submitted ./1UBQ_Results/1.pdb
Checking: https://swissmodel.expasy.org/qmean/cKwpbh.json
Status: QUEUEING
Status: QUEUEING
Status: QUEUEING
Status: QUEUEING
Status: QUEUEING
Status: QUEUEING
Status: QUEUEING
Status: RUNNING
Status: RUNNING
Status: RUNNING
Status: RUNNING
Status: RUNNING
Status: RUNNING
Status: RUNNING
Status: RUNNING
Status: RUNNING
Status: RUNNING
Status: RUNNING
Status: RUNNING
Status: RUNNING
Status: RUNNING
Status: RUNNING
Status: RUNNING
Status: RUNNING
Status: RUNNING
Status: RUNNING
Status: RUNNING
Status: RUNNING
Status: RUNNING
Status: RUNNING
Status: RUNNING
Status: RUNNING
Status: RUNNING
Status: RUNNING
Status: RUNNING
Status: RUNNING
Status: RUNNING
Status: RUNNING
Status: RUNNING
Status: RUNNING
Status: RUNNING
Status: RUNNING
Status: RUNNING
Status: RUNNING
Status: RUNNING
Status: RUNNING
Status: RUNNING
Status: RUNNING
Status: RUNNING
Status: RUNNING
Status: RUNNING
Status: RUNNING
Status: RUNNING
Status: RUNNING
Status: RUNNING
Status: RUNNING
Status: RUNNING
Status: RUNNING
Status: RUNNING
Status: RUNNING
Status: RUNNING
Status: RUNNING
Status: RUNNING
Status: RUNNING
Status: RUNNING
Status: COMPLETED
QMEANDisCo: 0.7975
Mutating chain A, position 43: LEU -> PRO
Submitted ./1UBQ_Results/1.pdb
Checking: https://swissmodel.expasy.org/qmean/Ng7MuY.json
Status: QUEUEING
Status: QUEUEING
Status: QUEUEING
Status: QUEUEING
Status: QUEUEING
Status: QUEUEING
Status: QUEUEING
Status: RUNNING
Status: RUNNING
Status: RUNNING
Status: RUNNING
Status: RUNNING
Status: RUNNING
Status: RUNNING
Status: RUNNING
Status: RUNNING
Status: RUNNING
Status: RUNNING
Status: RUNNING
Status: RUNNING
Status: RUNNING
Status: RUNNING
Status: RUNNING
Status: RUNNING
Status: RUNNING
Status: RUNNING
Status: RUNNING
Status: RUNNING
Status: RUNNING
Status: RUNNING
Status: RUNNING
Status: RUNNING
Status: RUNNING
Status: RUNNING
Status: RUNNING
Status: RUNNING
Status: RUNNING
Status: RUNNING
Status: RUNNING
Status: RUNNING
Status: RUNNING
Status: RUNNING
Status: RUNNING
Status: RUNNING
Status: RUNNING
Status: RUNNING
Status: RUNNING
Status: RUNNING
Status: RUNNING
Status: RUNNING
Status: RUNNING
Status: RUNNING
Status: RUNNING
Status: RUNNING
Status: RUNNING
Status: RUNNING
Status: RUNNING
Status: RUNNING
Status: RUNNING
Status: RUNNING
Status: RUNNING
Status: RUNNING
Status: RUNNING
Status: RUNNING
Status: RUNNING
Status: COMPLETED
QMEANDisCo: 0.7927
Mutating chain A, position 10: GLY -> PRO
Submitted ./1UBQ_Results/1.pdb
Checking: https://swissmodel.expasy.org/qmean/6GsqsV.json
Status: QUEUEING
Status: QUEUEING
Status: QUEUEING
Status: QUEUEING
Status: QUEUEING
Status: QUEUEING
Status: QUEUEING
Status: RUNNING
Status: RUNNING
Status: RUNNING
Status: RUNNING
Status: RUNNING
Status: RUNNING
Status: RUNNING
Status: RUNNING
Status: RUNNING
Status: RUNNING
Status: RUNNING
Status: RUNNING
Status: RUNNING
Status: RUNNING
Status: RUNNING
Status: RUNNING
Status: RUNNING
Status: RUNNING
Status: RUNNING
Status: RUNNING
Status: RUNNING
Status: RUNNING
Status: RUNNING
Status: RUNNING
Status: RUNNING
Status: RUNNING
Status: RUNNING
Status: RUNNING
Status: RUNNING
Status: RUNNING
Status: RUNNING
Status: RUNNING
Status: RUNNING
Status: RUNNING
Status: RUNNING
Status: RUNNING
Status: RUNNING
Status: RUNNING
Status: RUNNING
Status: RUNNING
Status: RUNNING
Status: RUNNING
Status: RUNNING
Status: RUNNING
Status: RUNNING
Status: RUNNING
Status: RUNNING
Status: RUNNING
Status: RUNNING
Status: RUNNING
Status: RUNNING
Status: RUNNING
Status: RUNNING
Status: RUNNING
Status: RUNNING
Status: RUNNING
Status: RUNNING
Status: RUNNING
Status: RUNNING
Status: COMPLETED
QMEANDisCo: 0.7820
Mutating chain A, position 50: LEU -> THR
Submitted ./1UBQ_Results/1.pdb
Checking: https://swissmodel.expasy.org/qmean/Gz3wKg.json
Status: QUEUEING
Status: QUEUEING
Status: QUEUEING
Status: QUEUEING
Status: QUEUEING
Status: QUEUEING
Status: QUEUEING
Status: RUNNING
Status: RUNNING
Status: RUNNING
Status: RUNNING
Status: RUNNING
Status: RUNNING
Status: RUNNING
Status: RUNNING
Status: RUNNING
Status: RUNNING
Status: RUNNING
Status: RUNNING
Status: RUNNING
Status: RUNNING
Status: RUNNING
Status: RUNNING
Status: RUNNING
Status: RUNNING
Status: RUNNING
Status: RUNNING
Status: RUNNING
Status: RUNNING
Status: RUNNING
Status: RUNNING
Status: RUNNING
Status: RUNNING
Status: RUNNING
Status: RUNNING
Status: RUNNING
Status: RUNNING
Status: RUNNING
Status: RUNNING
Status: RUNNING
Status: RUNNING
Status: RUNNING
Status: RUNNING
Status: RUNNING
Status: RUNNING
Status: RUNNING
Status: RUNNING
Status: RUNNING
Status: RUNNING
Status: RUNNING
Status: RUNNING
Status: RUNNING
Status: RUNNING
Status: RUNNING
Status: RUNNING
Status: RUNNING
Status: RUNNING
Status: RUNNING
Status: RUNNING
Status: RUNNING
Status: RUNNING
Status: RUNNING
Status: RUNNING
Status: RUNNING
Status: RUNNING
Status: RUNNING
Status: COMPLETED
QMEANDisCo: 0.7997
Mutating chain A, position 46: ALA -> ASP
Submitted ./1UBQ_Results/1.pdb
Checking: https://swissmodel.expasy.org/qmean/Q6UCm9.json
Status: QUEUEING
Status: QUEUEING
Status: QUEUEING
Status: QUEUEING
Status: QUEUEING
Status: QUEUEING
Status: QUEUEING
Status: QUEUEING
Status: RUNNING
Status: RUNNING
Status: RUNNING
Status: RUNNING
Status: RUNNING
Status: RUNNING
Status: RUNNING
Status: RUNNING
Status: RUNNING
Status: RUNNING
Status: RUNNING
Status: RUNNING
Status: RUNNING
Status: RUNNING
Status: RUNNING
Status: RUNNING
Status: RUNNING
Status: RUNNING
Status: RUNNING
Status: RUNNING
Status: RUNNING
Status: RUNNING
Status: RUNNING
Status: RUNNING
Status: RUNNING
Status: RUNNING
Status: RUNNING
Status: RUNNING
Status: RUNNING
Status: RUNNING
Status: RUNNING
Status: RUNNING
Status: RUNNING
Status: RUNNING
Status: RUNNING
Status: RUNNING
Status: RUNNING
Status: RUNNING
Status: RUNNING
Status: RUNNING
Status: RUNNING
Status: RUNNING
Status: RUNNING
Status: RUNNING
Status: RUNNING
Status: RUNNING
Status: RUNNING
Status: RUNNING
Status: RUNNING
Status: RUNNING
Status: RUNNING
Status: RUNNING
Status: RUNNING
Status: RUNNING
Status: RUNNING
Status: RUNNING
Status: RUNNING
Status: COMPLETED
QMEANDisCo: 0.7948
Mutating chain A, position 58: ASP -> LYS
Submitted ./1UBQ_Results/1.pdb
Checking: https://swissmodel.expasy.org/qmean/eG6Y9j.json
Status: QUEUEING
Status: QUEUEING
Status: QUEUEING
Status: QUEUEING
Status: QUEUEING
Status: QUEUEING
Status: QUEUEING
Status: RUNNING
Status: RUNNING
Status: RUNNING
Status: RUNNING
Status: RUNNING
Status: RUNNING
Status: RUNNING
Status: RUNNING
Status: RUNNING
Status: RUNNING
Status: RUNNING
Status: RUNNING
Status: RUNNING
Status: RUNNING
Status: RUNNING
Status: RUNNING
Status: RUNNING
Status: RUNNING
Status: RUNNING
Status: RUNNING
Status: RUNNING
Status: RUNNING
Status: RUNNING
Status: RUNNING
Status: RUNNING
Status: RUNNING
Status: RUNNING
Status: RUNNING
Status: RUNNING
Status: RUNNING
Status: RUNNING
Status: RUNNING
Status: RUNNING
Status: RUNNING
Status: RUNNING
Status: RUNNING
Status: RUNNING
Status: RUNNING
Status: RUNNING
Status: RUNNING
Status: RUNNING
Status: RUNNING
Status: RUNNING
Status: RUNNING
Status: RUNNING
Status: RUNNING
Status: RUNNING
Status: RUNNING
Status: RUNNING
Status: RUNNING
Status: RUNNING
Status: RUNNING
Status: RUNNING
Status: RUNNING
Status: RUNNING
Status: RUNNING
Status: RUNNING
Status: RUNNING
Status: RUNNING
Status: RUNNING
Status: COMPLETED
QMEANDisCo: 0.7927
Mutating chain A, position 32: ASP -> ASN
Submitted ./1UBQ_Results/1.pdb
Checking: https://swissmodel.expasy.org/qmean/DphR75.json
Status: QUEUEING
Status: QUEUEING
Status: QUEUEING
Status: QUEUEING
Status: QUEUEING
Status: QUEUEING
Status: QUEUEING
Status: RUNNING
Status: RUNNING
Status: RUNNING
Status: RUNNING
Status: RUNNING
Status: RUNNING
Status: RUNNING
Status: RUNNING
Status: RUNNING
Status: RUNNING
Status: RUNNING
Status: RUNNING
Status: RUNNING
Status: RUNNING
Status: RUNNING
Status: RUNNING
Status: RUNNING
Status: RUNNING
Status: RUNNING
Status: RUNNING
Status: RUNNING
Status: RUNNING
Status: RUNNING
Status: RUNNING
Status: RUNNING
Status: RUNNING
Status: RUNNING
Status: RUNNING
Status: RUNNING
Status: RUNNING
Status: RUNNING
Status: RUNNING
Status: RUNNING
Status: RUNNING
Status: RUNNING
Status: RUNNING
Status: RUNNING
Status: RUNNING
Status: RUNNING
Status: RUNNING
Status: RUNNING
Status: RUNNING
Status: RUNNING
Status: RUNNING
Status: RUNNING
Status: RUNNING
Status: RUNNING
Status: RUNNING
Status: RUNNING
Status: RUNNING
Status: RUNNING
Status: RUNNING
Status: RUNNING
Status: RUNNING
Status: RUNNING
Status: RUNNING
Status: RUNNING
Status: RUNNING
Status: RUNNING
Status: RUNNING
Status: COMPLETED
QMEANDisCo: 0.7975
Mutating chain A, position 29: LYS -> ALA
Submitted ./1UBQ_Results/1.pdb
Checking: https://swissmodel.expasy.org/qmean/PRFVRB.json
Status: QUEUEING
Status: QUEUEING
Status: QUEUEING
Status: QUEUEING
Status: QUEUEING
Status: QUEUEING
Status: QUEUEING
Status: QUEUEING
Status: RUNNING
Status: RUNNING
Status: RUNNING
Status: RUNNING
Status: RUNNING
Status: RUNNING
Status: RUNNING
Status: RUNNING
Status: RUNNING
Status: RUNNING
Status: RUNNING
Status: RUNNING
Status: RUNNING
Status: RUNNING
Status: RUNNING
Status: RUNNING
Status: RUNNING
Status: RUNNING
Status: RUNNING
Status: RUNNING
Status: RUNNING
Status: RUNNING
Status: RUNNING
Status: RUNNING
Status: RUNNING
Status: RUNNING
Status: RUNNING
Status: RUNNING
Status: RUNNING
Status: RUNNING
Status: RUNNING
Status: RUNNING
Status: RUNNING
Status: RUNNING
Status: RUNNING
Status: RUNNING
Status: RUNNING
Status: RUNNING
Status: RUNNING
Status: RUNNING
Status: RUNNING
Status: RUNNING
Status: RUNNING
Status: RUNNING
Status: RUNNING
Status: RUNNING
Status: RUNNING
Status: RUNNING
Status: RUNNING
Status: RUNNING
Status: RUNNING
Status: RUNNING
Status: RUNNING
Status: RUNNING
Status: RUNNING
Status: RUNNING
Status: RUNNING
Status: RUNNING
Status: RUNNING
Status: RUNNING
Status: COMPLETED
QMEANDisCo: 0.7958
Mutating chain A, position 64: HIS -> ALA
Submitted ./1UBQ_Results/1.pdb
Checking: https://swissmodel.expasy.org/qmean/Cvzaq7.json
Status: QUEUEING
Status: QUEUEING
Status: QUEUEING
Status: QUEUEING
Status: QUEUEING
Status: QUEUEING
Status: QUEUEING
Status: QUEUEING
Status: RUNNING
Status: RUNNING
Status: RUNNING
Status: RUNNING
Status: RUNNING
Status: RUNNING
Status: RUNNING
Status: RUNNING
Status: RUNNING
Status: RUNNING
Status: RUNNING
Status: RUNNING
Status: RUNNING
Status: RUNNING
Status: RUNNING
Status: RUNNING
Status: RUNNING
Status: RUNNING
Status: RUNNING
Status: RUNNING
Status: RUNNING
Status: RUNNING
Status: RUNNING
Status: RUNNING
Status: RUNNING
Status: RUNNING
Status: RUNNING
Status: RUNNING
Status: COMPLETED
QMEANDisCo: 0.7995
Mutating chain A, position 17: VAL -> PRO
Submitted ./1UBQ_Results/1.pdb
Checking: https://swissmodel.expasy.org/qmean/W35kfS.json
Status: QUEUEING
Status: QUEUEING
Status: QUEUEING
Status: QUEUEING
Status: QUEUEING
Status: QUEUEING
Status: QUEUEING
Status: RUNNING
Status: RUNNING
Status: RUNNING
Status: RUNNING
Status: RUNNING
Status: RUNNING
Status: RUNNING
Status: RUNNING
Status: RUNNING
Status: RUNNING
Status: RUNNING
Status: RUNNING
Status: RUNNING
Status: RUNNING
Status: RUNNING
Status: RUNNING
Status: RUNNING
Status: RUNNING
Status: RUNNING
Status: RUNNING
Status: RUNNING
Status: RUNNING
Status: RUNNING
Status: RUNNING
Status: RUNNING
Status: RUNNING
Status: RUNNING
Status: RUNNING
Status: RUNNING
Status: RUNNING
Status: RUNNING
Status: RUNNING
Status: RUNNING
Status: RUNNING
Status: RUNNING
Status: RUNNING
Status: RUNNING
Status: RUNNING
Status: RUNNING
Status: RUNNING
Status: RUNNING
Status: RUNNING
Status: RUNNING
Status: RUNNING
Status: RUNNING
Status: RUNNING
Status: RUNNING
Status: RUNNING
Status: RUNNING
Status: RUNNING
Status: RUNNING
Status: RUNNING
Status: RUNNING
Status: RUNNING
Status: RUNNING
Status: RUNNING
Status: RUNNING
Status: RUNNING
Status: RUNNING
Status: COMPLETED
QMEANDisCo: 0.7913
Mutating chain A, position 41: GLN -> ASN
Submitted ./1UBQ_Results/1.pdb
Checking: https://swissmodel.expasy.org/qmean/pRubxd.json
Status: QUEUEING
Status: QUEUEING
Status: QUEUEING
Status: QUEUEING
Status: QUEUEING
Status: QUEUEING
Status: QUEUEING
Status: RUNNING
Status: RUNNING
Status: RUNNING
Status: RUNNING
Status: RUNNING
Status: RUNNING
Status: RUNNING
Status: RUNNING
Status: RUNNING
Status: RUNNING
Status: RUNNING
Status: RUNNING
Status: RUNNING
Status: RUNNING
Status: RUNNING
Status: RUNNING
Status: RUNNING
Status: RUNNING
Status: RUNNING
Status: RUNNING
Status: RUNNING
Status: RUNNING
Status: RUNNING
Status: RUNNING
Status: RUNNING
Status: RUNNING
Status: RUNNING
Status: RUNNING
Status: RUNNING
Status: RUNNING
Status: RUNNING
Status: RUNNING
Status: RUNNING
Status: RUNNING
Status: RUNNING
Status: RUNNING
Status: RUNNING
Status: RUNNING
Status: RUNNING
Status: RUNNING
Status: RUNNING
Status: RUNNING
Status: RUNNING
Status: RUNNING
Status: RUNNING
Status: RUNNING
Status: RUNNING
Status: RUNNING
Status: RUNNING
Status: RUNNING
Status: RUNNING
Status: RUNNING
Status: RUNNING
Status: RUNNING
Status: RUNNING
Status: RUNNING
Status: RUNNING
Status: RUNNING
Status: RUNNING
Status: COMPLETED
QMEANDisCo: 0.7966
Mutating chain A, position 10: GLY -> ASN
Submitted ./1UBQ_Results/1.pdb
Checking: https://swissmodel.expasy.org/qmean/mrzbfg.json
Status: QUEUEING
Status: QUEUEING
Status: QUEUEING
Status: QUEUEING
Status: QUEUEING
Status: QUEUEING
Status: QUEUEING
Status: RUNNING
Status: RUNNING
Status: RUNNING
Status: RUNNING
Status: RUNNING
Status: RUNNING
Status: RUNNING
Status: RUNNING
Status: RUNNING
Status: RUNNING
Status: RUNNING
Status: RUNNING
Status: RUNNING
Status: RUNNING
Status: RUNNING
Status: RUNNING
Status: RUNNING
Status: RUNNING
Status: RUNNING
Status: RUNNING
Status: RUNNING
Status: RUNNING
Status: RUNNING
Status: RUNNING
Status: RUNNING
Status: RUNNING
Status: RUNNING
Status: RUNNING
Status: RUNNING
Status: RUNNING
Status: RUNNING
Status: RUNNING
Status: RUNNING
Status: RUNNING
Status: RUNNING
Status: RUNNING
Status: RUNNING
Status: RUNNING
Status: RUNNING
Status: RUNNING
Status: RUNNING
Status: RUNNING
Status: RUNNING
Status: RUNNING
Status: RUNNING
Status: RUNNING
Status: RUNNING
Status: RUNNING
Status: RUNNING
Status: RUNNING
Status: RUNNING
Status: RUNNING
Status: RUNNING
Status: RUNNING
Status: RUNNING
Status: RUNNING
Status: RUNNING
Status: RUNNING
Status: RUNNING
Status: COMPLETED
QMEANDisCo: 0.7926
Mutating chain A, position 46: ALA -> HIS
Submitted ./1UBQ_Results/1.pdb
Checking: https://swissmodel.expasy.org/qmean/WfvGSs.json
Status: QUEUEING
Status: QUEUEING
Status: QUEUEING
Status: QUEUEING
Status: QUEUEING
Status: QUEUEING
Status: QUEUEING
Status: QUEUEING
Status: QUEUEING
Status: QUEUEING
Status: QUEUEING
Status: QUEUEING
Status: QUEUEING
Status: QUEUEING
Status: QUEUEING
Status: RUNNING
Status: RUNNING
Status: RUNNING
Status: RUNNING
Status: RUNNING
Status: RUNNING
Status: RUNNING
Status: RUNNING
Status: RUNNING
Status: RUNNING
Status: RUNNING
Status: RUNNING
Status: RUNNING
Status: RUNNING
Status: RUNNING
Status: RUNNING
Status: RUNNING
Status: RUNNING
Status: RUNNING
Status: RUNNING
Status: RUNNING
Status: RUNNING
Status: RUNNING
Status: RUNNING
Status: RUNNING
Status: RUNNING
Status: RUNNING
Status: RUNNING
Status: RUNNING
Status: RUNNING
Status: RUNNING
Status: RUNNING
Status: RUNNING
Status: RUNNING
Status: RUNNING
Status: RUNNING
Status: RUNNING
Status: RUNNING
Status: RUNNING
Status: RUNNING
Status: RUNNING
Status: RUNNING
Status: RUNNING
Status: RUNNING
Status: RUNNING
Status: RUNNING
Status: RUNNING
Status: RUNNING
Status: RUNNING
Status: RUNNING
Status: RUNNING
Status: COMPLETED
QMEANDisCo: 0.7952
Mutating chain A, position 21: ASP -> CYS
Submitted ./1UBQ_Results/1.pdb
Checking: https://swissmodel.expasy.org/qmean/vBKCg4.json
Status: QUEUEING
Status: QUEUEING
Status: QUEUEING
Status: QUEUEING
Status: QUEUEING
Status: QUEUEING
Status: QUEUEING
Status: QUEUEING
Status: RUNNING
Status: RUNNING
Status: RUNNING
Status: RUNNING
Status: RUNNING
Status: RUNNING
Status: RUNNING
Status: RUNNING
Status: RUNNING
Status: RUNNING
Status: RUNNING
Status: RUNNING
Status: RUNNING
Status: RUNNING
Status: RUNNING
Status: RUNNING
Status: RUNNING
Status: RUNNING
Status: RUNNING
Status: RUNNING
Status: RUNNING
Status: RUNNING
Status: RUNNING
Status: RUNNING
Status: RUNNING
Status: RUNNING
Status: RUNNING
Status: RUNNING
Status: RUNNING
Status: RUNNING
Status: RUNNING
Status: RUNNING
Status: RUNNING
Status: RUNNING
Status: RUNNING
Status: RUNNING
Status: RUNNING
Status: RUNNING
Status: RUNNING
Status: RUNNING
Status: RUNNING
Status: RUNNING
Status: RUNNING
Status: RUNNING
Status: RUNNING
Status: RUNNING
Status: RUNNING
Status: RUNNING
Status: RUNNING
Status: RUNNING
Status: RUNNING
Status: RUNNING
Status: RUNNING
Status: RUNNING
Status: RUNNING
Status: RUNNING
Status: RUNNING
Status: RUNNING
Status: RUNNING
Status: COMPLETED
QMEANDisCo: 0.7868
Mutating chain A, position 19: PRO -> CYS
Submitted ./1UBQ_Results/1.pdb
Checking: https://swissmodel.expasy.org/qmean/K2P4nU.json
Status: QUEUEING
Status: QUEUEING
Status: QUEUEING
Status: QUEUEING
Status: QUEUEING
Status: QUEUEING
Status: QUEUEING
Status: QUEUEING
Status: RUNNING
Status: RUNNING
Status: RUNNING
Status: RUNNING
Status: RUNNING
Status: RUNNING
Status: RUNNING
Status: RUNNING
Status: RUNNING
Status: RUNNING
Status: RUNNING
Status: RUNNING
Status: RUNNING
Status: RUNNING
Status: RUNNING
Status: RUNNING
Status: RUNNING
Status: RUNNING
Status: RUNNING
Status: RUNNING
Status: RUNNING
Status: RUNNING
Status: RUNNING
Status: RUNNING
Status: RUNNING
Status: RUNNING
Status: RUNNING
Status: RUNNING
Status: RUNNING
Status: RUNNING
Status: RUNNING
Status: RUNNING
Status: RUNNING
Status: RUNNING
Status: RUNNING
Status: RUNNING
Status: RUNNING
Status: RUNNING
Status: RUNNING
Status: RUNNING
Status: RUNNING
Status: RUNNING
Status: RUNNING
Status: RUNNING
Status: RUNNING
Status: RUNNING
Status: RUNNING
Status: RUNNING
Status: RUNNING
Status: RUNNING
Status: RUNNING
Status: RUNNING
Status: RUNNING
Status: RUNNING
Status: RUNNING
Status: RUNNING
Status: RUNNING
Status: RUNNING
Status: RUNNING
Status: COMPLETED
QMEANDisCo: 0.7933
Mutating chain A, position 36: ILE -> CYS
Submitted ./1UBQ_Results/1.pdb
Checking: https://swissmodel.expasy.org/qmean/RMptxS.json
Status: QUEUEING
Status: QUEUEING
Status: QUEUEING
Status: QUEUEING
Status: QUEUEING
Status: QUEUEING
Status: QUEUEING
Status: RUNNING
Status: RUNNING
Status: RUNNING
Status: RUNNING
Status: RUNNING
Status: RUNNING
Status: RUNNING
Status: RUNNING
Status: RUNNING
Status: RUNNING
Status: RUNNING
Status: RUNNING
Status: RUNNING
Status: RUNNING
Status: RUNNING
Status: RUNNING
Status: RUNNING
Status: RUNNING
Status: RUNNING
Status: RUNNING
Status: RUNNING
Status: RUNNING
Status: RUNNING
Status: RUNNING
Status: RUNNING
Status: RUNNING
Status: RUNNING
Status: RUNNING
Status: RUNNING
Status: RUNNING
Status: COMPLETED
QMEANDisCo: 0.7987
Mutating chain A, position 25: ASN -> VAL
Submitted ./1UBQ_Results/1.pdb
Checking: https://swissmodel.expasy.org/qmean/VNWCV3.json
Status: QUEUEING
Status: QUEUEING
Status: QUEUEING
Status: QUEUEING
Status: QUEUEING
Status: QUEUEING
Status: QUEUEING
Status: RUNNING
Status: RUNNING
Status: RUNNING
Status: RUNNING
Status: RUNNING
Status: RUNNING
Status: RUNNING
Status: RUNNING
Status: RUNNING
Status: RUNNING
Status: RUNNING
Status: RUNNING
Status: RUNNING
Status: RUNNING
Status: RUNNING
Status: RUNNING
Status: RUNNING
Status: RUNNING
Status: RUNNING
Status: RUNNING
Status: RUNNING
Status: RUNNING
Status: RUNNING
Status: RUNNING
Status: RUNNING
Status: RUNNING
Status: RUNNING
Status: RUNNING
Status: RUNNING
Status: RUNNING
Status: RUNNING
Status: RUNNING
Status: RUNNING
Status: RUNNING
Status: RUNNING
Status: RUNNING
Status: RUNNING
Status: RUNNING
Status: RUNNING
Status: RUNNING
Status: RUNNING
Status: RUNNING
Status: RUNNING
Status: RUNNING
Status: RUNNING
Status: RUNNING
Status: RUNNING
Status: RUNNING
Status: RUNNING
Status: RUNNING
Status: RUNNING
Status: RUNNING
Status: RUNNING
Status: RUNNING
Status: RUNNING
Status: RUNNING
Status: RUNNING
Status: RUNNING
Status: RUNNING
Status: COMPLETED
QMEANDisCo: 0.7964
Mutating chain A, position 2: GLN -> GLU
Submitted ./1UBQ_Results/1.pdb
Checking: https://swissmodel.expasy.org/qmean/rWtfR3.json
Status: QUEUEING
Status: QUEUEING
Status: QUEUEING
Status: QUEUEING
Status: QUEUEING
Status: QUEUEING
Status: QUEUEING
Status: RUNNING
Status: RUNNING
Status: RUNNING
Status: RUNNING
Status: RUNNING
Status: RUNNING
Status: RUNNING
Status: RUNNING
Status: RUNNING
Status: RUNNING
Status: RUNNING
Status: RUNNING
Status: RUNNING
Status: RUNNING
Status: RUNNING
Status: RUNNING
Status: RUNNING
Status: RUNNING
Status: RUNNING
Status: RUNNING
Status: RUNNING
Status: RUNNING
Status: RUNNING
Status: RUNNING
Status: RUNNING
Status: RUNNING
Status: RUNNING
Status: RUNNING
Status: RUNNING
Status: RUNNING
Status: RUNNING
Status: RUNNING
Status: RUNNING
Status: RUNNING
Status: RUNNING
Status: RUNNING
Status: RUNNING
Status: RUNNING
Status: RUNNING
Status: RUNNING
Status: RUNNING
Status: RUNNING
Status: RUNNING
Status: RUNNING
Status: RUNNING
Status: RUNNING
Status: RUNNING
Status: RUNNING
Status: RUNNING
Status: RUNNING
Status: RUNNING
Status: RUNNING
Status: RUNNING
Status: RUNNING
Status: RUNNING
Status: RUNNING
Status: RUNNING
Status: RUNNING
Status: RUNNING
Status: COMPLETED
QMEANDisCo: 0.8029
Mutating chain A, position 56: LEU -> THR
Submitted ./1UBQ_Results/1.pdb
Checking: https://swissmodel.expasy.org/qmean/nt9XQ5.json
Status: QUEUEING
Status: QUEUEING
Status: QUEUEING
Status: QUEUEING
Status: QUEUEING
Status: QUEUEING
Status: QUEUEING
Status: QUEUEING
Status: RUNNING
Status: RUNNING
Status: RUNNING
Status: RUNNING
Status: RUNNING
Status: RUNNING
Status: RUNNING
Status: RUNNING
Status: RUNNING
Status: RUNNING
Status: RUNNING
Status: RUNNING
Status: RUNNING
Status: RUNNING
Status: RUNNING
Status: RUNNING
Status: RUNNING
Status: RUNNING
Status: RUNNING
Status: RUNNING
Status: RUNNING
Status: RUNNING
Status: RUNNING
Status: RUNNING
Status: RUNNING
Status: RUNNING
Status: RUNNING
Status: RUNNING
Status: RUNNING
Status: RUNNING
Status: RUNNING
Status: RUNNING
Status: RUNNING
Status: RUNNING
Status: RUNNING
Status: RUNNING
Status: RUNNING
Status: RUNNING
Status: RUNNING
Status: RUNNING
Status: RUNNING
Status: RUNNING
Status: RUNNING
Status: RUNNING
Status: RUNNING
Status: RUNNING
Status: RUNNING
Status: RUNNING
Status: RUNNING
Status: RUNNING
Status: RUNNING
Status: RUNNING
Status: RUNNING
Status: RUNNING
Status: RUNNING
Status: RUNNING
Status: RUNNING
Status: RUNNING
Status: COMPLETED
QMEANDisCo: 0.7978
Mutating chain A, position 20: SER -> GLY
Submitted ./1UBQ_Results/1.pdb
Checking: https://swissmodel.expasy.org/qmean/aQEp7u.json
Status: QUEUEING
Status: QUEUEING
Status: QUEUEING
Status: QUEUEING
Status: QUEUEING
Status: QUEUEING
Status: QUEUEING
Status: RUNNING
Status: RUNNING
Status: RUNNING
Status: RUNNING
Status: RUNNING
Status: RUNNING
Status: RUNNING
Status: RUNNING
Status: RUNNING
Status: RUNNING
Status: RUNNING
Status: RUNNING
Status: RUNNING
Status: RUNNING
Status: RUNNING
Status: RUNNING
Status: RUNNING
Status: RUNNING
Status: RUNNING
Status: RUNNING
Status: RUNNING
Status: RUNNING
Status: RUNNING
Status: RUNNING
Status: RUNNING
Status: RUNNING
Status: RUNNING
Status: RUNNING
Status: RUNNING
Status: RUNNING
Status: RUNNING
Status: RUNNING
Status: RUNNING
Status: RUNNING
Status: RUNNING
Status: RUNNING
Status: RUNNING
Status: RUNNING
Status: RUNNING
Status: RUNNING
Status: RUNNING
Status: RUNNING
Status: RUNNING
Status: RUNNING
Status: RUNNING
Status: RUNNING
Status: RUNNING
Status: RUNNING
Status: RUNNING
Status: RUNNING
Status: RUNNING
Status: RUNNING
Status: RUNNING
Status: RUNNING
Status: RUNNING
Status: RUNNING
Status: RUNNING
Status: RUNNING
Status: RUNNING
Status: COMPLETED
QMEANDisCo: 0.7979
Mutating chain A, position 15: LEU -> GLN
Submitted ./1UBQ_Results/1.pdb
Checking: https://swissmodel.expasy.org/qmean/TLSMfp.json
Status: QUEUEING
Status: QUEUEING
Status: QUEUEING
Status: QUEUEING
Status: QUEUEING
Status: QUEUEING
Status: QUEUEING
Status: RUNNING
Status: RUNNING
Status: RUNNING
Status: RUNNING
Status: RUNNING
Status: RUNNING
Status: RUNNING
Status: RUNNING
Status: RUNNING
Status: RUNNING
Status: RUNNING
Status: RUNNING
Status: RUNNING
Status: RUNNING
Status: RUNNING
Status: RUNNING
Status: RUNNING
Status: RUNNING
Status: RUNNING
Status: RUNNING
Status: RUNNING
Status: RUNNING
Status: RUNNING
Status: RUNNING
Status: RUNNING
Status: RUNNING
Status: RUNNING
Status: RUNNING
Status: RUNNING
Status: RUNNING
Status: RUNNING
Status: RUNNING
Status: RUNNING
Status: RUNNING
Status: RUNNING
Status: RUNNING
Status: RUNNING
Status: RUNNING
Status: RUNNING
Status: RUNNING
Status: RUNNING
Status: RUNNING
Status: RUNNING
Status: RUNNING
Status: RUNNING
Status: RUNNING
Status: RUNNING
Status: RUNNING
Status: RUNNING
Status: RUNNING
Status: RUNNING
Status: RUNNING
Status: RUNNING
Status: RUNNING
Status: RUNNING
Status: RUNNING
Status: RUNNING
Status: RUNNING
Status: RUNNING
Status: COMPLETED
QMEANDisCo: 0.7913
Mutating chain A, position 38: PRO -> MET
Submitted ./1UBQ_Results/1.pdb
Checking: https://swissmodel.expasy.org/qmean/VRJ8bb.json
Status: QUEUEING
Status: QUEUEING
Status: QUEUEING
Status: QUEUEING
Status: QUEUEING
Status: QUEUEING
Status: QUEUEING
Status: RUNNING
Status: RUNNING
Status: RUNNING
Status: RUNNING
Status: RUNNING
Status: RUNNING
Status: RUNNING
Status: RUNNING
Status: RUNNING
Status: RUNNING
Status: RUNNING
Status: RUNNING
Status: RUNNING
Status: RUNNING
Status: RUNNING
Status: RUNNING
Status: RUNNING
Status: RUNNING
Status: RUNNING
Status: RUNNING
Status: RUNNING
Status: RUNNING
Status: RUNNING
Status: RUNNING
Status: RUNNING
Status: RUNNING
Status: RUNNING
Status: RUNNING
Status: RUNNING
Status: RUNNING
Status: RUNNING
Status: RUNNING
Status: RUNNING
Status: RUNNING
Status: RUNNING
Status: RUNNING
Status: RUNNING
Status: RUNNING
Status: RUNNING
Status: RUNNING
Status: RUNNING
Status: RUNNING
Status: RUNNING
Status: RUNNING
Status: RUNNING
Status: RUNNING
Status: RUNNING
Status: RUNNING
Status: RUNNING
Status: RUNNING
Status: RUNNING
Status: RUNNING
Status: RUNNING
Status: RUNNING
Status: RUNNING
Status: RUNNING
Status: RUNNING
Status: RUNNING
Status: RUNNING
Status: RUNNING
Status: COMPLETED
QMEANDisCo: 0.7956
Mutating chain A, position 64: HIS -> GLU
Submitted ./1UBQ_Results/1.pdb
Checking: https://swissmodel.expasy.org/qmean/vYZcG7.json
Status: QUEUEING
Status: QUEUEING
Status: QUEUEING
Status: QUEUEING
Status: QUEUEING
Status: QUEUEING
Status: RUNNING
Status: RUNNING
Status: RUNNING
Status: RUNNING
Status: RUNNING
Status: RUNNING
Status: RUNNING
Status: RUNNING
Status: RUNNING
Status: RUNNING
Status: RUNNING
Status: RUNNING
Status: RUNNING
Status: RUNNING
Status: RUNNING
Status: RUNNING
Status: RUNNING
Status: RUNNING
Status: RUNNING
Status: RUNNING
Status: RUNNING
Status: RUNNING
Status: RUNNING
Status: RUNNING
Status: RUNNING
Status: RUNNING
Status: RUNNING
Status: RUNNING
Status: RUNNING
Status: RUNNING
Status: COMPLETED
QMEANDisCo: 0.8076
Mutating chain A, position 50: LEU -> GLN
Submitted ./1UBQ_Results/1.pdb
Checking: https://swissmodel.expasy.org/qmean/yzHBzY.json
Status: QUEUEING
Status: QUEUEING
Status: QUEUEING
Status: QUEUEING
Status: QUEUEING
Status: QUEUEING
Status: QUEUEING
Status: RUNNING
Status: RUNNING
Status: RUNNING
Status: RUNNING
Status: RUNNING
Status: RUNNING
Status: RUNNING
Status: RUNNING
Status: RUNNING
Status: RUNNING
Status: RUNNING
Status: RUNNING
Status: RUNNING
Status: RUNNING
Status: RUNNING
Status: RUNNING
Status: RUNNING
Status: RUNNING
Status: RUNNING
Status: RUNNING
Status: RUNNING
Status: RUNNING
Status: RUNNING
Status: RUNNING
Status: RUNNING
Status: RUNNING
Status: RUNNING
Status: RUNNING
Status: RUNNING
Status: RUNNING
Status: RUNNING
Status: RUNNING
Status: RUNNING
Status: RUNNING
Status: RUNNING
Status: RUNNING
Status: RUNNING
Status: RUNNING
Status: RUNNING
Status: RUNNING
Status: RUNNING
Status: RUNNING
Status: RUNNING
Status: RUNNING
Status: RUNNING
Status: RUNNING
Status: RUNNING
Status: RUNNING
Status: RUNNING
Status: RUNNING
Status: RUNNING
Status: RUNNING
Status: RUNNING
Status: RUNNING
Status: RUNNING
Status: RUNNING
Status: RUNNING
Status: RUNNING
Status: RUNNING
Status: RUNNING
Status: COMPLETED
QMEANDisCo: 0.7969
Mutating chain A, position 39: ASP -> ALA
Submitted ./1UBQ_Results/1.pdb
Checking: https://swissmodel.expasy.org/qmean/9bFPL9.json
Status: QUEUEING
Status: QUEUEING
Status: QUEUEING
Status: QUEUEING
Status: QUEUEING
Status: QUEUEING
Status: QUEUEING
Status: QUEUEING
Status: RUNNING
Status: RUNNING
Status: RUNNING
Status: RUNNING
Status: RUNNING
Status: RUNNING
Status: RUNNING
Status: RUNNING
Status: RUNNING
Status: RUNNING
Status: RUNNING
Status: RUNNING
Status: RUNNING
Status: RUNNING
Status: RUNNING
Status: RUNNING
Status: RUNNING
Status: RUNNING
Status: RUNNING
Status: RUNNING
Status: RUNNING
Status: RUNNING
Status: RUNNING
Status: RUNNING
Status: RUNNING
Status: RUNNING
Status: RUNNING
Status: RUNNING
Status: RUNNING
Status: RUNNING
Status: RUNNING
Status: RUNNING
Status: RUNNING
Status: RUNNING
Status: RUNNING
Status: RUNNING
Status: RUNNING
Status: RUNNING
Status: RUNNING
Status: RUNNING
Status: RUNNING
Status: RUNNING
Status: RUNNING
Status: RUNNING
Status: RUNNING
Status: RUNNING
Status: RUNNING
Status: RUNNING
Status: RUNNING
Status: RUNNING
Status: RUNNING
Status: RUNNING
Status: RUNNING
Status: RUNNING
Status: RUNNING
Status: RUNNING
Status: RUNNING
Status: RUNNING
Status: RUNNING
Status: COMPLETED
QMEANDisCo: 0.7960
Mutating chain A, position 68: HIS -> GLY
Submitted ./1UBQ_Results/1.pdb
Checking: https://swissmodel.expasy.org/qmean/L8mqLe.json
Status: QUEUEING
Status: QUEUEING
Status: QUEUEING
Status: QUEUEING
Status: QUEUEING
Status: QUEUEING
Status: QUEUEING
Status: QUEUEING
Status: RUNNING
Status: RUNNING
Status: RUNNING
Status: RUNNING
Status: RUNNING
Status: RUNNING
Status: RUNNING
Status: RUNNING
Status: RUNNING
Status: RUNNING
Status: RUNNING
Status: RUNNING
Status: RUNNING
Status: RUNNING
Status: RUNNING
Status: RUNNING
Status: RUNNING
Status: RUNNING
Status: RUNNING
Status: RUNNING
Status: RUNNING
Status: RUNNING
Status: RUNNING
Status: RUNNING
Status: RUNNING
Status: RUNNING
Status: RUNNING
Status: RUNNING
Status: RUNNING
Status: RUNNING
Status: RUNNING
Status: RUNNING
Status: RUNNING
Status: RUNNING
Status: RUNNING
Status: RUNNING
Status: RUNNING
Status: RUNNING
Status: RUNNING
Status: RUNNING
Status: RUNNING
Status: RUNNING
Status: RUNNING
Status: RUNNING
Status: RUNNING
Status: RUNNING
Status: RUNNING
Status: RUNNING
Status: RUNNING
Status: RUNNING
Status: RUNNING
Status: RUNNING
Status: RUNNING
Status: RUNNING
Status: RUNNING
Status: RUNNING
Status: RUNNING
Status: RUNNING
Status: COMPLETED
QMEANDisCo: 0.7974
Mutating chain A, position 41: GLN -> PRO
Submitted ./1UBQ_Results/1.pdb
Checking: https://swissmodel.expasy.org/qmean/WrUqYf.json
Status: QUEUEING
Status: QUEUEING
Status: QUEUEING
Status: QUEUEING
Status: QUEUEING
Status: QUEUEING
Status: QUEUEING
Status: RUNNING
Status: RUNNING
Status: RUNNING
Status: RUNNING
Status: RUNNING
Status: RUNNING
Status: RUNNING
Status: RUNNING
Status: RUNNING
Status: RUNNING
Status: RUNNING
Status: RUNNING
Status: RUNNING
Status: RUNNING
Status: RUNNING
Status: RUNNING
Status: RUNNING
Status: RUNNING
Status: RUNNING
Status: RUNNING
Status: RUNNING
Status: RUNNING
Status: RUNNING
Status: RUNNING
Status: RUNNING
Status: RUNNING
Status: RUNNING
Status: RUNNING
Status: RUNNING
Status: RUNNING
Status: RUNNING
Status: RUNNING
Status: RUNNING
Status: RUNNING
Status: RUNNING
Status: RUNNING
Status: RUNNING
Status: RUNNING
Status: RUNNING
Status: RUNNING
Status: RUNNING
Status: RUNNING
Status: RUNNING
Status: RUNNING
Status: RUNNING
Status: RUNNING
Status: RUNNING
Status: RUNNING
Status: RUNNING
Status: RUNNING
Status: RUNNING
Status: RUNNING
Status: RUNNING
Status: RUNNING
Status: RUNNING
Status: RUNNING
Status: RUNNING
Status: RUNNING
Status: COMPLETED
QMEANDisCo: 0.7896
Mutating chain A, position 47: GLY -> TRP
Submitted ./1UBQ_Results/1.pdb
Checking: https://swissmodel.expasy.org/qmean/bJEM6C.json
Status: QUEUEING
Status: QUEUEING
Status: QUEUEING
Status: QUEUEING
Status: QUEUEING
Status: QUEUEING
Status: QUEUEING
Status: RUNNING
Status: RUNNING
Status: RUNNING
Status: RUNNING
Status: RUNNING
Status: RUNNING
Status: RUNNING
Status: RUNNING
Status: RUNNING
Status: RUNNING
Status: RUNNING
Status: RUNNING
Status: RUNNING
Status: RUNNING
Status: RUNNING
Status: RUNNING
Status: RUNNING
Status: RUNNING
Status: RUNNING
Status: RUNNING
Status: RUNNING
Status: RUNNING
Status: RUNNING
Status: RUNNING
Status: RUNNING
Status: RUNNING
Status: RUNNING
Status: RUNNING
Status: RUNNING
Status: RUNNING
Status: RUNNING
Status: RUNNING
Status: RUNNING
Status: RUNNING
Status: RUNNING
Status: RUNNING
Status: RUNNING
Status: RUNNING
Status: RUNNING
Status: RUNNING
Status: RUNNING
Status: RUNNING
Status: RUNNING
Status: RUNNING
Status: RUNNING
Status: RUNNING
Status: RUNNING
Status: RUNNING
Status: RUNNING
Status: RUNNING
Status: RUNNING
Status: RUNNING
Status: RUNNING
Status: RUNNING
Status: RUNNING
Status: RUNNING
Status: RUNNING
Status: RUNNING
Status: COMPLETED
QMEANDisCo: 0.7918
Mutating chain A, position 21: ASP -> CYS
Submitted ./1UBQ_Results/1.pdb
Checking: https://swissmodel.expasy.org/qmean/FaLupQ.json
Status: QUEUEING
Status: QUEUEING
Status: QUEUEING
Status: QUEUEING
Status: QUEUEING
Status: QUEUEING
Status: QUEUEING
Status: RUNNING
Status: RUNNING
Status: RUNNING
Status: RUNNING
Status: RUNNING
Status: RUNNING
Status: RUNNING
Status: RUNNING
Status: RUNNING
Status: RUNNING
Status: RUNNING
Status: RUNNING
Status: RUNNING
Status: RUNNING
Status: RUNNING
Status: RUNNING
Status: RUNNING
Status: RUNNING
Status: RUNNING
Status: RUNNING
Status: RUNNING
Status: RUNNING
Status: RUNNING
Status: RUNNING
Status: RUNNING
Status: RUNNING
Status: RUNNING
Status: RUNNING
Status: RUNNING
Status: COMPLETED
QMEANDisCo: 0.7868
Mutating chain A, position 1: MET -> GLY
Submitted ./1UBQ_Results/1.pdb
Checking: https://swissmodel.expasy.org/qmean/MbRwWW.json
Status: QUEUEING
Status: QUEUEING
Status: QUEUEING
Status: QUEUEING
Status: QUEUEING
Status: QUEUEING
Status: QUEUEING
Status: RUNNING
Status: RUNNING
Status: RUNNING
Status: RUNNING
Status: RUNNING
Status: RUNNING
Status: RUNNING
Status: RUNNING
Status: RUNNING
Status: RUNNING
Status: RUNNING
Status: RUNNING
Status: RUNNING
Status: RUNNING
Status: RUNNING
Status: RUNNING
Status: RUNNING
Status: RUNNING
Status: RUNNING
Status: RUNNING
Status: RUNNING
Status: RUNNING
Status: RUNNING
Status: RUNNING
Status: RUNNING
Status: RUNNING
Status: RUNNING
Status: RUNNING
Status: RUNNING
Status: RUNNING
Status: RUNNING
Status: RUNNING
Status: RUNNING
Status: RUNNING
Status: RUNNING
Status: RUNNING
Status: RUNNING
Status: RUNNING
Status: RUNNING
Status: RUNNING
Status: RUNNING
Status: RUNNING
Status: RUNNING
Status: RUNNING
Status: RUNNING
Status: RUNNING
Status: RUNNING
Status: RUNNING
Status: RUNNING
Status: RUNNING
Status: RUNNING
Status: RUNNING
Status: RUNNING
Status: RUNNING
Status: RUNNING
Status: RUNNING
Status: RUNNING
Status: RUNNING
Status: RUNNING
Status: RUNNING
Status: COMPLETED
QMEANDisCo: 0.7915
Mutating chain A, position 12: THR -> ARG
Submitted ./1UBQ_Results/1.pdb
Checking: https://swissmodel.expasy.org/qmean/B68MJD.json
Status: QUEUEING
Status: QUEUEING
Status: QUEUEING
Status: QUEUEING
Status: QUEUEING
Status: QUEUEING
Status: QUEUEING
Status: RUNNING
Status: RUNNING
Status: RUNNING
Status: RUNNING
Status: RUNNING
Status: RUNNING
Status: RUNNING
Status: RUNNING
Status: RUNNING
Status: RUNNING
Status: RUNNING
Status: RUNNING
Status: RUNNING
Status: RUNNING
Status: RUNNING
Status: RUNNING
Status: RUNNING
Status: RUNNING
Status: RUNNING
Status: RUNNING
Status: RUNNING
Status: RUNNING
Status: RUNNING
Status: RUNNING
Status: RUNNING
Status: RUNNING
Status: RUNNING
Status: RUNNING
Status: RUNNING
Status: RUNNING
Status: RUNNING
Status: RUNNING
Status: RUNNING
Status: RUNNING
Status: RUNNING
Status: RUNNING
Status: RUNNING
Status: RUNNING
Status: RUNNING
Status: RUNNING
Status: RUNNING
Status: RUNNING
Status: RUNNING
Status: RUNNING
Status: RUNNING
Status: RUNNING
Status: RUNNING
Status: RUNNING
Status: RUNNING
Status: RUNNING
Status: RUNNING
Status: RUNNING
Status: RUNNING
Status: RUNNING
Status: RUNNING
Status: RUNNING
Status: RUNNING
Status: RUNNING
Status: RUNNING
Status: COMPLETED
QMEANDisCo: 0.7941
Mutating chain A, position 10: GLY -> GLN
Submitted ./1UBQ_Results/1.pdb
Checking: https://swissmodel.expasy.org/qmean/gHfwtR.json
Status: QUEUEING
Status: QUEUEING
Status: QUEUEING
Status: QUEUEING
Status: QUEUEING
Status: QUEUEING
Status: QUEUEING
Status: RUNNING
Status: RUNNING
Status: RUNNING
Status: RUNNING
Status: RUNNING
Status: RUNNING
Status: RUNNING
Status: RUNNING
Status: RUNNING
Status: RUNNING
Status: RUNNING
Status: RUNNING
Status: RUNNING
Status: RUNNING
Status: RUNNING
Status: RUNNING
Status: RUNNING
Status: RUNNING
Status: RUNNING
Status: RUNNING
Status: RUNNING
Status: RUNNING
Status: RUNNING
Status: RUNNING
Status: RUNNING
Status: RUNNING
Status: RUNNING
Status: RUNNING
Status: RUNNING
Status: RUNNING
Status: RUNNING
Status: RUNNING
Status: RUNNING
Status: RUNNING
Status: RUNNING
Status: RUNNING
Status: RUNNING
Status: RUNNING
Status: RUNNING
Status: RUNNING
Status: RUNNING
Status: RUNNING
Status: RUNNING
Status: RUNNING
Status: RUNNING
Status: RUNNING
Status: RUNNING
Status: RUNNING
Status: RUNNING
Status: RUNNING
Status: RUNNING
Status: RUNNING
Status: RUNNING
Status: RUNNING
Status: RUNNING
Status: RUNNING
Status: RUNNING
Status: RUNNING
Status: RUNNING
Status: COMPLETED
QMEANDisCo: 0.7870
Mutating chain A, position 73: LEU -> ARG
Submitted ./1UBQ_Results/1.pdb
Checking: https://swissmodel.expasy.org/qmean/CkqJgT.json
Status: QUEUEING
Status: QUEUEING
Status: QUEUEING
Status: QUEUEING
Status: QUEUEING
Status: QUEUEING
Status: QUEUEING
Status: RUNNING
Status: RUNNING
Status: RUNNING
Status: RUNNING
Status: RUNNING
Status: RUNNING
Status: RUNNING
Status: RUNNING
Status: RUNNING
Status: RUNNING
Status: RUNNING
Status: RUNNING
Status: RUNNING
Status: RUNNING
Status: RUNNING
Status: RUNNING
Status: RUNNING
Status: RUNNING
Status: RUNNING
Status: RUNNING
Status: RUNNING
Status: RUNNING
Status: RUNNING
Status: RUNNING
Status: RUNNING
Status: RUNNING
Status: RUNNING
Status: RUNNING
Status: RUNNING
Status: RUNNING
Status: RUNNING
Status: RUNNING
Status: RUNNING
Status: RUNNING
Status: RUNNING
Status: RUNNING
Status: RUNNING
Status: RUNNING
Status: RUNNING
Status: RUNNING
Status: RUNNING
Status: RUNNING
Status: RUNNING
Status: RUNNING
Status: RUNNING
Status: RUNNING
Status: RUNNING
Status: RUNNING
Status: RUNNING
Status: RUNNING
Status: RUNNING
Status: RUNNING
Status: RUNNING
Status: RUNNING
Status: RUNNING
Status: RUNNING
Status: RUNNING
Status: RUNNING
Status: COMPLETED
QMEANDisCo: 0.7860
Mutating chain A, position 41: GLN -> MET
Submitted ./1UBQ_Results/1.pdb
Checking: https://swissmodel.expasy.org/qmean/JLAAJK.json
Status: QUEUEING
Status: QUEUEING
Status: QUEUEING
Status: QUEUEING
Status: QUEUEING
Status: QUEUEING
Status: QUEUEING
Status: QUEUEING
Status: RUNNING
Status: RUNNING
Status: RUNNING
Status: RUNNING
Status: RUNNING
Status: RUNNING
Status: RUNNING
Status: RUNNING
Status: RUNNING
Status: RUNNING
Status: RUNNING
Status: RUNNING
Status: RUNNING
Status: RUNNING
Status: RUNNING
Status: RUNNING
Status: RUNNING
Status: RUNNING
Status: RUNNING
Status: RUNNING
Status: RUNNING
Status: RUNNING
Status: RUNNING
Status: RUNNING
Status: RUNNING
Status: RUNNING
Status: RUNNING
Status: RUNNING
Status: RUNNING
Status: RUNNING
Status: RUNNING
Status: RUNNING
Status: RUNNING
Status: RUNNING
Status: RUNNING
Status: RUNNING
Status: RUNNING
Status: RUNNING
Status: RUNNING
Status: RUNNING
Status: RUNNING
Status: RUNNING
Status: RUNNING
Status: RUNNING
Status: RUNNING
Status: RUNNING
Status: RUNNING
Status: RUNNING
Status: RUNNING
Status: RUNNING
Status: RUNNING
Status: RUNNING
Status: RUNNING
Status: RUNNING
Status: RUNNING
Status: RUNNING
Status: RUNNING
Status: RUNNING
Status: COMPLETED
QMEANDisCo: 0.7921
Mutating chain A, position 39: ASP -> VAL
Submitted ./1UBQ_Results/1.pdb
Checking: https://swissmodel.expasy.org/qmean/gRw4R5.json
Status: QUEUEING
Status: QUEUEING
Status: QUEUEING
Status: QUEUEING
Status: QUEUEING
Status: QUEUEING
Status: QUEUEING
Status: RUNNING
Status: RUNNING
Status: RUNNING
Status: RUNNING
Status: RUNNING
Status: RUNNING
Status: RUNNING
Status: RUNNING
Status: RUNNING
Status: RUNNING
Status: RUNNING
Status: RUNNING
Status: RUNNING
Status: RUNNING
Status: RUNNING
Status: RUNNING
Status: RUNNING
Status: RUNNING
Status: RUNNING
Status: RUNNING
Status: RUNNING
Status: RUNNING
Status: RUNNING
Status: RUNNING
Status: RUNNING
Status: RUNNING
Status: RUNNING
Status: RUNNING
Status: RUNNING
Status: RUNNING
Status: RUNNING
Status: RUNNING
Status: RUNNING
Status: RUNNING
Status: RUNNING
Status: RUNNING
Status: RUNNING
Status: RUNNING
Status: RUNNING
Status: RUNNING
Status: RUNNING
Status: RUNNING
Status: RUNNING
Status: RUNNING
Status: RUNNING
Status: RUNNING
Status: RUNNING
Status: RUNNING
Status: RUNNING
Status: RUNNING
Status: RUNNING
Status: RUNNING
Status: RUNNING
Status: RUNNING
Status: RUNNING
Status: RUNNING
Status: RUNNING
Status: RUNNING
Status: RUNNING
Status: COMPLETED
QMEANDisCo: 0.8025
Mutating chain A, position 12: THR -> LYS
Submitted ./1UBQ_Results/1.pdb
Checking: https://swissmodel.expasy.org/qmean/tj3YvU.json
Status: QUEUEING
Status: QUEUEING
Status: QUEUEING
Status: QUEUEING
Status: QUEUEING
Status: QUEUEING
Status: QUEUEING
Status: RUNNING
Status: RUNNING
Status: RUNNING
Status: RUNNING
Status: RUNNING
Status: RUNNING
Status: RUNNING
Status: RUNNING
Status: RUNNING
Status: RUNNING
Status: RUNNING
Status: RUNNING
Status: RUNNING
Status: RUNNING
Status: RUNNING
Status: RUNNING
Status: RUNNING
Status: RUNNING
Status: RUNNING
Status: RUNNING
Status: RUNNING
Status: RUNNING
Status: RUNNING
Status: RUNNING
Status: RUNNING
Status: RUNNING
Status: RUNNING
Status: RUNNING
Status: RUNNING
Status: RUNNING
Status: COMPLETED
QMEANDisCo: 0.7944
Mutating chain A, position 66: THR -> CYS
Submitted ./1UBQ_Results/1.pdb
Checking: https://swissmodel.expasy.org/qmean/p2MCEA.json
Status: QUEUEING
Status: QUEUEING
Status: QUEUEING
Status: QUEUEING
Status: QUEUEING
Status: QUEUEING
Status: QUEUEING
Status: RUNNING
Status: RUNNING
Status: RUNNING
Status: RUNNING
Status: RUNNING
Status: RUNNING
Status: RUNNING
Status: RUNNING
Status: RUNNING
Status: RUNNING
Status: RUNNING
Status: RUNNING
Status: RUNNING
Status: RUNNING
Status: RUNNING
Status: RUNNING
Status: RUNNING
Status: RUNNING
Status: RUNNING
Status: RUNNING
Status: RUNNING
Status: RUNNING
Status: RUNNING
Status: RUNNING
Status: RUNNING
Status: RUNNING
Status: RUNNING
Status: RUNNING
Status: RUNNING
Status: RUNNING
Status: RUNNING
Status: RUNNING
Status: RUNNING
Status: RUNNING
Status: RUNNING
Status: RUNNING
Status: RUNNING
Status: RUNNING
Status: RUNNING
Status: RUNNING
Status: RUNNING
Status: RUNNING
Status: RUNNING
Status: RUNNING
Status: RUNNING
Status: RUNNING
Status: RUNNING
Status: RUNNING
Status: RUNNING
Status: RUNNING
Status: RUNNING
Status: RUNNING
Status: RUNNING
Status: RUNNING
Status: RUNNING
Status: RUNNING
Status: RUNNING
Status: RUNNING
Status: RUNNING
Status: RUNNING
Status: COMPLETED
QMEANDisCo: 0.8017
Mutating chain A, position 31: GLN -> LYS
Submitted ./1UBQ_Results/1.pdb
Checking: https://swissmodel.expasy.org/qmean/hG94Sk.json
Status: QUEUEING
Status: QUEUEING
Status: QUEUEING
Status: QUEUEING
Status: QUEUEING
Status: QUEUEING
Status: QUEUEING
Status: QUEUEING
Status: RUNNING
Status: RUNNING
Status: RUNNING
Status: RUNNING
Status: RUNNING
Status: RUNNING
Status: RUNNING
Status: RUNNING
Status: RUNNING
Status: RUNNING
Status: RUNNING
Status: RUNNING
Status: RUNNING
Status: RUNNING
Status: RUNNING
Status: RUNNING
Status: RUNNING
Status: RUNNING
Status: RUNNING
Status: RUNNING
Status: RUNNING
Status: RUNNING
Status: RUNNING
Status: RUNNING
Status: RUNNING
Status: RUNNING
Status: RUNNING
Status: RUNNING
Status: RUNNING
Status: RUNNING
Status: RUNNING
Status: RUNNING
Status: RUNNING
Status: RUNNING
Status: RUNNING
Status: RUNNING
Status: RUNNING
Status: RUNNING
Status: RUNNING
Status: RUNNING
Status: RUNNING
Status: RUNNING
Status: RUNNING
Status: RUNNING
Status: RUNNING
Status: RUNNING
Status: RUNNING
Status: RUNNING
Status: RUNNING
Status: RUNNING
Status: RUNNING
Status: RUNNING
Status: RUNNING
Status: RUNNING
Status: RUNNING
Status: RUNNING
Status: RUNNING
Status: RUNNING
Status: RUNNING
Status: COMPLETED
QMEANDisCo: 0.8018
Mutating chain A, position 75: GLY -> LYS
Submitted ./1UBQ_Results/1.pdb
Checking: https://swissmodel.expasy.org/qmean/pwXMq8.json
Status: QUEUEING
Status: QUEUEING
Status: QUEUEING
Status: QUEUEING
Status: QUEUEING
Status: QUEUEING
Status: QUEUEING
Status: RUNNING
Status: RUNNING
Status: RUNNING
Status: RUNNING
Status: RUNNING
Status: RUNNING
Status: RUNNING
Status: RUNNING
Status: RUNNING
Status: RUNNING
Status: RUNNING
Status: RUNNING
Status: RUNNING
Status: RUNNING
Status: RUNNING
Status: RUNNING
Status: RUNNING
Status: RUNNING
Status: RUNNING
Status: RUNNING
Status: RUNNING
Status: RUNNING
Status: RUNNING
Status: RUNNING
Status: RUNNING
Status: RUNNING
Status: RUNNING
Status: RUNNING
Status: RUNNING
Status: COMPLETED
QMEANDisCo: 0.7948
Mutating chain A, position 54: ARG -> THR
Submitted ./1UBQ_Results/1.pdb
Checking: https://swissmodel.expasy.org/qmean/ejwp9V.json
Status: QUEUEING
Status: QUEUEING
Status: QUEUEING
Status: QUEUEING
Status: QUEUEING
Status: QUEUEING
Status: QUEUEING
Status: RUNNING
Status: RUNNING
Status: RUNNING
Status: RUNNING
Status: RUNNING
Status: RUNNING
Status: RUNNING
Status: RUNNING
Status: RUNNING
Status: RUNNING
Status: RUNNING
Status: RUNNING
Status: RUNNING
Status: RUNNING
Status: RUNNING
Status: RUNNING
Status: RUNNING
Status: RUNNING
Status: RUNNING
Status: RUNNING
Status: RUNNING
Status: RUNNING
Status: RUNNING
Status: RUNNING
Status: RUNNING
Status: RUNNING
Status: RUNNING
Status: RUNNING
Status: RUNNING
Status: RUNNING
Status: RUNNING
Status: RUNNING
Status: RUNNING
Status: RUNNING
Status: RUNNING
Status: RUNNING
Status: RUNNING
Status: RUNNING
Status: RUNNING
Status: RUNNING
Status: RUNNING
Status: RUNNING
Status: RUNNING
Status: RUNNING
Status: RUNNING
Status: RUNNING
Status: RUNNING
Status: RUNNING
Status: RUNNING
Status: RUNNING
Status: RUNNING
Status: RUNNING
Status: RUNNING
Status: RUNNING
Status: RUNNING
Status: RUNNING
Status: RUNNING
Status: RUNNING
Status: RUNNING
Status: COMPLETED
QMEANDisCo: 0.7937
Mutating chain A, position 35: GLY -> TRP
Submitted ./1UBQ_Results/1.pdb
Checking: https://swissmodel.expasy.org/qmean/faXg9N.json
Status: QUEUEING
Status: QUEUEING
Status: QUEUEING
Status: QUEUEING
Status: QUEUEING
Status: QUEUEING
Status: QUEUEING
Status: RUNNING
Status: RUNNING
Status: RUNNING
Status: RUNNING
Status: RUNNING
Status: RUNNING
Status: RUNNING
Status: RUNNING
Status: RUNNING
Status: RUNNING
Status: RUNNING
Status: RUNNING
Status: RUNNING
Status: RUNNING
Status: RUNNING
Status: RUNNING
Status: RUNNING
Status: RUNNING
Status: RUNNING
Status: RUNNING
Status: RUNNING
Status: RUNNING
Status: RUNNING
Status: RUNNING
Status: RUNNING
Status: RUNNING
Status: RUNNING
Status: RUNNING
Status: RUNNING
Status: RUNNING
Status: RUNNING
Status: RUNNING
Status: RUNNING
Status: RUNNING
Status: RUNNING
Status: RUNNING
Status: RUNNING
Status: RUNNING
Status: RUNNING
Status: RUNNING
Status: RUNNING
Status: RUNNING
Status: RUNNING
Status: RUNNING
Status: RUNNING
Status: RUNNING
Status: RUNNING
Status: RUNNING
Status: RUNNING
Status: RUNNING
Status: RUNNING
Status: RUNNING
Status: RUNNING
Status: RUNNING
Status: RUNNING
Status: RUNNING
Status: RUNNING
Status: RUNNING
Status: RUNNING
Status: COMPLETED
QMEANDisCo: 0.7851
Mutating chain A, position 3: ILE -> LEU
Submitted ./1UBQ_Results/1.pdb
Checking: https://swissmodel.expasy.org/qmean/bazR7t.json
Status: QUEUEING
Status: QUEUEING
Status: QUEUEING
Status: QUEUEING
Status: QUEUEING
Status: QUEUEING
Status: QUEUEING
Status: QUEUEING
Status: RUNNING
Status: RUNNING
Status: RUNNING
Status: RUNNING
Status: RUNNING
Status: RUNNING
Status: RUNNING
Status: RUNNING
Status: RUNNING
Status: RUNNING
Status: RUNNING
Status: RUNNING
Status: RUNNING
Status: RUNNING
Status: RUNNING
Status: RUNNING
Status: RUNNING
Status: RUNNING
Status: RUNNING
Status: RUNNING
Status: RUNNING
Status: RUNNING
Status: RUNNING
Status: RUNNING
Status: RUNNING
Status: RUNNING
Status: RUNNING
Status: RUNNING
Status: RUNNING
Status: RUNNING
Status: RUNNING
Status: RUNNING
Status: RUNNING
Status: RUNNING
Status: RUNNING
Status: RUNNING
Status: RUNNING
Status: RUNNING
Status: RUNNING
Status: RUNNING
Status: RUNNING
Status: RUNNING
Status: RUNNING
Status: RUNNING
Status: RUNNING
Status: RUNNING
Status: RUNNING
Status: RUNNING
Status: RUNNING
Status: RUNNING
Status: RUNNING
Status: RUNNING
Status: RUNNING
Status: RUNNING
Status: RUNNING
Status: RUNNING
Status: RUNNING
Status: RUNNING
Status: RUNNING
Status: COMPLETED
QMEANDisCo: 0.8005
Mutating chain A, position 74: ARG -> CYS
Submitted ./1UBQ_Results/1.pdb
Checking: https://swissmodel.expasy.org/qmean/yJURVf.json
Status: QUEUEING
Status: QUEUEING
Status: QUEUEING
Status: QUEUEING
Status: QUEUEING
Status: QUEUEING
Status: QUEUEING
Status: RUNNING
Status: RUNNING
Status: RUNNING
Status: RUNNING
Status: RUNNING
Status: RUNNING
Status: RUNNING
Status: RUNNING
Status: RUNNING
Status: RUNNING
Status: RUNNING
Status: RUNNING
Status: RUNNING
Status: RUNNING
Status: RUNNING
Status: RUNNING
Status: RUNNING
Status: RUNNING
Status: RUNNING
Status: RUNNING
Status: RUNNING
Status: RUNNING
Status: RUNNING
Status: RUNNING
Status: RUNNING
Status: RUNNING
Status: RUNNING
Status: RUNNING
Status: RUNNING
Status: RUNNING
Status: RUNNING
Status: RUNNING
Status: RUNNING
Status: RUNNING
Status: RUNNING
Status: RUNNING
Status: RUNNING
Status: RUNNING
Status: RUNNING
Status: RUNNING
Status: RUNNING
Status: RUNNING
Status: RUNNING
Status: RUNNING
Status: RUNNING
Status: RUNNING
Status: RUNNING
Status: RUNNING
Status: RUNNING
Status: RUNNING
Status: RUNNING
Status: RUNNING
Status: RUNNING
Status: RUNNING
Status: RUNNING
Status: RUNNING
Status: RUNNING
Status: RUNNING
Status: RUNNING
Status: RUNNING
Status: COMPLETED
QMEANDisCo: 0.8077
Mutating chain A, position 24: GLU -> LYS
Submitted ./1UBQ_Results/1.pdb
Checking: https://swissmodel.expasy.org/qmean/MakAWC.json
Status: QUEUEING
Status: QUEUEING
Status: QUEUEING
Status: QUEUEING
Status: QUEUEING
Status: QUEUEING
Status: QUEUEING
Status: RUNNING
Status: RUNNING
Status: RUNNING
Status: RUNNING
Status: RUNNING
Status: RUNNING
Status: RUNNING
Status: RUNNING
Status: RUNNING
Status: RUNNING
Status: RUNNING
Status: RUNNING
Status: RUNNING
Status: RUNNING
Status: RUNNING
Status: RUNNING
Status: RUNNING
Status: RUNNING
Status: RUNNING
Status: RUNNING
Status: RUNNING
Status: RUNNING
Status: RUNNING
Status: RUNNING
Status: RUNNING
Status: RUNNING
Status: RUNNING
Status: RUNNING
Status: RUNNING
Status: RUNNING
Status: RUNNING
Status: RUNNING
Status: RUNNING
Status: RUNNING
Status: RUNNING
Status: RUNNING
Status: RUNNING
Status: RUNNING
Status: RUNNING
Status: RUNNING
Status: RUNNING
Status: RUNNING
Status: RUNNING
Status: RUNNING
Status: RUNNING
Status: RUNNING
Status: RUNNING
Status: RUNNING
Status: RUNNING
Status: RUNNING
Status: RUNNING
Status: RUNNING
Status: RUNNING
Status: RUNNING
Status: RUNNING
Status: RUNNING
Status: RUNNING
Status: RUNNING
Status: RUNNING
Status: COMPLETED
QMEANDisCo: 0.7975
Mutating chain A, position 5: VAL -> GLY
Submitted ./1UBQ_Results/1.pdb
Checking: https://swissmodel.expasy.org/qmean/2yN5xX.json
Status: QUEUEING
Status: QUEUEING
Status: QUEUEING
Status: QUEUEING
Status: QUEUEING
Status: QUEUEING
Status: QUEUEING
Status: QUEUEING
Status: RUNNING
Status: RUNNING
Status: RUNNING
Status: RUNNING
Status: RUNNING
Status: RUNNING
Status: RUNNING
Status: RUNNING
Status: RUNNING
Status: RUNNING
Status: RUNNING
Status: RUNNING
Status: RUNNING
Status: RUNNING
Status: RUNNING
Status: RUNNING
Status: RUNNING
Status: RUNNING
Status: RUNNING
Status: RUNNING
Status: RUNNING
Status: RUNNING
Status: RUNNING
Status: RUNNING
Status: RUNNING
Status: RUNNING
Status: RUNNING
Status: RUNNING
Status: RUNNING
Status: RUNNING
Status: RUNNING
Status: RUNNING
Status: RUNNING
Status: RUNNING
Status: RUNNING
Status: RUNNING
Status: RUNNING
Status: RUNNING
Status: RUNNING
Status: RUNNING
Status: RUNNING
Status: RUNNING
Status: RUNNING
Status: RUNNING
Status: RUNNING
Status: RUNNING
Status: RUNNING
Status: RUNNING
Status: RUNNING
Status: RUNNING
Status: RUNNING
Status: RUNNING
Status: RUNNING
Status: RUNNING
Status: RUNNING
Status: RUNNING
Status: RUNNING
Status: RUNNING
Status: RUNNING
Status: COMPLETED
QMEANDisCo: 0.7943
Mutating chain A, position 37: PRO -> TRP
Submitted ./1UBQ_Results/1.pdb
Checking: https://swissmodel.expasy.org/qmean/K2xhBe.json
Status: QUEUEING
Status: QUEUEING
Status: QUEUEING
Status: QUEUEING
Status: QUEUEING
Status: QUEUEING
Status: QUEUEING
Status: RUNNING
Status: RUNNING
Status: RUNNING
Status: RUNNING
Status: RUNNING
Status: RUNNING
Status: RUNNING
Status: RUNNING
Status: RUNNING
Status: RUNNING
Status: RUNNING
Status: RUNNING
Status: RUNNING
Status: RUNNING
Status: RUNNING
Status: RUNNING
Status: RUNNING
Status: RUNNING
Status: RUNNING
Status: RUNNING
Status: RUNNING
Status: RUNNING
Status: RUNNING
Status: RUNNING
Status: RUNNING
Status: RUNNING
Status: RUNNING
Status: RUNNING
Status: RUNNING
Status: RUNNING
Status: RUNNING
Status: RUNNING
Status: RUNNING
Status: RUNNING
Status: RUNNING
Status: RUNNING
Status: RUNNING
Status: RUNNING
Status: RUNNING
Status: RUNNING
Status: RUNNING
Status: RUNNING
Status: RUNNING
Status: RUNNING
Status: RUNNING
Status: RUNNING
Status: RUNNING
Status: RUNNING
Status: RUNNING
Status: RUNNING
Status: RUNNING
Status: RUNNING
Status: RUNNING
Status: RUNNING
Status: RUNNING
Status: RUNNING
Status: RUNNING
Status: RUNNING
Status: COMPLETED
QMEANDisCo: 0.7841
Mutating chain A, position 46: ALA -> THR
Submitted ./1UBQ_Results/1.pdb
Checking: https://swissmodel.expasy.org/qmean/pHaNaV.json
Status: QUEUEING
Status: QUEUEING
Status: QUEUEING
Status: QUEUEING
Status: QUEUEING
Status: QUEUEING
Status: QUEUEING
Status: RUNNING
Status: RUNNING
Status: RUNNING
Status: RUNNING
Status: RUNNING
Status: RUNNING
Status: RUNNING
Status: RUNNING
Status: RUNNING
Status: RUNNING
Status: RUNNING
Status: RUNNING
Status: RUNNING
Status: RUNNING
Status: RUNNING
Status: RUNNING
Status: RUNNING
Status: RUNNING
Status: RUNNING
Status: RUNNING
Status: RUNNING
Status: RUNNING
Status: RUNNING
Status: RUNNING
Status: RUNNING
Status: RUNNING
Status: RUNNING
Status: RUNNING
Status: RUNNING
Status: COMPLETED
QMEANDisCo: 0.7983
Mutating chain A, position 10: GLY -> SER
Submitted ./1UBQ_Results/1.pdb
Checking: https://swissmodel.expasy.org/qmean/pxAHuk.json
Status: QUEUEING
Status: QUEUEING
Status: QUEUEING
Status: QUEUEING
Status: QUEUEING
Status: QUEUEING
Status: QUEUEING
Status: RUNNING
Status: RUNNING
Status: RUNNING
Status: RUNNING
Status: RUNNING
Status: RUNNING
Status: RUNNING
Status: RUNNING
Status: RUNNING
Status: RUNNING
Status: RUNNING
Status: RUNNING
Status: RUNNING
Status: RUNNING
Status: RUNNING
Status: RUNNING
Status: RUNNING
Status: RUNNING
Status: RUNNING
Status: RUNNING
Status: RUNNING
Status: RUNNING
Status: RUNNING
Status: RUNNING
Status: RUNNING
Status: RUNNING
Status: RUNNING
Status: RUNNING
Status: RUNNING
Status: RUNNING
Status: RUNNING
Status: RUNNING
Status: RUNNING
Status: RUNNING
Status: RUNNING
Status: RUNNING
Status: RUNNING
Status: RUNNING
Status: RUNNING
Status: RUNNING
Status: RUNNING
Status: RUNNING
Status: RUNNING
Status: RUNNING
Status: RUNNING
Status: RUNNING
Status: RUNNING
Status: RUNNING
Status: RUNNING
Status: RUNNING
Status: RUNNING
Status: RUNNING
Status: RUNNING
Status: RUNNING
Status: RUNNING
Status: RUNNING
Status: RUNNING
Status: RUNNING
Status: RUNNING
Status: RUNNING
Status: COMPLETED
QMEANDisCo: 0.7936
Mutating chain A, position 5: VAL -> LEU
Submitted ./1UBQ_Results/1.pdb
Checking: https://swissmodel.expasy.org/qmean/QAGwfc.json
Status: QUEUEING
Status: QUEUEING
Status: QUEUEING
Status: QUEUEING
Status: QUEUEING
Status: QUEUEING
Status: QUEUEING
Status: QUEUEING
Status: RUNNING
Status: RUNNING
Status: RUNNING
Status: RUNNING
Status: RUNNING
Status: RUNNING
Status: RUNNING
Status: RUNNING
Status: RUNNING
Status: RUNNING
Status: RUNNING
Status: RUNNING
Status: RUNNING
Status: RUNNING
Status: RUNNING
Status: RUNNING
Status: RUNNING
Status: RUNNING
Status: RUNNING
Status: RUNNING
Status: RUNNING
Status: RUNNING
Status: RUNNING
Status: RUNNING
Status: RUNNING
Status: RUNNING
Status: RUNNING
Status: RUNNING
Status: RUNNING
Status: RUNNING
Status: RUNNING
Status: RUNNING
Status: RUNNING
Status: RUNNING
Status: RUNNING
Status: RUNNING
Status: RUNNING
Status: RUNNING
Status: RUNNING
Status: RUNNING
Status: RUNNING
Status: RUNNING
Status: RUNNING
Status: RUNNING
Status: RUNNING
Status: RUNNING
Status: RUNNING
Status: RUNNING
Status: RUNNING
Status: RUNNING
Status: RUNNING
Status: RUNNING
Status: RUNNING
Status: RUNNING
Status: RUNNING
Status: RUNNING
Status: RUNNING
Status: RUNNING
Status: COMPLETED
QMEANDisCo: 0.7983
Mutating chain A, position 21: ASP -> GLY
Submitted ./1UBQ_Results/1.pdb
Checking: https://swissmodel.expasy.org/qmean/bQjWNc.json
Status: QUEUEING
Status: QUEUEING
Status: QUEUEING
Status: QUEUEING
Status: QUEUEING
Status: QUEUEING
Status: QUEUEING
Status: RUNNING
Status: RUNNING
Status: RUNNING
Status: RUNNING
Status: RUNNING
Status: RUNNING
Status: RUNNING
Status: RUNNING
Status: RUNNING
Status: RUNNING
Status: RUNNING
Status: RUNNING
Status: RUNNING
Status: RUNNING
Status: RUNNING
Status: RUNNING
Status: RUNNING
Status: RUNNING
Status: RUNNING
Status: RUNNING
Status: RUNNING
Status: RUNNING
Status: RUNNING
Status: RUNNING
Status: RUNNING
Status: RUNNING
Status: RUNNING
Status: RUNNING
Status: RUNNING
Status: RUNNING
Status: RUNNING
Status: RUNNING
Status: RUNNING
Status: RUNNING
Status: RUNNING
Status: RUNNING
Status: RUNNING
Status: RUNNING
Status: RUNNING
Status: RUNNING
Status: RUNNING
Status: RUNNING
Status: RUNNING
Status: RUNNING
Status: RUNNING
Status: RUNNING
Status: RUNNING
Status: RUNNING
Status: RUNNING
Status: RUNNING
Status: RUNNING
Status: RUNNING
Status: RUNNING
Status: RUNNING
Status: RUNNING
Status: RUNNING
Status: RUNNING
Status: RUNNING
Status: RUNNING
Status: COMPLETED
QMEANDisCo: 0.7911
Mutating chain A, position 4: PHE -> LEU
Submitted ./1UBQ_Results/1.pdb
Checking: https://swissmodel.expasy.org/qmean/CAqUFX.json
Status: QUEUEING
Status: QUEUEING
Status: QUEUEING
Status: QUEUEING
Status: QUEUEING
Status: QUEUEING
Status: QUEUEING
Status: RUNNING
Status: RUNNING
Status: RUNNING
Status: RUNNING
Status: RUNNING
Status: RUNNING
Status: RUNNING
Status: RUNNING
Status: RUNNING
Status: RUNNING
Status: RUNNING
Status: RUNNING
Status: RUNNING
Status: RUNNING
Status: RUNNING
Status: RUNNING
Status: RUNNING
Status: RUNNING
Status: RUNNING
Status: RUNNING
Status: RUNNING
Status: RUNNING
Status: RUNNING
Status: RUNNING
Status: RUNNING
Status: RUNNING
Status: RUNNING
Status: RUNNING
Status: RUNNING
Status: RUNNING
Status: RUNNING
Status: RUNNING
Status: RUNNING
Status: RUNNING
Status: RUNNING
Status: RUNNING
Status: RUNNING
Status: RUNNING
Status: RUNNING
Status: RUNNING
Status: RUNNING
Status: RUNNING
Status: RUNNING
Status: RUNNING
Status: RUNNING
Status: RUNNING
Status: RUNNING
Status: RUNNING
Status: RUNNING
Status: RUNNING
Status: RUNNING
Status: RUNNING
Status: RUNNING
Status: RUNNING
Status: RUNNING
Status: RUNNING
Status: RUNNING
Status: RUNNING
Status: RUNNING
Status: COMPLETED
QMEANDisCo: 0.7911
Mutating chain A, position 12: THR -> LEU
Submitted ./1UBQ_Results/1.pdb
Checking: https://swissmodel.expasy.org/qmean/pr8hHT.json
Status: QUEUEING
Status: QUEUEING
Status: QUEUEING
Status: QUEUEING
Status: QUEUEING
Status: QUEUEING
Status: QUEUEING
Status: RUNNING
Status: RUNNING
Status: RUNNING
Status: RUNNING
Status: RUNNING
Status: RUNNING
Status: RUNNING
Status: RUNNING
Status: RUNNING
Status: RUNNING
Status: RUNNING
Status: RUNNING
Status: RUNNING
Status: RUNNING
Status: RUNNING
Status: RUNNING
Status: RUNNING
Status: RUNNING
Status: RUNNING
Status: RUNNING
Status: RUNNING
Status: RUNNING
Status: RUNNING
Status: RUNNING
Status: RUNNING
Status: RUNNING
Status: RUNNING
Status: RUNNING
Status: RUNNING
Status: RUNNING
Status: RUNNING
Status: RUNNING
Status: RUNNING
Status: RUNNING
Status: RUNNING
Status: RUNNING
Status: RUNNING
Status: RUNNING
Status: RUNNING
Status: RUNNING
Status: RUNNING
Status: RUNNING
Status: RUNNING
Status: RUNNING
Status: RUNNING
Status: RUNNING
Status: RUNNING
Status: RUNNING
Status: RUNNING
Status: RUNNING
Status: RUNNING
Status: RUNNING
Status: RUNNING
Status: RUNNING
Status: RUNNING
Status: RUNNING
Status: RUNNING
Status: RUNNING
Status: RUNNING
Status: COMPLETED
QMEANDisCo: 0.7977
Mutating chain A, position 34: GLU -> LYS
Submitted ./1UBQ_Results/1.pdb
Checking: https://swissmodel.expasy.org/qmean/LEzJtc.json
Status: QUEUEING
Status: QUEUEING
Status: QUEUEING
Status: QUEUEING
Status: QUEUEING
Status: QUEUEING
Status: QUEUEING
Status: RUNNING
Status: RUNNING
Status: RUNNING
Status: RUNNING
Status: RUNNING
Status: RUNNING
Status: RUNNING
Status: RUNNING
Status: RUNNING
Status: RUNNING
Status: RUNNING
Status: RUNNING
Status: RUNNING
Status: RUNNING
Status: RUNNING
Status: RUNNING
Status: RUNNING
Status: RUNNING
Status: RUNNING
Status: RUNNING
Status: RUNNING
Status: RUNNING
Status: RUNNING
Status: RUNNING
Status: RUNNING
Status: RUNNING
Status: RUNNING
Status: RUNNING
Status: RUNNING
Status: RUNNING
Status: COMPLETED
QMEANDisCo: 0.7985
Mutating chain A, position 2: GLN -> ASN
Submitted ./1UBQ_Results/1.pdb
Checking: https://swissmodel.expasy.org/qmean/vrNrZm.json
Status: QUEUEING
Status: QUEUEING
Status: QUEUEING
Status: QUEUEING
Status: QUEUEING
Status: QUEUEING
Status: QUEUEING
Status: RUNNING
Status: RUNNING
Status: RUNNING
Status: RUNNING
Status: RUNNING
Status: RUNNING
Status: RUNNING
Status: RUNNING
Status: RUNNING
Status: RUNNING
Status: RUNNING
Status: RUNNING
Status: RUNNING
Status: RUNNING
Status: RUNNING
Status: RUNNING
Status: RUNNING
Status: RUNNING
Status: RUNNING
Status: RUNNING
Status: RUNNING
Status: RUNNING
Status: RUNNING
Status: RUNNING
Status: RUNNING
Status: RUNNING
Status: RUNNING
Status: RUNNING
Status: RUNNING
Status: RUNNING
Status: RUNNING
Status: RUNNING
Status: RUNNING
Status: RUNNING
Status: RUNNING
Status: RUNNING
Status: RUNNING
Status: RUNNING
Status: RUNNING
Status: RUNNING
Status: RUNNING
Status: RUNNING
Status: RUNNING
Status: RUNNING
Status: RUNNING
Status: RUNNING
Status: RUNNING
Status: RUNNING
Status: RUNNING
Status: RUNNING
Status: RUNNING
Status: RUNNING
Status: RUNNING
Status: RUNNING
Status: RUNNING
Status: RUNNING
Status: RUNNING
Status: RUNNING
Status: RUNNING
Status: RUNNING
Status: COMPLETED
QMEANDisCo: 0.7970
Mutating chain A, position 34: GLU -> THR
Submitted ./1UBQ_Results/1.pdb
Checking: https://swissmodel.expasy.org/qmean/xqJHBn.json
Status: QUEUEING
Status: QUEUEING
Status: QUEUEING
Status: QUEUEING
Status: QUEUEING
Status: QUEUEING
Status: QUEUEING
Status: RUNNING
Status: RUNNING
Status: RUNNING
Status: RUNNING
Status: RUNNING
Status: RUNNING
Status: RUNNING
Status: RUNNING
Status: RUNNING
Status: RUNNING
Status: RUNNING
Status: RUNNING
Status: RUNNING
Status: RUNNING
Status: RUNNING
Status: RUNNING
Status: RUNNING
Status: RUNNING
Status: RUNNING
Status: RUNNING
Status: RUNNING
Status: RUNNING
Status: RUNNING
Status: RUNNING
Status: RUNNING
Status: RUNNING
Status: RUNNING
Status: RUNNING
Status: RUNNING
Status: RUNNING
Status: RUNNING
Status: RUNNING
Status: RUNNING
Status: RUNNING
Status: RUNNING
Status: RUNNING
Status: RUNNING
Status: RUNNING
Status: RUNNING
Status: RUNNING
Status: RUNNING
Status: RUNNING
Status: RUNNING
Status: RUNNING
Status: RUNNING
Status: RUNNING
Status: RUNNING
Status: RUNNING
Status: RUNNING
Status: RUNNING
Status: RUNNING
Status: RUNNING
Status: RUNNING
Status: RUNNING
Status: RUNNING
Status: RUNNING
Status: RUNNING
Status: RUNNING
Status: RUNNING
Status: COMPLETED
QMEANDisCo: 0.7955
Mutating chain A, position 32: ASP -> PRO
Submitted ./1UBQ_Results/1.pdb
Checking: https://swissmodel.expasy.org/qmean/WQc5Lh.json
Status: QUEUEING
Status: QUEUEING
Status: QUEUEING
Status: QUEUEING
Status: QUEUEING
Status: QUEUEING
Status: QUEUEING
Status: RUNNING
Status: RUNNING
Status: RUNNING
Status: RUNNING
Status: RUNNING
Status: RUNNING
Status: RUNNING
Status: RUNNING
Status: RUNNING
Status: RUNNING
Status: RUNNING
Status: RUNNING
Status: RUNNING
Status: RUNNING
Status: RUNNING
Status: RUNNING
Status: RUNNING
Status: RUNNING
Status: RUNNING
Status: RUNNING
Status: RUNNING
Status: RUNNING
Status: RUNNING
Status: RUNNING
Status: RUNNING
Status: RUNNING
Status: RUNNING
Status: RUNNING
Status: RUNNING
Status: RUNNING
Status: RUNNING
Status: RUNNING
Status: RUNNING
Status: RUNNING
Status: RUNNING
Status: RUNNING
Status: RUNNING
Status: RUNNING
Status: RUNNING
Status: RUNNING
Status: RUNNING
Status: RUNNING
Status: RUNNING
Status: RUNNING
Status: RUNNING
Status: RUNNING
Status: RUNNING
Status: RUNNING
Status: RUNNING
Status: RUNNING
Status: RUNNING
Status: RUNNING
Status: RUNNING
Status: RUNNING
Status: RUNNING
Status: RUNNING
Status: RUNNING
Status: RUNNING
Status: RUNNING
Status: COMPLETED
QMEANDisCo: 0.7939
Mutating chain A, position 51: GLU -> GLY
Submitted ./1UBQ_Results/1.pdb
Checking: https://swissmodel.expasy.org/qmean/J6FLqN.json
Status: QUEUEING
Status: QUEUEING
Status: QUEUEING
Status: QUEUEING
Status: QUEUEING
Status: QUEUEING
Status: QUEUEING
Status: QUEUEING
Status: QUEUEING
Status: QUEUEING
Status: QUEUEING
Status: QUEUEING
Status: QUEUEING
Status: QUEUEING
Status: QUEUEING
Status: RUNNING
Status: RUNNING
Status: RUNNING
Status: RUNNING
Status: RUNNING
Status: RUNNING
Status: RUNNING
Status: RUNNING
Status: RUNNING
Status: RUNNING
Status: RUNNING
Status: RUNNING
Status: RUNNING
Status: RUNNING
Status: RUNNING
Status: RUNNING
Status: RUNNING
Status: RUNNING
Status: RUNNING
Status: RUNNING
Status: RUNNING
Status: RUNNING
Status: RUNNING
Status: RUNNING
Status: RUNNING
Status: RUNNING
Status: RUNNING
Status: RUNNING
Status: RUNNING
Status: RUNNING
Status: RUNNING
Status: RUNNING
Status: RUNNING
Status: RUNNING
Status: RUNNING
Status: RUNNING
Status: RUNNING
Status: RUNNING
Status: RUNNING
Status: RUNNING
Status: RUNNING
Status: RUNNING
Status: RUNNING
Status: RUNNING
Status: RUNNING
Status: RUNNING
Status: RUNNING
Status: RUNNING
Status: RUNNING
Status: RUNNING
Status: RUNNING
Status: RUNNING
Status: COMPLETED
QMEANDisCo: 0.7941
Mutating chain A, position 52: ASP -> MET
Submitted ./1UBQ_Results/1.pdb
Checking: https://swissmodel.expasy.org/qmean/mmF26z.json
Status: QUEUEING
Status: QUEUEING
Status: QUEUEING
Status: QUEUEING
Status: QUEUEING
Status: QUEUEING
Status: QUEUEING
Status: RUNNING
Status: RUNNING
Status: RUNNING
Status: RUNNING
Status: RUNNING
Status: RUNNING
Status: RUNNING
Status: RUNNING
Status: RUNNING
Status: RUNNING
Status: RUNNING
Status: RUNNING
Status: RUNNING
Status: RUNNING
Status: RUNNING
Status: RUNNING
Status: RUNNING
Status: RUNNING
Status: RUNNING
Status: RUNNING
Status: RUNNING
Status: RUNNING
Status: RUNNING
Status: RUNNING
Status: RUNNING
Status: RUNNING
Status: RUNNING
Status: RUNNING
Status: RUNNING
Status: RUNNING
Status: COMPLETED
QMEANDisCo: 0.7957
Mutating chain A, position 29: LYS -> TRP
Submitted ./1UBQ_Results/1.pdb
Checking: https://swissmodel.expasy.org/qmean/XdBnTd.json
Status: QUEUEING
Status: QUEUEING
Status: QUEUEING
Status: QUEUEING
Status: QUEUEING
Status: QUEUEING
Status: QUEUEING
Status: RUNNING
Status: RUNNING
Status: RUNNING
Status: RUNNING
Status: RUNNING
Status: RUNNING
Status: RUNNING
Status: RUNNING
Status: RUNNING
Status: RUNNING
Status: RUNNING
Status: RUNNING
Status: RUNNING
Status: RUNNING
Status: RUNNING
Status: RUNNING
Status: RUNNING
Status: RUNNING
Status: RUNNING
Status: RUNNING
Status: RUNNING
Status: RUNNING
Status: RUNNING
Status: RUNNING
Status: RUNNING
Status: RUNNING
Status: RUNNING
Status: RUNNING
Status: RUNNING
Status: RUNNING
Status: RUNNING
Status: RUNNING
Status: RUNNING
Status: RUNNING
Status: RUNNING
Status: RUNNING
Status: RUNNING
Status: RUNNING
Status: RUNNING
Status: RUNNING
Status: RUNNING
Status: RUNNING
Status: RUNNING
Status: RUNNING
Status: RUNNING
Status: RUNNING
Status: RUNNING
Status: RUNNING
Status: RUNNING
Status: RUNNING
Status: RUNNING
Status: RUNNING
Status: RUNNING
Status: RUNNING
Status: RUNNING
Status: RUNNING
Status: RUNNING
Status: RUNNING
Status: COMPLETED
QMEANDisCo: 0.7702
Mutating chain A, position 49: GLN -> SER
Submitted ./1UBQ_Results/1.pdb
Checking: https://swissmodel.expasy.org/qmean/mSU5tb.json
Status: QUEUEING
Status: QUEUEING
Status: QUEUEING
Status: QUEUEING
Status: QUEUEING
Status: QUEUEING
Status: QUEUEING
Status: RUNNING
Status: RUNNING
Status: RUNNING
Status: RUNNING
Status: RUNNING
Status: RUNNING
Status: RUNNING
Status: RUNNING
Status: RUNNING
Status: RUNNING
Status: RUNNING
Status: RUNNING
Status: RUNNING
Status: RUNNING
Status: RUNNING
Status: RUNNING
Status: RUNNING
Status: RUNNING
Status: RUNNING
Status: RUNNING
Status: RUNNING
Status: RUNNING
Status: RUNNING
Status: RUNNING
Status: RUNNING
Status: RUNNING
Status: RUNNING
Status: RUNNING
Status: RUNNING
Status: RUNNING
Status: RUNNING
Status: RUNNING
Status: RUNNING
Status: RUNNING
Status: RUNNING
Status: RUNNING
Status: RUNNING
Status: RUNNING
Status: RUNNING
Status: RUNNING
Status: RUNNING
Status: RUNNING
Status: RUNNING
Status: RUNNING
Status: RUNNING
Status: RUNNING
Status: RUNNING
Status: RUNNING
Status: RUNNING
Status: RUNNING
Status: RUNNING
Status: RUNNING
Status: RUNNING
Status: RUNNING
Status: RUNNING
Status: RUNNING
Status: RUNNING
Status: RUNNING
Status: RUNNING
Status: COMPLETED
QMEANDisCo: 0.7984
Mutating chain A, position 68: HIS -> THR
Submitted ./1UBQ_Results/1.pdb
Checking: https://swissmodel.expasy.org/qmean/dsXQYB.json
Status: QUEUEING
Status: QUEUEING
Status: QUEUEING
Status: QUEUEING
Status: QUEUEING
Status: QUEUEING
Status: QUEUEING
Status: RUNNING
Status: RUNNING
Status: RUNNING
Status: RUNNING
Status: RUNNING
Status: RUNNING
Status: RUNNING
Status: RUNNING
Status: RUNNING
Status: RUNNING
Status: RUNNING
Status: RUNNING
Status: RUNNING
Status: RUNNING
Status: RUNNING
Status: RUNNING
Status: RUNNING
Status: RUNNING
Status: RUNNING
Status: RUNNING
Status: RUNNING
Status: RUNNING
Status: RUNNING
Status: RUNNING
Status: RUNNING
Status: RUNNING
Status: RUNNING
Status: RUNNING
Status: RUNNING
Status: RUNNING
Status: RUNNING
Status: RUNNING
Status: RUNNING
Status: RUNNING
Status: RUNNING
Status: RUNNING
Status: RUNNING
Status: RUNNING
Status: RUNNING
Status: RUNNING
Status: RUNNING
Status: RUNNING
Status: RUNNING
Status: RUNNING
Status: RUNNING
Status: RUNNING
Status: RUNNING
Status: RUNNING
Status: RUNNING
Status: RUNNING
Status: RUNNING
Status: RUNNING
Status: RUNNING
Status: RUNNING
Status: RUNNING
Status: RUNNING
Status: RUNNING
Status: RUNNING
Status: RUNNING
Status: COMPLETED
QMEANDisCo: 0.7930
Mutating chain A, position 51: GLU -> SER
Submitted ./1UBQ_Results/1.pdb
Checking: https://swissmodel.expasy.org/qmean/DbkYCz.json
Status: QUEUEING
Status: QUEUEING
Status: QUEUEING
Status: QUEUEING
Status: QUEUEING
Status: QUEUEING
Status: QUEUEING
Status: RUNNING
Status: RUNNING
Status: RUNNING
Status: RUNNING
Status: RUNNING
Status: RUNNING
Status: RUNNING
Status: RUNNING
Status: RUNNING
Status: RUNNING
Status: RUNNING
Status: RUNNING
Status: RUNNING
Status: RUNNING
Status: RUNNING
Status: RUNNING
Status: RUNNING
Status: RUNNING
Status: RUNNING
Status: RUNNING
Status: RUNNING
Status: RUNNING
Status: RUNNING
Status: RUNNING
Status: RUNNING
Status: RUNNING
Status: RUNNING
Status: RUNNING
Status: RUNNING
Status: RUNNING
Status: RUNNING
Status: RUNNING
Status: RUNNING
Status: RUNNING
Status: RUNNING
Status: RUNNING
Status: RUNNING
Status: RUNNING
Status: RUNNING
Status: RUNNING
Status: RUNNING
Status: RUNNING
Status: RUNNING
Status: RUNNING
Status: RUNNING
Status: RUNNING
Status: RUNNING
Status: RUNNING
Status: RUNNING
Status: RUNNING
Status: RUNNING
Status: RUNNING
Status: RUNNING
Status: RUNNING
Status: RUNNING
Status: RUNNING
Status: RUNNING
Status: RUNNING
Status: RUNNING
Status: COMPLETED
QMEANDisCo: 0.7979
Mutating chain A, position 76: GLY -> ALA
Submitted ./1UBQ_Results/1.pdb
Checking: https://swissmodel.expasy.org/qmean/aVMTdt.json
Status: QUEUEING
Status: QUEUEING
Status: QUEUEING
Status: QUEUEING
Status: QUEUEING
Status: QUEUEING
Status: QUEUEING
Status: QUEUEING
Status: RUNNING
Status: RUNNING
Status: RUNNING
Status: RUNNING
Status: RUNNING
Status: RUNNING
Status: RUNNING
Status: RUNNING
Status: RUNNING
Status: RUNNING
Status: RUNNING
Status: RUNNING
Status: RUNNING
Status: RUNNING
Status: RUNNING
Status: RUNNING
Status: RUNNING
Status: RUNNING
Status: RUNNING
Status: RUNNING
Status: RUNNING
Status: RUNNING
Status: RUNNING
Status: RUNNING
Status: RUNNING
Status: RUNNING
Status: RUNNING
Status: RUNNING
Status: RUNNING
Status: RUNNING
Status: RUNNING
Status: RUNNING
Status: RUNNING
Status: RUNNING
Status: RUNNING
Status: RUNNING
Status: RUNNING
Status: RUNNING
Status: RUNNING
Status: RUNNING
Status: RUNNING
Status: RUNNING
Status: RUNNING
Status: RUNNING
Status: RUNNING
Status: RUNNING
Status: RUNNING
Status: RUNNING
Status: RUNNING
Status: RUNNING
Status: RUNNING
Status: RUNNING
Status: RUNNING
Status: RUNNING
Status: RUNNING
Status: RUNNING
Status: RUNNING
Status: RUNNING
Status: RUNNING
Status: COMPLETED
QMEANDisCo: 0.8010
Mutating chain A, position 56: LEU -> HIS
Submitted ./1UBQ_Results/1.pdb
Checking: https://swissmodel.expasy.org/qmean/WQQV6Z.json
Status: QUEUEING
Status: QUEUEING
Status: QUEUEING
Status: QUEUEING
Status: QUEUEING
Status: QUEUEING
Status: QUEUEING
Status: QUEUEING
Status: RUNNING
Status: RUNNING
Status: RUNNING
Status: RUNNING
Status: RUNNING
Status: RUNNING
Status: RUNNING
Status: RUNNING
Status: RUNNING
Status: RUNNING
Status: RUNNING
Status: RUNNING
Status: RUNNING
Status: RUNNING
Status: RUNNING
Status: RUNNING
Status: RUNNING
Status: RUNNING
Status: RUNNING
Status: RUNNING
Status: RUNNING
Status: RUNNING
Status: RUNNING
Status: RUNNING
Status: RUNNING
Status: RUNNING
Status: RUNNING
Status: RUNNING
Status: RUNNING
Status: RUNNING
Status: RUNNING
Status: RUNNING
Status: RUNNING
Status: RUNNING
Status: RUNNING
Status: RUNNING
Status: RUNNING
Status: RUNNING
Status: RUNNING
Status: RUNNING
Status: RUNNING
Status: RUNNING
Status: RUNNING
Status: RUNNING
Status: RUNNING
Status: RUNNING
Status: RUNNING
Status: RUNNING
Status: RUNNING
Status: RUNNING
Status: RUNNING
Status: RUNNING
Status: RUNNING
Status: RUNNING
Status: RUNNING
Status: RUNNING
Status: RUNNING
Status: RUNNING
Status: COMPLETED
QMEANDisCo: 0.7980
Mutating chain A, position 29: LYS -> HIS
Submitted ./1UBQ_Results/1.pdb
Checking: https://swissmodel.expasy.org/qmean/XEFWqJ.json
Status: QUEUEING
Status: QUEUEING
Status: QUEUEING
Status: QUEUEING
Status: QUEUEING
Status: QUEUEING
Status: QUEUEING
Status: RUNNING
Status: RUNNING
Status: RUNNING
Status: RUNNING
Status: RUNNING
Status: RUNNING
Status: RUNNING
Status: RUNNING
Status: RUNNING
Status: RUNNING
Status: RUNNING
Status: RUNNING
Status: RUNNING
Status: RUNNING
Status: RUNNING
Status: RUNNING
Status: RUNNING
Status: RUNNING
Status: RUNNING
Status: RUNNING
Status: RUNNING
Status: RUNNING
Status: RUNNING
Status: RUNNING
Status: RUNNING
Status: RUNNING
Status: RUNNING
Status: RUNNING
Status: RUNNING
Status: RUNNING
Status: RUNNING
Status: RUNNING
Status: RUNNING
Status: RUNNING
Status: RUNNING
Status: RUNNING
Status: RUNNING
Status: RUNNING
Status: RUNNING
Status: RUNNING
Status: RUNNING
Status: RUNNING
Status: RUNNING
Status: RUNNING
Status: RUNNING
Status: RUNNING
Status: RUNNING
Status: RUNNING
Status: RUNNING
Status: RUNNING
Status: RUNNING
Status: RUNNING
Status: RUNNING
Status: RUNNING
Status: RUNNING
Status: RUNNING
Status: RUNNING
Status: RUNNING
Status: COMPLETED
QMEANDisCo: 0.7881
Mutating chain A, position 74: ARG -> ASP
Submitted ./1UBQ_Results/1.pdb
Checking: https://swissmodel.expasy.org/qmean/JLBDuW.json
Status: QUEUEING
Status: QUEUEING
Status: QUEUEING
Status: QUEUEING
Status: QUEUEING
Status: QUEUEING
Status: QUEUEING
Status: RUNNING
Status: RUNNING
Status: RUNNING
Status: RUNNING
Status: RUNNING
Status: RUNNING
Status: RUNNING
Status: RUNNING
Status: RUNNING
Status: RUNNING
Status: RUNNING
Status: RUNNING
Status: RUNNING
Status: RUNNING
Status: RUNNING
Status: RUNNING
Status: RUNNING
Status: RUNNING
Status: RUNNING
Status: RUNNING
Status: RUNNING
Status: RUNNING
Status: RUNNING
Status: RUNNING
Status: RUNNING
Status: RUNNING
Status: RUNNING
Status: RUNNING
Status: RUNNING
Status: RUNNING
Status: RUNNING
Status: RUNNING
Status: RUNNING
Status: RUNNING
Status: RUNNING
Status: RUNNING
Status: RUNNING
Status: RUNNING
Status: RUNNING
Status: RUNNING
Status: RUNNING
Status: RUNNING
Status: RUNNING
Status: RUNNING
Status: RUNNING
Status: RUNNING
Status: RUNNING
Status: RUNNING
Status: RUNNING
Status: RUNNING
Status: RUNNING
Status: RUNNING
Status: RUNNING
Status: RUNNING
Status: RUNNING
Status: RUNNING
Status: RUNNING
Status: RUNNING
Status: RUNNING
Status: COMPLETED
QMEANDisCo: 0.7981
Mutating chain A, position 16: GLU -> PHE
Submitted ./1UBQ_Results/1.pdb
Checking: https://swissmodel.expasy.org/qmean/QVSLNN.json
Status: QUEUEING
Status: QUEUEING
Status: QUEUEING
Status: QUEUEING
Status: QUEUEING
Status: QUEUEING
Status: QUEUEING
Status: QUEUEING
Status: RUNNING
Status: RUNNING
Status: RUNNING
Status: RUNNING
Status: RUNNING
Status: RUNNING
Status: RUNNING
Status: RUNNING
Status: RUNNING
Status: RUNNING
Status: RUNNING
Status: RUNNING
Status: RUNNING
Status: RUNNING
Status: RUNNING
Status: RUNNING
Status: RUNNING
Status: RUNNING
Status: RUNNING
Status: RUNNING
Status: RUNNING
Status: RUNNING
Status: RUNNING
Status: RUNNING
Status: RUNNING
Status: RUNNING
Status: RUNNING
Status: RUNNING
Status: RUNNING
Status: RUNNING
Status: RUNNING
Status: RUNNING
Status: RUNNING
Status: RUNNING
Status: RUNNING
Status: RUNNING
Status: RUNNING
Status: RUNNING
Status: RUNNING
Status: RUNNING
Status: RUNNING
Status: RUNNING
Status: RUNNING
Status: RUNNING
Status: RUNNING
Status: RUNNING
Status: RUNNING
Status: RUNNING
Status: RUNNING
Status: RUNNING
Status: RUNNING
Status: RUNNING
Status: RUNNING
Status: RUNNING
Status: RUNNING
Status: RUNNING
Status: RUNNING
Status: RUNNING
Status: RUNNING
Status: RUNNING
Status: COMPLETED
QMEANDisCo: 0.8070
Mutating chain A, position 27: LYS -> GLN
Submitted ./1UBQ_Results/1.pdb
Checking: https://swissmodel.expasy.org/qmean/nLLUyL.json
Status: QUEUEING
Status: QUEUEING
Status: QUEUEING
Status: QUEUEING
Status: QUEUEING
Status: QUEUEING
Status: QUEUEING
Status: RUNNING
Status: RUNNING
Status: RUNNING
Status: RUNNING
Status: RUNNING
Status: RUNNING
Status: RUNNING
Status: RUNNING
Status: RUNNING
Status: RUNNING
Status: RUNNING
Status: RUNNING
Status: RUNNING
Status: RUNNING
Status: RUNNING
Status: RUNNING
Status: RUNNING
Status: RUNNING
Status: RUNNING
Status: RUNNING
Status: RUNNING
Status: RUNNING
Status: RUNNING
Status: RUNNING
Status: RUNNING
Status: RUNNING
Status: RUNNING
Status: RUNNING
Status: RUNNING
Status: RUNNING
Status: RUNNING
Status: RUNNING
Status: RUNNING
Status: RUNNING
Status: RUNNING
Status: RUNNING
Status: RUNNING
Status: RUNNING
Status: RUNNING
Status: RUNNING
Status: RUNNING
Status: RUNNING
Status: RUNNING
Status: RUNNING
Status: RUNNING
Status: RUNNING
Status: RUNNING
Status: RUNNING
Status: RUNNING
Status: RUNNING
Status: RUNNING
Status: RUNNING
Status: RUNNING
Status: RUNNING
Status: RUNNING
Status: RUNNING
Status: RUNNING
Status: RUNNING
Status: COMPLETED
QMEANDisCo: 0.8040
Mutating chain A, position 38: PRO -> GLY
Submitted ./1UBQ_Results/1.pdb
Checking: https://swissmodel.expasy.org/qmean/Q98UAH.json
Status: QUEUEING
Status: QUEUEING
Status: QUEUEING
Status: QUEUEING
Status: QUEUEING
Status: QUEUEING
Status: QUEUEING
Status: QUEUEING
Status: RUNNING
Status: RUNNING
Status: RUNNING
Status: RUNNING
Status: RUNNING
Status: RUNNING
Status: RUNNING
Status: RUNNING
Status: RUNNING
Status: RUNNING
Status: RUNNING
Status: RUNNING
Status: RUNNING
Status: RUNNING
Status: RUNNING
Status: RUNNING
Status: RUNNING
Status: RUNNING
Status: RUNNING
Status: RUNNING
Status: RUNNING
Status: RUNNING
Status: RUNNING
Status: RUNNING
Status: RUNNING
Status: RUNNING
Status: RUNNING
Status: RUNNING
Status: RUNNING
Status: RUNNING
Status: RUNNING
Status: RUNNING
Status: RUNNING
Status: RUNNING
Status: RUNNING
Status: RUNNING
Status: RUNNING
Status: RUNNING
Status: RUNNING
Status: RUNNING
Status: RUNNING
Status: RUNNING
Status: RUNNING
Status: RUNNING
Status: RUNNING
Status: RUNNING
Status: RUNNING
Status: RUNNING
Status: RUNNING
Status: RUNNING
Status: RUNNING
Status: RUNNING
Status: RUNNING
Status: RUNNING
Status: RUNNING
Status: RUNNING
Status: RUNNING
Status: RUNNING
Status: COMPLETED
QMEANDisCo: 0.7944
Mutating chain A, position 49: GLN -> ASN
Submitted ./1UBQ_Results/1.pdb
Checking: https://swissmodel.expasy.org/qmean/YBBZZs.json
Status: QUEUEING
Status: QUEUEING
Status: QUEUEING
Status: QUEUEING
Status: QUEUEING
Status: QUEUEING
Status: QUEUEING
Status: RUNNING
Status: RUNNING
Status: RUNNING
Status: RUNNING
Status: RUNNING
Status: RUNNING
Status: RUNNING
Status: RUNNING
Status: RUNNING
Status: RUNNING
Status: RUNNING
Status: RUNNING
Status: RUNNING
Status: RUNNING
Status: RUNNING
Status: RUNNING
Status: RUNNING
Status: RUNNING
Status: RUNNING
Status: RUNNING
Status: RUNNING
Status: RUNNING
Status: RUNNING
Status: RUNNING
Status: RUNNING
Status: RUNNING
Status: RUNNING
Status: RUNNING
Status: RUNNING
Status: RUNNING
Status: RUNNING
Status: RUNNING
Status: RUNNING
Status: RUNNING
Status: RUNNING
Status: RUNNING
Status: RUNNING
Status: RUNNING
Status: RUNNING
Status: RUNNING
Status: RUNNING
Status: RUNNING
Status: RUNNING
Status: RUNNING
Status: RUNNING
Status: RUNNING
Status: RUNNING
Status: RUNNING
Status: RUNNING
Status: RUNNING
Status: RUNNING
Status: RUNNING
Status: RUNNING
Status: RUNNING
Status: RUNNING
Status: RUNNING
Status: RUNNING
Status: RUNNING
Status: RUNNING
Status: COMPLETED
QMEANDisCo: 0.7953
Mutating chain A, position 45: PHE -> HIS
Submitted ./1UBQ_Results/1.pdb
Checking: https://swissmodel.expasy.org/qmean/Bw934M.json
Status: QUEUEING
Status: QUEUEING
Status: QUEUEING
Status: QUEUEING
Status: QUEUEING
Status: QUEUEING
Status: QUEUEING
Status: QUEUEING
Status: RUNNING
Status: RUNNING
Status: RUNNING
Status: RUNNING
Status: RUNNING
Status: RUNNING
Status: RUNNING
Status: RUNNING
Status: RUNNING
Status: RUNNING
Status: RUNNING
Status: RUNNING
Status: RUNNING
Status: RUNNING
Status: RUNNING
Status: RUNNING
Status: RUNNING
Status: RUNNING
Status: RUNNING
Status: RUNNING
Status: RUNNING
Status: RUNNING
Status: RUNNING
Status: RUNNING
Status: RUNNING
Status: RUNNING
Status: RUNNING
Status: RUNNING
Status: RUNNING
Status: RUNNING
Status: RUNNING
Status: RUNNING
Status: RUNNING
Status: RUNNING
Status: RUNNING
Status: RUNNING
Status: RUNNING
Status: RUNNING
Status: RUNNING
Status: RUNNING
Status: RUNNING
Status: RUNNING
Status: RUNNING
Status: RUNNING
Status: RUNNING
Status: RUNNING
Status: RUNNING
Status: RUNNING
Status: RUNNING
Status: RUNNING
Status: RUNNING
Status: RUNNING
Status: RUNNING
Status: RUNNING
Status: RUNNING
Status: RUNNING
Status: RUNNING
Status: RUNNING
Status: COMPLETED
QMEANDisCo: 0.7924
Mutating chain A, position 68: HIS -> GLN
Submitted ./1UBQ_Results/1.pdb
Checking: https://swissmodel.expasy.org/qmean/DDFkaD.json
Status: QUEUEING
Status: QUEUEING
Status: QUEUEING
Status: QUEUEING
Status: QUEUEING
Status: QUEUEING
Status: QUEUEING
Status: RUNNING
Status: RUNNING
Status: RUNNING
Status: RUNNING
Status: RUNNING
Status: RUNNING
Status: RUNNING
Status: RUNNING
Status: RUNNING
Status: RUNNING
Status: RUNNING
Status: RUNNING
Status: RUNNING
Status: RUNNING
Status: RUNNING
Status: RUNNING
Status: RUNNING
Status: RUNNING
Status: RUNNING
Status: RUNNING
Status: RUNNING
Status: RUNNING
Status: RUNNING
Status: RUNNING
Status: RUNNING
Status: RUNNING
Status: RUNNING
Status: RUNNING
Status: RUNNING
Status: RUNNING
Status: RUNNING
Status: RUNNING
Status: RUNNING
Status: RUNNING
Status: RUNNING
Status: RUNNING
Status: RUNNING
Status: RUNNING
Status: RUNNING
Status: RUNNING
Status: RUNNING
Status: RUNNING
Status: RUNNING
Status: RUNNING
Status: RUNNING
Status: RUNNING
Status: RUNNING
Status: RUNNING
Status: RUNNING
Status: RUNNING
Status: RUNNING
Status: RUNNING
Status: RUNNING
Status: RUNNING
Status: RUNNING
Status: RUNNING
Status: RUNNING
Status: RUNNING
Status: COMPLETED
QMEANDisCo: 0.7943
Mutating chain A, position 42: ARG -> PRO
Submitted ./1UBQ_Results/1.pdb
Checking: https://swissmodel.expasy.org/qmean/NMwhdw.json
Status: QUEUEING
Status: QUEUEING
Status: QUEUEING
Status: QUEUEING
Status: QUEUEING
Status: QUEUEING
Status: QUEUEING
Status: RUNNING
Status: RUNNING
Status: RUNNING
Status: RUNNING
Status: RUNNING
Status: RUNNING
Status: RUNNING
Status: RUNNING
Status: RUNNING
Status: RUNNING
Status: RUNNING
Status: RUNNING
Status: RUNNING
Status: RUNNING
Status: RUNNING
Status: RUNNING
Status: RUNNING
Status: RUNNING
Status: RUNNING
Status: RUNNING
Status: RUNNING
Status: RUNNING
Status: RUNNING
Status: RUNNING
Status: RUNNING
Status: RUNNING
Status: RUNNING
Status: RUNNING
Status: RUNNING
Status: RUNNING
Status: RUNNING
Status: RUNNING
Status: RUNNING
Status: RUNNING
Status: RUNNING
Status: RUNNING
Status: RUNNING
Status: RUNNING
Status: RUNNING
Status: RUNNING
Status: RUNNING
Status: RUNNING
Status: RUNNING
Status: RUNNING
Status: RUNNING
Status: RUNNING
Status: RUNNING
Status: RUNNING
Status: RUNNING
Status: RUNNING
Status: RUNNING
Status: RUNNING
Status: RUNNING
Status: RUNNING
Status: RUNNING
Status: RUNNING
Status: RUNNING
Status: RUNNING
Status: RUNNING
Status: COMPLETED
QMEANDisCo: 0.8028
Mutating chain A, position 19: PRO -> MET
Submitted ./1UBQ_Results/1.pdb
Checking: https://swissmodel.expasy.org/qmean/YMvAgM.json
Status: QUEUEING
Status: QUEUEING
Status: QUEUEING
Status: QUEUEING
Status: QUEUEING
Status: QUEUEING
Status: QUEUEING
Status: QUEUEING
Status: RUNNING
Status: RUNNING
Status: RUNNING
Status: RUNNING
Status: RUNNING
Status: RUNNING
Status: RUNNING
Status: RUNNING
Status: RUNNING
Status: RUNNING
Status: RUNNING
Status: RUNNING
Status: RUNNING
Status: RUNNING
Status: RUNNING
Status: RUNNING
Status: RUNNING
Status: RUNNING
Status: RUNNING
Status: RUNNING
Status: RUNNING
Status: RUNNING
Status: RUNNING
Status: RUNNING
Status: RUNNING
Status: RUNNING
Status: RUNNING
Status: RUNNING
Status: RUNNING
Status: COMPLETED
QMEANDisCo: 0.7920
Mutating chain A, position 33: LYS -> TYR
Submitted ./1UBQ_Results/1.pdb
Checking: https://swissmodel.expasy.org/qmean/VwRB99.json
Status: QUEUEING
Status: QUEUEING
Status: QUEUEING
Status: QUEUEING
Status: QUEUEING
Status: QUEUEING
Status: QUEUEING
Status: RUNNING
Status: RUNNING
Status: RUNNING
Status: RUNNING
Status: RUNNING
Status: RUNNING
Status: RUNNING
Status: RUNNING
Status: RUNNING
Status: RUNNING
Status: RUNNING
Status: RUNNING
Status: RUNNING
Status: RUNNING
Status: RUNNING
Status: RUNNING
Status: RUNNING
Status: RUNNING
Status: RUNNING
Status: RUNNING
Status: RUNNING
Status: RUNNING
Status: RUNNING
Status: RUNNING
Status: RUNNING
Status: RUNNING
Status: RUNNING
Status: RUNNING
Status: RUNNING
Status: RUNNING
Status: RUNNING
Status: RUNNING
Status: RUNNING
Status: RUNNING
Status: RUNNING
Status: RUNNING
Status: RUNNING
Status: RUNNING
Status: RUNNING
Status: RUNNING
Status: RUNNING
Status: RUNNING
Status: RUNNING
Status: RUNNING
Status: RUNNING
Status: RUNNING
Status: RUNNING
Status: RUNNING
Status: RUNNING
Status: RUNNING
Status: RUNNING
Status: RUNNING
Status: RUNNING
Status: RUNNING
Status: RUNNING
Status: RUNNING
Status: RUNNING
Status: RUNNING
Status: RUNNING
Status: RUNNING
Status: COMPLETED
QMEANDisCo: 0.7933
Mutating chain A, position 50: LEU -> TYR
Submitted ./1UBQ_Results/1.pdb
Checking: https://swissmodel.expasy.org/qmean/jwhZQn.json
Status: QUEUEING
Status: QUEUEING
Status: QUEUEING
Status: QUEUEING
Status: QUEUEING
Status: QUEUEING
Status: QUEUEING
Status: RUNNING
Status: RUNNING
Status: RUNNING
Status: RUNNING
Status: RUNNING
Status: RUNNING
Status: RUNNING
Status: RUNNING
Status: RUNNING
Status: RUNNING
Status: RUNNING
Status: RUNNING
Status: RUNNING
Status: RUNNING
Status: RUNNING
Status: RUNNING
Status: RUNNING
Status: RUNNING
Status: RUNNING
Status: RUNNING
Status: RUNNING
Status: RUNNING
Status: RUNNING
Status: RUNNING
Status: RUNNING
Status: RUNNING
Status: RUNNING
Status: RUNNING
Status: RUNNING
Status: RUNNING
Status: RUNNING
Status: RUNNING
Status: RUNNING
Status: RUNNING
Status: RUNNING
Status: RUNNING
Status: RUNNING
Status: RUNNING
Status: RUNNING
Status: RUNNING
Status: RUNNING
Status: RUNNING
Status: RUNNING
Status: RUNNING
Status: RUNNING
Status: RUNNING
Status: RUNNING
Status: RUNNING
Status: RUNNING
Status: RUNNING
Status: RUNNING
Status: RUNNING
Status: RUNNING
Status: RUNNING
Status: RUNNING
Status: RUNNING
Status: RUNNING
Status: RUNNING
Status: RUNNING
Status: RUNNING
Status: COMPLETED
QMEANDisCo: 0.7935
Mutating chain A, position 30: ILE -> ASP
Submitted ./1UBQ_Results/1.pdb
Checking: https://swissmodel.expasy.org/qmean/VAS8zn.json
Status: QUEUEING
Status: QUEUEING
Status: QUEUEING
Status: QUEUEING
Status: QUEUEING
Status: QUEUEING
Status: QUEUEING
Status: RUNNING
Status: RUNNING
Status: RUNNING
Status: RUNNING
Status: RUNNING
Status: RUNNING
Status: RUNNING
Status: RUNNING
Status: RUNNING
Status: RUNNING
Status: RUNNING
Status: RUNNING
Status: RUNNING
Status: RUNNING
Status: RUNNING
Status: RUNNING
Status: RUNNING
Status: RUNNING
Status: RUNNING
Status: RUNNING
Status: RUNNING
Status: RUNNING
Status: RUNNING
Status: RUNNING
Status: RUNNING
Status: RUNNING
Status: RUNNING
Status: RUNNING
Status: RUNNING
Status: RUNNING
Status: RUNNING
Status: RUNNING
Status: RUNNING
Status: RUNNING
Status: RUNNING
Status: RUNNING
Status: RUNNING
Status: RUNNING
Status: RUNNING
Status: RUNNING
Status: RUNNING
Status: RUNNING
Status: RUNNING
Status: RUNNING
Status: RUNNING
Status: RUNNING
Status: RUNNING
Status: RUNNING
Status: RUNNING
Status: RUNNING
Status: RUNNING
Status: RUNNING
Status: RUNNING
Status: RUNNING
Status: RUNNING
Status: RUNNING
Status: RUNNING
Status: RUNNING
Status: RUNNING
Status: COMPLETED
QMEANDisCo: 0.8020
Mutating chain A, position 70: VAL -> PRO
Submitted ./1UBQ_Results/1.pdb
Checking: https://swissmodel.expasy.org/qmean/rfHaY2.json
Status: QUEUEING
Status: QUEUEING
Status: QUEUEING
Status: QUEUEING
Status: QUEUEING
Status: QUEUEING
Status: QUEUEING
Status: RUNNING
Status: RUNNING
Status: RUNNING
Status: RUNNING
Status: RUNNING
Status: RUNNING
Status: RUNNING
Status: RUNNING
Status: RUNNING
Status: RUNNING
Status: RUNNING
Status: RUNNING
Status: RUNNING
Status: RUNNING
Status: RUNNING
Status: RUNNING
Status: RUNNING
Status: RUNNING
Status: RUNNING
Status: RUNNING
Status: RUNNING
Status: RUNNING
Status: RUNNING
Status: RUNNING
Status: RUNNING
Status: RUNNING
Status: RUNNING
Status: RUNNING
Status: RUNNING
Status: RUNNING
Status: RUNNING
Status: RUNNING
Status: RUNNING
Status: RUNNING
Status: RUNNING
Status: RUNNING
Status: RUNNING
Status: RUNNING
Status: RUNNING
Status: RUNNING
Status: RUNNING
Status: RUNNING
Status: RUNNING
Status: RUNNING
Status: RUNNING
Status: RUNNING
Status: RUNNING
Status: RUNNING
Status: RUNNING
Status: RUNNING
Status: RUNNING
Status: RUNNING
Status: RUNNING
Status: RUNNING
Status: RUNNING
Status: RUNNING
Status: RUNNING
Status: RUNNING
Status: RUNNING
Status: COMPLETED
QMEANDisCo: 0.7942
Mutating chain A, position 10: GLY -> ARG
Submitted ./1UBQ_Results/1.pdb
Checking: https://swissmodel.expasy.org/qmean/fSuhdZ.json
Status: QUEUEING
Status: QUEUEING
Status: QUEUEING
Status: QUEUEING
Status: QUEUEING
Status: QUEUEING
Status: QUEUEING
Status: QUEUEING
Status: QUEUEING
Status: QUEUEING
Status: QUEUEING
Status: QUEUEING
Status: QUEUEING
Status: QUEUEING
Status: QUEUEING
Status: RUNNING
Status: RUNNING
Status: RUNNING
Status: RUNNING
Status: RUNNING
Status: RUNNING
Status: RUNNING
Status: RUNNING
Status: RUNNING
Status: RUNNING
Status: RUNNING
Status: RUNNING
Status: RUNNING
Status: RUNNING
Status: RUNNING
Status: RUNNING
Status: RUNNING
Status: RUNNING
Status: RUNNING
Status: RUNNING
Status: RUNNING
Status: RUNNING
Status: RUNNING
Status: RUNNING
Status: RUNNING
Status: RUNNING
Status: RUNNING
Status: RUNNING
Status: RUNNING
Status: RUNNING
Status: RUNNING
Status: RUNNING
Status: RUNNING
Status: RUNNING
Status: RUNNING
Status: RUNNING
Status: RUNNING
Status: RUNNING
Status: RUNNING
Status: RUNNING
Status: RUNNING
Status: RUNNING
Status: RUNNING
Status: RUNNING
Status: RUNNING
Status: RUNNING
Status: RUNNING
Status: RUNNING
Status: RUNNING
Status: RUNNING
Status: RUNNING
Status: RUNNING
Status: RUNNING
Status: RUNNING
Status: RUNNING
Status: RUNNING
Status: RUNNING
Status: RUNNING
Status: COMPLETED
QMEANDisCo: 0.7905
Mutating chain A, position 20: SER -> LEU
Submitted ./1UBQ_Results/1.pdb
Checking: https://swissmodel.expasy.org/qmean/NdRUBJ.json
Status: QUEUEING
Status: QUEUEING
Status: QUEUEING
Status: QUEUEING
Status: QUEUEING
Status: QUEUEING
Status: QUEUEING
Status: RUNNING
Status: RUNNING
Status: RUNNING
Status: RUNNING
Status: RUNNING
Status: RUNNING
Status: RUNNING
Status: RUNNING
Status: RUNNING
Status: RUNNING
Status: RUNNING
Status: RUNNING
Status: RUNNING
Status: RUNNING
Status: RUNNING
Status: RUNNING
Status: RUNNING
Status: RUNNING
Status: RUNNING
Status: RUNNING
Status: RUNNING
Status: RUNNING
Status: RUNNING
Status: RUNNING
Status: RUNNING
Status: RUNNING
Status: RUNNING
Status: RUNNING
Status: RUNNING
Status: RUNNING
Status: RUNNING
Status: RUNNING
Status: RUNNING
Status: RUNNING
Status: RUNNING
Status: RUNNING
Status: RUNNING
Status: RUNNING
Status: RUNNING
Status: RUNNING
Status: RUNNING
Status: RUNNING
Status: RUNNING
Status: RUNNING
Status: RUNNING
Status: RUNNING
Status: RUNNING
Status: RUNNING
Status: RUNNING
Status: RUNNING
Status: RUNNING
Status: RUNNING
Status: RUNNING
Status: RUNNING
Status: RUNNING
Status: RUNNING
Status: RUNNING
Status: RUNNING
Status: RUNNING
Status: COMPLETED
QMEANDisCo: 0.7928
Mutating chain A, position 24: GLU -> ASP
Submitted ./1UBQ_Results/1.pdb
Checking: https://swissmodel.expasy.org/qmean/kyVyt8.json
Status: QUEUEING
Status: QUEUEING
Status: QUEUEING
Status: QUEUEING
Status: QUEUEING
Status: QUEUEING
Status: QUEUEING
Status: RUNNING
Status: RUNNING
Status: RUNNING
Status: RUNNING
Status: RUNNING
Status: RUNNING
Status: RUNNING
Status: RUNNING
Status: RUNNING
Status: RUNNING
Status: RUNNING
Status: RUNNING
Status: RUNNING
Status: RUNNING
Status: RUNNING
Status: RUNNING
Status: RUNNING
Status: RUNNING
Status: RUNNING
Status: RUNNING
Status: RUNNING
Status: RUNNING
Status: RUNNING
Status: RUNNING
Status: RUNNING
Status: RUNNING
Status: RUNNING
Status: RUNNING
Status: RUNNING
Status: RUNNING
Status: RUNNING
Status: RUNNING
Status: RUNNING
Status: RUNNING
Status: RUNNING
Status: RUNNING
Status: RUNNING
Status: RUNNING
Status: RUNNING
Status: RUNNING
Status: RUNNING
Status: RUNNING
Status: RUNNING
Status: RUNNING
Status: RUNNING
Status: RUNNING
Status: RUNNING
Status: RUNNING
Status: RUNNING
Status: RUNNING
Status: RUNNING
Status: RUNNING
Status: RUNNING
Status: RUNNING
Status: RUNNING
Status: RUNNING
Status: RUNNING
Status: RUNNING
Status: RUNNING
Status: COMPLETED
QMEANDisCo: 0.8023
Mutating chain A, position 21: ASP -> TRP
Submitted ./1UBQ_Results/1.pdb
Checking: https://swissmodel.expasy.org/qmean/6qHXnm.json
Status: QUEUEING
Status: QUEUEING
Status: QUEUEING
Status: QUEUEING
Status: QUEUEING
Status: QUEUEING
Status: QUEUEING
Status: QUEUEING
Status: RUNNING
Status: RUNNING
Status: RUNNING
Status: RUNNING
Status: RUNNING
Status: RUNNING
Status: RUNNING
Status: RUNNING
Status: RUNNING
Status: RUNNING
Status: RUNNING
Status: RUNNING
Status: RUNNING
Status: RUNNING
Status: RUNNING
Status: RUNNING
Status: RUNNING
Status: RUNNING
Status: RUNNING
Status: RUNNING
Status: RUNNING
Status: RUNNING
Status: RUNNING
Status: RUNNING
Status: RUNNING
Status: RUNNING
Status: RUNNING
Status: RUNNING
Status: RUNNING
Status: RUNNING
Status: RUNNING
Status: RUNNING
Status: RUNNING
Status: RUNNING
Status: RUNNING
Status: RUNNING
Status: RUNNING
Status: RUNNING
Status: RUNNING
Status: RUNNING
Status: RUNNING
Status: RUNNING
Status: RUNNING
Status: RUNNING
Status: RUNNING
Status: RUNNING
Status: RUNNING
Status: RUNNING
Status: RUNNING
Status: RUNNING
Status: RUNNING
Status: RUNNING
Status: RUNNING
Status: RUNNING
Status: RUNNING
Status: RUNNING
Status: RUNNING
Status: RUNNING
Status: RUNNING
Status: COMPLETED
QMEANDisCo: 0.7706
Mutating chain A, position 70: VAL -> GLY
Submitted ./1UBQ_Results/1.pdb
Checking: https://swissmodel.expasy.org/qmean/vEBFXy.json
Status: QUEUEING
Status: QUEUEING
Status: QUEUEING
Status: QUEUEING
Status: QUEUEING
Status: QUEUEING
Status: QUEUEING
Status: RUNNING
Status: RUNNING
Status: RUNNING
Status: RUNNING
Status: RUNNING
Status: RUNNING
Status: RUNNING
Status: RUNNING
Status: RUNNING
Status: RUNNING
Status: RUNNING
Status: RUNNING
Status: RUNNING
Status: RUNNING
Status: RUNNING
Status: RUNNING
Status: RUNNING
Status: RUNNING
Status: RUNNING
Status: RUNNING
Status: RUNNING
Status: RUNNING
Status: RUNNING
Status: RUNNING
Status: RUNNING
Status: RUNNING
Status: RUNNING
Status: RUNNING
Status: RUNNING
Status: RUNNING
Status: RUNNING
Status: RUNNING
Status: RUNNING
Status: RUNNING
Status: RUNNING
Status: RUNNING
Status: RUNNING
Status: RUNNING
Status: RUNNING
Status: RUNNING
Status: RUNNING
Status: RUNNING
Status: RUNNING
Status: RUNNING
Status: RUNNING
Status: RUNNING
Status: RUNNING
Status: RUNNING
Status: RUNNING
Status: RUNNING
Status: RUNNING
Status: RUNNING
Status: RUNNING
Status: RUNNING
Status: RUNNING
Status: RUNNING
Status: RUNNING
Status: RUNNING
Status: COMPLETED
QMEANDisCo: 0.7934
Mutating chain A, position 52: ASP -> MET
Submitted ./1UBQ_Results/1.pdb
Checking: https://swissmodel.expasy.org/qmean/EkNnEq.json
Status: QUEUEING
Status: QUEUEING
Status: QUEUEING
Status: QUEUEING
Status: QUEUEING
Status: QUEUEING
Status: QUEUEING
Status: RUNNING
Status: RUNNING
Status: RUNNING
Status: RUNNING
Status: RUNNING
Status: RUNNING
Status: RUNNING
Status: RUNNING
Status: RUNNING
Status: RUNNING
Status: RUNNING
Status: RUNNING
Status: RUNNING
Status: RUNNING
Status: RUNNING
Status: RUNNING
Status: RUNNING
Status: RUNNING
Status: RUNNING
Status: RUNNING
Status: RUNNING
Status: RUNNING
Status: RUNNING
Status: RUNNING
Status: RUNNING
Status: RUNNING
Status: RUNNING
Status: RUNNING
Status: RUNNING
Status: COMPLETED
QMEANDisCo: 0.7957
Mutating chain A, position 42: ARG -> ALA
Submitted ./1UBQ_Results/1.pdb
Checking: https://swissmodel.expasy.org/qmean/mPejxX.json
Status: QUEUEING
Status: QUEUEING
Status: QUEUEING
Status: QUEUEING
Status: QUEUEING
Status: QUEUEING
Status: QUEUEING
Status: RUNNING
Status: RUNNING
Status: RUNNING
Status: RUNNING
Status: RUNNING
Status: RUNNING
Status: RUNNING
Status: RUNNING
Status: RUNNING
Status: RUNNING
Status: RUNNING
Status: RUNNING
Status: RUNNING
Status: RUNNING
Status: RUNNING
Status: RUNNING
Status: RUNNING
Status: RUNNING
Status: RUNNING
Status: RUNNING
Status: RUNNING
Status: RUNNING
Status: RUNNING
Status: RUNNING
Status: RUNNING
Status: RUNNING
Status: RUNNING
Status: RUNNING
Status: RUNNING
Status: RUNNING
Status: RUNNING
Status: RUNNING
Status: RUNNING
Status: RUNNING
Status: RUNNING
Status: RUNNING
Status: RUNNING
Status: RUNNING
Status: RUNNING
Status: RUNNING
Status: RUNNING
Status: RUNNING
Status: RUNNING
Status: RUNNING
Status: RUNNING
Status: RUNNING
Status: RUNNING
Status: RUNNING
Status: RUNNING
Status: RUNNING
Status: RUNNING
Status: RUNNING
Status: RUNNING
Status: RUNNING
Status: RUNNING
Status: RUNNING
Status: RUNNING
Status: RUNNING
Status: COMPLETED
QMEANDisCo: 0.8017
Mutating chain A, position 74: ARG -> THR
Submitted ./1UBQ_Results/1.pdb
Checking: https://swissmodel.expasy.org/qmean/YzEAtJ.json
Status: QUEUEING
Status: QUEUEING
Status: QUEUEING
Status: QUEUEING
Status: QUEUEING
Status: QUEUEING
Status: QUEUEING
Status: RUNNING
Status: RUNNING
Status: RUNNING
Status: RUNNING
Status: RUNNING
Status: RUNNING
Status: RUNNING
Status: RUNNING
Status: RUNNING
Status: RUNNING
Status: RUNNING
Status: RUNNING
Status: RUNNING
Status: RUNNING
Status: RUNNING
Status: RUNNING
Status: RUNNING
Status: RUNNING
Status: RUNNING
Status: RUNNING
Status: RUNNING
Status: RUNNING
Status: RUNNING
Status: RUNNING
Status: RUNNING
Status: RUNNING
Status: RUNNING
Status: RUNNING
Status: RUNNING
Status: RUNNING
Status: RUNNING
Status: RUNNING
Status: RUNNING
Status: RUNNING
Status: RUNNING
Status: RUNNING
Status: RUNNING
Status: RUNNING
Status: RUNNING
Status: RUNNING
Status: RUNNING
Status: RUNNING
Status: RUNNING
Status: RUNNING
Status: RUNNING
Status: RUNNING
Status: RUNNING
Status: RUNNING
Status: RUNNING
Status: RUNNING
Status: RUNNING
Status: RUNNING
Status: RUNNING
Status: RUNNING
Status: RUNNING
Status: RUNNING
Status: RUNNING
Status: RUNNING
Status: COMPLETED
QMEANDisCo: 0.8012
Mutating chain A, position 29: LYS -> ASP
Submitted ./1UBQ_Results/1.pdb
Checking: https://swissmodel.expasy.org/qmean/tJupdM.json
Status: QUEUEING
Status: QUEUEING
Status: QUEUEING
Status: QUEUEING
Status: QUEUEING
Status: QUEUEING
Status: QUEUEING
Status: RUNNING
Status: RUNNING
Status: RUNNING
Status: RUNNING
Status: RUNNING
Status: RUNNING
Status: RUNNING
Status: RUNNING
Status: RUNNING
Status: RUNNING
Status: RUNNING
Status: RUNNING
Status: RUNNING
Status: RUNNING
Status: RUNNING
Status: RUNNING
Status: RUNNING
Status: RUNNING
Status: RUNNING
Status: RUNNING
Status: RUNNING
Status: RUNNING
Status: RUNNING
Status: RUNNING
Status: RUNNING
Status: RUNNING
Status: RUNNING
Status: RUNNING
Status: RUNNING
Status: RUNNING
Status: RUNNING
Status: RUNNING
Status: RUNNING
Status: RUNNING
Status: RUNNING
Status: RUNNING
Status: RUNNING
Status: RUNNING
Status: RUNNING
Status: RUNNING
Status: RUNNING
Status: RUNNING
Status: RUNNING
Status: RUNNING
Status: RUNNING
Status: RUNNING
Status: RUNNING
Status: RUNNING
Status: RUNNING
Status: RUNNING
Status: RUNNING
Status: RUNNING
Status: RUNNING
Status: RUNNING
Status: RUNNING
Status: RUNNING
Status: RUNNING
Status: RUNNING
Status: RUNNING
Status: COMPLETED
QMEANDisCo: 0.7953
Mutating chain A, position 42: ARG -> ILE
Submitted ./1UBQ_Results/1.pdb
Checking: https://swissmodel.expasy.org/qmean/LK3XGw.json
Status: QUEUEING
Status: QUEUEING
Status: QUEUEING
Status: QUEUEING
Status: QUEUEING
Status: QUEUEING
Status: QUEUEING
Status: RUNNING
Status: RUNNING
Status: RUNNING
Status: RUNNING
Status: RUNNING
Status: RUNNING
Status: RUNNING
Status: RUNNING
Status: RUNNING
Status: RUNNING
Status: RUNNING
Status: RUNNING
Status: RUNNING
Status: RUNNING
Status: RUNNING
Status: RUNNING
Status: RUNNING
Status: RUNNING
Status: RUNNING
Status: RUNNING
Status: RUNNING
Status: RUNNING
Status: RUNNING
Status: RUNNING
Status: RUNNING
Status: RUNNING
Status: RUNNING
Status: RUNNING
Status: RUNNING
Status: RUNNING
Status: RUNNING
Status: RUNNING
Status: RUNNING
Status: RUNNING
Status: RUNNING
Status: RUNNING
Status: RUNNING
Status: RUNNING
Status: RUNNING
Status: RUNNING
Status: RUNNING
Status: RUNNING
Status: RUNNING
Status: RUNNING
Status: RUNNING
Status: RUNNING
Status: RUNNING
Status: RUNNING
Status: RUNNING
Status: RUNNING
Status: RUNNING
Status: RUNNING
Status: RUNNING
Status: RUNNING
Status: RUNNING
Status: RUNNING
Status: RUNNING
Status: RUNNING
Status: RUNNING
Status: COMPLETED
QMEANDisCo: 0.7996
Mutating chain A, position 16: GLU -> GLY
Submitted ./1UBQ_Results/1.pdb
Checking: https://swissmodel.expasy.org/qmean/QRqmnh.json
Status: QUEUEING
Status: QUEUEING
Status: QUEUEING
Status: QUEUEING
Status: QUEUEING
Status: QUEUEING
Status: QUEUEING
Status: RUNNING
Status: RUNNING
Status: RUNNING
Status: RUNNING
Status: RUNNING
Status: RUNNING
Status: RUNNING
Status: RUNNING
Status: RUNNING
Status: RUNNING
Status: RUNNING
Status: RUNNING
Status: RUNNING
Status: RUNNING
Status: RUNNING
Status: RUNNING
Status: RUNNING
Status: RUNNING
Status: RUNNING
Status: RUNNING
Status: RUNNING
Status: RUNNING
Status: RUNNING
Status: RUNNING
Status: RUNNING
Status: RUNNING
Status: RUNNING
Status: RUNNING
Status: RUNNING
Status: RUNNING
Status: RUNNING
Status: RUNNING
Status: RUNNING
Status: RUNNING
Status: RUNNING
Status: RUNNING
Status: RUNNING
Status: RUNNING
Status: RUNNING
Status: RUNNING
Status: RUNNING
Status: RUNNING
Status: RUNNING
Status: RUNNING
Status: RUNNING
Status: RUNNING
Status: RUNNING
Status: RUNNING
Status: RUNNING
Status: RUNNING
Status: RUNNING
Status: RUNNING
Status: RUNNING
Status: RUNNING
Status: RUNNING
Status: RUNNING
Status: RUNNING
Status: RUNNING
Status: RUNNING
Status: RUNNING
Status: COMPLETED
QMEANDisCo: 0.7975
Mutating chain A, position 32: ASP -> PRO
Submitted ./1UBQ_Results/1.pdb
Checking: https://swissmodel.expasy.org/qmean/q8J3RJ.json
Status: QUEUEING
Status: QUEUEING
Status: QUEUEING
Status: QUEUEING
Status: QUEUEING
Status: QUEUEING
Status: QUEUEING
Status: RUNNING
Status: RUNNING
Status: RUNNING
Status: RUNNING
Status: RUNNING
Status: RUNNING
Status: RUNNING
Status: RUNNING
Status: RUNNING
Status: RUNNING
Status: RUNNING
Status: RUNNING
Status: RUNNING
Status: RUNNING
Status: RUNNING
Status: RUNNING
Status: RUNNING
Status: RUNNING
Status: RUNNING
Status: RUNNING
Status: RUNNING
Status: RUNNING
Status: RUNNING
Status: RUNNING
Status: RUNNING
Status: RUNNING
Status: RUNNING
Status: RUNNING
Status: RUNNING
Status: COMPLETED
QMEANDisCo: 0.7939
Mutating chain A, position 14: THR -> PHE
Submitted ./1UBQ_Results/1.pdb
Checking: https://swissmodel.expasy.org/qmean/ak9Wtp.json
Status: QUEUEING
Status: QUEUEING
Status: QUEUEING
Status: QUEUEING
Status: QUEUEING
Status: QUEUEING
Status: QUEUEING
Status: RUNNING
Status: RUNNING
Status: RUNNING
Status: RUNNING
Status: RUNNING
Status: RUNNING
Status: RUNNING
Status: RUNNING
Status: RUNNING
Status: RUNNING
Status: RUNNING
Status: RUNNING
Status: RUNNING
Status: RUNNING
Status: RUNNING
Status: RUNNING
Status: RUNNING
Status: RUNNING
Status: RUNNING
Status: RUNNING
Status: RUNNING
Status: RUNNING
Status: RUNNING
Status: RUNNING
Status: RUNNING
Status: RUNNING
Status: RUNNING
Status: RUNNING
Status: RUNNING
Status: COMPLETED
QMEANDisCo: 0.7929
Mutating chain A, position 60: ASN -> ILE
Submitted ./1UBQ_Results/1.pdb
Checking: https://swissmodel.expasy.org/qmean/M7Ly4L.json
Status: QUEUEING
Status: QUEUEING
Status: QUEUEING
Status: QUEUEING
Status: QUEUEING
Status: QUEUEING
Status: QUEUEING
Status: RUNNING
Status: RUNNING
Status: RUNNING
Status: RUNNING
Status: RUNNING
Status: RUNNING
Status: RUNNING
Status: RUNNING
Status: RUNNING
Status: RUNNING
Status: RUNNING
Status: RUNNING
Status: RUNNING
Status: RUNNING
Status: RUNNING
Status: RUNNING
Status: RUNNING
Status: RUNNING
Status: RUNNING
Status: RUNNING
Status: RUNNING
Status: RUNNING
Status: RUNNING
Status: RUNNING
Status: RUNNING
Status: RUNNING
Status: RUNNING
Status: RUNNING
Status: RUNNING
Status: RUNNING
Status: RUNNING
Status: RUNNING
Status: RUNNING
Status: RUNNING
Status: RUNNING
Status: RUNNING
Status: RUNNING
Status: RUNNING
Status: RUNNING
Status: RUNNING
Status: RUNNING
Status: RUNNING
Status: RUNNING
Status: RUNNING
Status: RUNNING
Status: RUNNING
Status: RUNNING
Status: RUNNING
Status: RUNNING
Status: RUNNING
Status: RUNNING
Status: RUNNING
Status: RUNNING
Status: RUNNING
Status: RUNNING
Status: RUNNING
Status: RUNNING
Status: RUNNING
Status: COMPLETED
QMEANDisCo: 0.7963
Mutating chain A, position 55: THR -> ALA
Submitted ./1UBQ_Results/1.pdb
Checking: https://swissmodel.expasy.org/qmean/X9FS2K.json
Status: QUEUEING
Status: QUEUEING
Status: QUEUEING
Status: QUEUEING
Status: QUEUEING
Status: QUEUEING
Status: QUEUEING
Status: RUNNING
Status: RUNNING
Status: RUNNING
Status: RUNNING
Status: RUNNING
Status: RUNNING
Status: RUNNING
Status: RUNNING
Status: RUNNING
Status: RUNNING
Status: RUNNING
Status: RUNNING
Status: RUNNING
Status: RUNNING
Status: RUNNING
Status: RUNNING
Status: RUNNING
Status: RUNNING
Status: RUNNING
Status: RUNNING
Status: RUNNING
Status: RUNNING
Status: RUNNING
Status: RUNNING
Status: RUNNING
Status: RUNNING
Status: RUNNING
Status: RUNNING
Status: RUNNING
Status: RUNNING
Status: RUNNING
Status: RUNNING
Status: RUNNING
Status: RUNNING
Status: RUNNING
Status: RUNNING
Status: RUNNING
Status: RUNNING
Status: RUNNING
Status: RUNNING
Status: RUNNING
Status: RUNNING
Status: RUNNING
Status: RUNNING
Status: RUNNING
Status: RUNNING
Status: RUNNING
Status: RUNNING
Status: RUNNING
Status: RUNNING
Status: RUNNING
Status: RUNNING
Status: RUNNING
Status: RUNNING
Status: RUNNING
Status: RUNNING
Status: RUNNING
Status: RUNNING
Status: RUNNING
Status: COMPLETED
QMEANDisCo: 0.7937
Mutating chain A, position 47: GLY -> PHE
Submitted ./1UBQ_Results/1.pdb
Checking: https://swissmodel.expasy.org/qmean/qjWckW.json
Status: QUEUEING
Status: QUEUEING
Status: QUEUEING
Status: QUEUEING
Status: QUEUEING
Status: QUEUEING
Status: QUEUEING
Status: QUEUEING
Status: QUEUEING
Status: QUEUEING
Status: QUEUEING
Status: QUEUEING
Status: QUEUEING
Status: QUEUEING
Status: RUNNING
Status: RUNNING
Status: RUNNING
Status: RUNNING
Status: RUNNING
Status: RUNNING
Status: RUNNING
Status: RUNNING
Status: RUNNING
Status: RUNNING
Status: RUNNING
Status: RUNNING
Status: RUNNING
Status: RUNNING
Status: RUNNING
Status: RUNNING
Status: RUNNING
Status: RUNNING
Status: RUNNING
Status: RUNNING
Status: RUNNING
Status: RUNNING
Status: RUNNING
Status: RUNNING
Status: RUNNING
Status: RUNNING
Status: RUNNING
Status: RUNNING
Status: RUNNING
Status: RUNNING
Status: RUNNING
Status: RUNNING
Status: RUNNING
Status: RUNNING
Status: RUNNING
Status: RUNNING
Status: RUNNING
Status: RUNNING
Status: RUNNING
Status: RUNNING
Status: RUNNING
Status: RUNNING
Status: RUNNING
Status: RUNNING
Status: RUNNING
Status: RUNNING
Status: RUNNING
Status: RUNNING
Status: RUNNING
Status: RUNNING
Status: RUNNING
Status: RUNNING
Status: COMPLETED
QMEANDisCo: 0.7930
Mutating chain A, position 5: VAL -> LYS
Submitted ./1UBQ_Results/1.pdb
Checking: https://swissmodel.expasy.org/qmean/H7Z2h8.json
Status: QUEUEING
Status: QUEUEING
Status: QUEUEING
Status: QUEUEING
Status: QUEUEING
Status: QUEUEING
Status: QUEUEING
Status: RUNNING
Status: RUNNING
Status: RUNNING
Status: RUNNING
Status: RUNNING
Status: RUNNING
Status: RUNNING
Status: RUNNING
Status: RUNNING
Status: RUNNING
Status: RUNNING
Status: RUNNING
Status: RUNNING
Status: RUNNING
Status: RUNNING
Status: RUNNING
Status: RUNNING
Status: RUNNING
Status: RUNNING
Status: RUNNING
Status: RUNNING
Status: RUNNING
Status: RUNNING
Status: RUNNING
Status: RUNNING
Status: RUNNING
Status: RUNNING
Status: RUNNING
Status: RUNNING
Status: RUNNING
Status: RUNNING
Status: RUNNING
Status: RUNNING
Status: RUNNING
Status: RUNNING
Status: RUNNING
Status: RUNNING
Status: RUNNING
Status: RUNNING
Status: RUNNING
Status: RUNNING
Status: RUNNING
Status: RUNNING
Status: RUNNING
Status: RUNNING
Status: RUNNING
Status: RUNNING
Status: RUNNING
Status: RUNNING
Status: RUNNING
Status: RUNNING
Status: RUNNING
Status: RUNNING
Status: RUNNING
Status: RUNNING
Status: RUNNING
Status: RUNNING
Status: RUNNING
Status: RUNNING
Status: COMPLETED
QMEANDisCo: 0.7970
Mutating chain A, position 42: ARG -> MET
Submitted ./1UBQ_Results/1.pdb
Checking: https://swissmodel.expasy.org/qmean/KjE69A.json
Status: QUEUEING
Status: QUEUEING
Status: QUEUEING
Status: QUEUEING
Status: QUEUEING
Status: QUEUEING
Status: QUEUEING
Status: QUEUEING
Status: QUEUEING
Status: QUEUEING
Status: QUEUEING
Status: QUEUEING
Status: QUEUEING
Status: QUEUEING
Status: QUEUEING
Status: RUNNING
Status: RUNNING
Status: RUNNING
Status: RUNNING
Status: RUNNING
Status: RUNNING
Status: RUNNING
Status: RUNNING
Status: RUNNING
Status: RUNNING
Status: RUNNING
Status: RUNNING
Status: RUNNING
Status: RUNNING
Status: RUNNING
Status: RUNNING
Status: RUNNING
Status: RUNNING
Status: RUNNING
Status: RUNNING
Status: RUNNING
Status: RUNNING
Status: RUNNING
Status: RUNNING
Status: RUNNING
Status: RUNNING
Status: RUNNING
Status: RUNNING
Status: RUNNING
Status: RUNNING
Status: RUNNING
Status: RUNNING
Status: RUNNING
Status: RUNNING
Status: RUNNING
Status: RUNNING
Status: RUNNING
Status: RUNNING
Status: RUNNING
Status: RUNNING
Status: RUNNING
Status: RUNNING
Status: RUNNING
Status: RUNNING
Status: RUNNING
Status: RUNNING
Status: RUNNING
Status: RUNNING
Status: RUNNING
Status: RUNNING
Status: RUNNING
Status: COMPLETED
QMEANDisCo: 0.7931
Mutating chain A, position 8: LEU -> ASN
Submitted ./1UBQ_Results/1.pdb
Checking: https://swissmodel.expasy.org/qmean/CLYBkm.json
Status: QUEUEING
Status: QUEUEING
Status: QUEUEING
Status: QUEUEING
Status: QUEUEING
Status: QUEUEING
Status: QUEUEING
Status: RUNNING
Status: RUNNING
Status: RUNNING
Status: RUNNING
Status: RUNNING
Status: RUNNING
Status: RUNNING
Status: RUNNING
Status: RUNNING
Status: RUNNING
Status: RUNNING
Status: RUNNING
Status: RUNNING
Status: RUNNING
Status: RUNNING
Status: RUNNING
Status: RUNNING
Status: RUNNING
Status: RUNNING
Status: RUNNING
Status: RUNNING
Status: RUNNING
Status: RUNNING
Status: RUNNING
Status: RUNNING
Status: RUNNING
Status: RUNNING
Status: RUNNING
Status: RUNNING
Status: RUNNING
Status: RUNNING
Status: RUNNING
Status: RUNNING
Status: RUNNING
Status: RUNNING
Status: RUNNING
Status: RUNNING
Status: RUNNING
Status: RUNNING
Status: RUNNING
Status: RUNNING
Status: RUNNING
Status: RUNNING
Status: RUNNING
Status: RUNNING
Status: RUNNING
Status: RUNNING
Status: RUNNING
Status: RUNNING
Status: RUNNING
Status: RUNNING
Status: RUNNING
Status: RUNNING
Status: RUNNING
Status: RUNNING
Status: RUNNING
Status: RUNNING
Status: RUNNING
Status: RUNNING
Status: COMPLETED
QMEANDisCo: 0.7921
Mutating chain A, position 71: LEU -> GLU
Submitted ./1UBQ_Results/1.pdb
Checking: https://swissmodel.expasy.org/qmean/MGPeYQ.json
Status: QUEUEING
Status: QUEUEING
Status: QUEUEING
Status: QUEUEING
Status: QUEUEING
Status: QUEUEING
Status: QUEUEING
Status: RUNNING
Status: RUNNING
Status: RUNNING
Status: RUNNING
Status: RUNNING
Status: RUNNING
Status: RUNNING
Status: RUNNING
Status: RUNNING
Status: RUNNING
Status: RUNNING
Status: RUNNING
Status: RUNNING
Status: RUNNING
Status: RUNNING
Status: RUNNING
Status: RUNNING
Status: RUNNING
Status: RUNNING
Status: RUNNING
Status: RUNNING
Status: RUNNING
Status: RUNNING
Status: RUNNING
Status: RUNNING
Status: RUNNING
Status: RUNNING
Status: RUNNING
Status: RUNNING
Status: RUNNING
Status: RUNNING
Status: RUNNING
Status: RUNNING
Status: RUNNING
Status: RUNNING
Status: RUNNING
Status: RUNNING
Status: RUNNING
Status: RUNNING
Status: RUNNING
Status: RUNNING
Status: RUNNING
Status: RUNNING
Status: RUNNING
Status: RUNNING
Status: RUNNING
Status: RUNNING
Status: RUNNING
Status: RUNNING
Status: RUNNING
Status: RUNNING
Status: RUNNING
Status: RUNNING
Status: RUNNING
Status: RUNNING
Status: RUNNING
Status: RUNNING
Status: RUNNING
Status: RUNNING
Status: COMPLETED
QMEANDisCo: 0.7909
Mutating chain A, position 54: ARG -> GLY
Submitted ./1UBQ_Results/1.pdb
Checking: https://swissmodel.expasy.org/qmean/NnSDVJ.json
Status: QUEUEING
Status: QUEUEING
Status: QUEUEING
Status: QUEUEING
Status: QUEUEING
Status: QUEUEING
Status: QUEUEING
Status: RUNNING
Status: RUNNING
Status: RUNNING
Status: RUNNING
Status: RUNNING
Status: RUNNING
Status: RUNNING
Status: RUNNING
Status: RUNNING
Status: RUNNING
Status: RUNNING
Status: RUNNING
Status: RUNNING
Status: RUNNING
Status: RUNNING
Status: RUNNING
Status: RUNNING
Status: RUNNING
Status: RUNNING
Status: RUNNING
Status: RUNNING
Status: RUNNING
Status: RUNNING
Status: RUNNING
Status: RUNNING
Status: RUNNING
Status: RUNNING
Status: RUNNING
Status: RUNNING
Status: RUNNING
Status: RUNNING
Status: RUNNING
Status: RUNNING
Status: RUNNING
Status: RUNNING
Status: RUNNING
Status: RUNNING
Status: RUNNING
Status: RUNNING
Status: RUNNING
Status: RUNNING
Status: RUNNING
Status: RUNNING
Status: RUNNING
Status: RUNNING
Status: RUNNING
Status: RUNNING
Status: RUNNING
Status: RUNNING
Status: RUNNING
Status: RUNNING
Status: RUNNING
Status: RUNNING
Status: RUNNING
Status: RUNNING
Status: RUNNING
Status: RUNNING
Status: RUNNING
Status: RUNNING
Status: COMPLETED
QMEANDisCo: 0.7985
Mutating chain A, position 14: THR -> PRO
Submitted ./1UBQ_Results/1.pdb
Checking: https://swissmodel.expasy.org/qmean/ZbHWr8.json
Status: QUEUEING
Status: QUEUEING
Status: QUEUEING
Status: QUEUEING
Status: QUEUEING
Status: QUEUEING
Status: QUEUEING
Status: RUNNING
Status: RUNNING
Status: RUNNING
Status: RUNNING
Status: RUNNING
Status: RUNNING
Status: RUNNING
Status: RUNNING
Status: RUNNING
Status: RUNNING
Status: RUNNING
Status: RUNNING
Status: RUNNING
Status: RUNNING
Status: RUNNING
Status: RUNNING
Status: RUNNING
Status: RUNNING
Status: RUNNING
Status: RUNNING
Status: RUNNING
Status: RUNNING
Status: RUNNING
Status: RUNNING
Status: RUNNING
Status: RUNNING
Status: RUNNING
Status: RUNNING
Status: RUNNING
Status: RUNNING
Status: RUNNING
Status: RUNNING
Status: RUNNING
Status: RUNNING
Status: RUNNING
Status: RUNNING
Status: RUNNING
Status: RUNNING
Status: RUNNING
Status: RUNNING
Status: RUNNING
Status: RUNNING
Status: RUNNING
Status: RUNNING
Status: RUNNING
Status: RUNNING
Status: RUNNING
Status: RUNNING
Status: RUNNING
Status: RUNNING
Status: RUNNING
Status: RUNNING
Status: RUNNING
Status: RUNNING
Status: RUNNING
Status: RUNNING
Status: RUNNING
Status: RUNNING
Status: COMPLETED
QMEANDisCo: 0.7905
Mutating chain A, position 13: ILE -> SER
Submitted ./1UBQ_Results/1.pdb
Checking: https://swissmodel.expasy.org/qmean/QDtjcj.json
Status: QUEUEING
Status: QUEUEING
Status: QUEUEING
Status: QUEUEING
Status: QUEUEING
Status: QUEUEING
Status: QUEUEING
Status: RUNNING
Status: RUNNING
Status: RUNNING
Status: RUNNING
Status: RUNNING
Status: RUNNING
Status: RUNNING
Status: RUNNING
Status: RUNNING
Status: RUNNING
Status: RUNNING
Status: RUNNING
Status: RUNNING
Status: RUNNING
Status: RUNNING
Status: RUNNING
Status: RUNNING
Status: RUNNING
Status: RUNNING
Status: RUNNING
Status: RUNNING
Status: RUNNING
Status: RUNNING
Status: RUNNING
Status: RUNNING
Status: RUNNING
Status: RUNNING
Status: RUNNING
Status: RUNNING
Status: RUNNING
Status: RUNNING
Status: RUNNING
Status: RUNNING
Status: RUNNING
Status: RUNNING
Status: RUNNING
Status: RUNNING
Status: RUNNING
Status: RUNNING
Status: RUNNING
Status: RUNNING
Status: RUNNING
Status: RUNNING
Status: RUNNING
Status: RUNNING
Status: RUNNING
Status: RUNNING
Status: RUNNING
Status: RUNNING
Status: RUNNING
Status: RUNNING
Status: RUNNING
Status: RUNNING
Status: RUNNING
Status: RUNNING
Status: RUNNING
Status: RUNNING
Status: RUNNING
Status: COMPLETED
QMEANDisCo: 0.7925
Mutating chain A, position 6: LYS -> ARG
Submitted ./1UBQ_Results/1.pdb
Checking: https://swissmodel.expasy.org/qmean/Mm376t.json
Status: QUEUEING
Status: QUEUEING
Status: QUEUEING
Status: QUEUEING
Status: QUEUEING
Status: QUEUEING
Status: QUEUEING
Status: QUEUEING
Status: RUNNING
Status: RUNNING
Status: RUNNING
Status: RUNNING
Status: RUNNING
Status: RUNNING
Status: RUNNING
Status: RUNNING
Status: RUNNING
Status: RUNNING
Status: RUNNING
Status: RUNNING
Status: RUNNING
Status: RUNNING
Status: RUNNING
Status: RUNNING
Status: RUNNING
Status: RUNNING
Status: RUNNING
Status: RUNNING
Status: RUNNING
Status: RUNNING
Status: RUNNING
Status: RUNNING
Status: RUNNING
Status: RUNNING
Status: RUNNING
Status: RUNNING
Status: RUNNING
Status: RUNNING
Status: RUNNING
Status: RUNNING
Status: RUNNING
Status: RUNNING
Status: RUNNING
Status: RUNNING
Status: RUNNING
Status: RUNNING
Status: RUNNING
Status: RUNNING
Status: RUNNING
Status: RUNNING
Status: RUNNING
Status: RUNNING
Status: RUNNING
Status: RUNNING
Status: RUNNING
Status: RUNNING
Status: RUNNING
Status: RUNNING
Status: RUNNING
Status: RUNNING
Status: RUNNING
Status: RUNNING
Status: RUNNING
Status: RUNNING
Status: RUNNING
Status: RUNNING
Status: RUNNING
Status: COMPLETED
QMEANDisCo: 0.8019
Mutating chain A, position 20: SER -> PHE
Submitted ./1UBQ_Results/1.pdb
Checking: https://swissmodel.expasy.org/qmean/L9pQFr.json
Status: QUEUEING
Status: QUEUEING
Status: QUEUEING
Status: QUEUEING
Status: QUEUEING
Status: QUEUEING
Status: QUEUEING
Status: QUEUEING
Status: QUEUEING
Status: QUEUEING
Status: QUEUEING
Status: QUEUEING
Status: QUEUEING
Status: QUEUEING
Status: QUEUEING
Status: RUNNING
Status: RUNNING
Status: RUNNING
Status: RUNNING
Status: RUNNING
Status: RUNNING
Status: RUNNING
Status: RUNNING
Status: RUNNING
Status: RUNNING
Status: RUNNING
Status: RUNNING
Status: RUNNING
Status: RUNNING
Status: RUNNING
Status: RUNNING
Status: RUNNING
Status: RUNNING
Status: RUNNING
Status: RUNNING
Status: RUNNING
Status: RUNNING
Status: RUNNING
Status: RUNNING
Status: RUNNING
Status: RUNNING
Status: RUNNING
Status: RUNNING
Status: RUNNING
Status: RUNNING
Status: RUNNING
Status: RUNNING
Status: RUNNING
Status: RUNNING
Status: RUNNING
Status: RUNNING
Status: RUNNING
Status: RUNNING
Status: RUNNING
Status: RUNNING
Status: RUNNING
Status: RUNNING
Status: RUNNING
Status: RUNNING
Status: RUNNING
Status: RUNNING
Status: RUNNING
Status: RUNNING
Status: RUNNING
Status: RUNNING
Status: RUNNING
Status: RUNNING
Status: COMPLETED
QMEANDisCo: 0.7973
Mutating chain A, position 76: GLY -> PHE
Submitted ./1UBQ_Results/1.pdb
Checking: https://swissmodel.expasy.org/qmean/sveXz3.json
Status: QUEUEING
Status: QUEUEING
Status: QUEUEING
Status: QUEUEING
Status: QUEUEING
Status: QUEUEING
Status: QUEUEING
Status: RUNNING
Status: RUNNING
Status: RUNNING
Status: RUNNING
Status: RUNNING
Status: RUNNING
Status: RUNNING
Status: RUNNING
Status: RUNNING
Status: RUNNING
Status: RUNNING
Status: RUNNING
Status: RUNNING
Status: RUNNING
Status: RUNNING
Status: RUNNING
Status: RUNNING
Status: RUNNING
Status: RUNNING
Status: RUNNING
Status: RUNNING
Status: RUNNING
Status: RUNNING
Status: RUNNING
Status: RUNNING
Status: RUNNING
Status: RUNNING
Status: RUNNING
Status: RUNNING
Status: RUNNING
Status: RUNNING
Status: RUNNING
Status: RUNNING
Status: RUNNING
Status: RUNNING
Status: RUNNING
Status: RUNNING
Status: RUNNING
Status: RUNNING
Status: RUNNING
Status: RUNNING
Status: RUNNING
Status: RUNNING
Status: RUNNING
Status: RUNNING
Status: RUNNING
Status: RUNNING
Status: RUNNING
Status: RUNNING
Status: RUNNING
Status: RUNNING
Status: RUNNING
Status: RUNNING
Status: RUNNING
Status: RUNNING
Status: RUNNING
Status: RUNNING
Status: RUNNING
Status: RUNNING
Status: RUNNING
Status: COMPLETED
QMEANDisCo: 0.8066
Mutating chain A, position 24: GLU -> ILE
Submitted ./1UBQ_Results/1.pdb
Checking: https://swissmodel.expasy.org/qmean/3Mcx7r.json
Status: QUEUEING
Status: QUEUEING
Status: QUEUEING
Status: QUEUEING
Status: QUEUEING
Status: QUEUEING
Status: QUEUEING
Status: RUNNING
Status: RUNNING
Status: RUNNING
Status: RUNNING
Status: RUNNING
Status: RUNNING
Status: RUNNING
Status: RUNNING
Status: RUNNING
Status: RUNNING
Status: RUNNING
Status: RUNNING
Status: RUNNING
Status: RUNNING
Status: RUNNING
Status: RUNNING
Status: RUNNING
Status: RUNNING
Status: RUNNING
Status: RUNNING
Status: RUNNING
Status: RUNNING
Status: RUNNING
Status: RUNNING
Status: RUNNING
Status: RUNNING
Status: RUNNING
Status: RUNNING
Status: RUNNING
Status: RUNNING
Status: RUNNING
Status: RUNNING
Status: RUNNING
Status: RUNNING
Status: RUNNING
Status: RUNNING
Status: RUNNING
Status: RUNNING
Status: RUNNING
Status: RUNNING
Status: RUNNING
Status: RUNNING
Status: RUNNING
Status: RUNNING
Status: RUNNING
Network error: HTTPSConnectionPool(host='swissmodel.expasy.org', port=443): Max retries exceeded with url: /qmean/3Mcx7r.json (Caused by ConnectTimeoutError(<urllib3.connection.HTTPSConnection object at 0x7fc68dbe4690>, 'Connection to swissmodel.expasy.org timed out. (connect timeout=30)'))
Retrying in 10 seconds...
Status: COMPLETED
QMEANDisCo: 0.8008
Mutating chain A, position 67: LEU -> ASP
Submitted ./1UBQ_Results/1.pdb
Checking: https://swissmodel.expasy.org/qmean/NKVnj2.json
Status: QUEUEING
Status: QUEUEING
Status: QUEUEING
Status: QUEUEING
Status: QUEUEING
Status: QUEUEING
Status: QUEUEING
Status: RUNNING
Status: RUNNING
Status: RUNNING
Status: RUNNING
Status: RUNNING
Status: RUNNING
Status: RUNNING
Status: RUNNING
Status: RUNNING
Status: RUNNING
Status: RUNNING
Status: RUNNING
Status: RUNNING
Status: RUNNING
Status: RUNNING
Status: RUNNING
Status: RUNNING
Status: RUNNING
Status: RUNNING
Status: RUNNING
Status: RUNNING
Status: RUNNING
Status: RUNNING
Status: RUNNING
Status: RUNNING
Status: RUNNING
Status: RUNNING
Status: RUNNING
Status: RUNNING
Status: RUNNING
Status: RUNNING
Status: RUNNING
Status: RUNNING
Status: RUNNING
Status: RUNNING
Status: RUNNING
Status: RUNNING
Status: RUNNING
Status: RUNNING
Status: RUNNING
Status: RUNNING
Status: RUNNING
Status: RUNNING
Status: RUNNING
Status: RUNNING
Status: RUNNING
Status: RUNNING
Status: RUNNING
Status: RUNNING
Status: RUNNING
Status: RUNNING
Status: RUNNING
Status: RUNNING
Status: RUNNING
Status: RUNNING
Status: RUNNING
Status: RUNNING
Status: RUNNING
Status: COMPLETED
QMEANDisCo: 0.7977
Mutating chain A, position 11: LYS -> ILE
Submitted ./1UBQ_Results/1.pdb
Checking: https://swissmodel.expasy.org/qmean/3DmTky.json
Status: QUEUEING
Status: QUEUEING
Status: QUEUEING
Status: QUEUEING
Status: QUEUEING
Status: QUEUEING
Status: QUEUEING
Status: RUNNING
Status: RUNNING
Status: RUNNING
Status: RUNNING
Status: RUNNING
Status: RUNNING
Status: RUNNING
Status: RUNNING
Status: RUNNING
Status: RUNNING
Status: RUNNING
Status: RUNNING
Status: RUNNING
Status: RUNNING
Status: RUNNING
Status: RUNNING
Status: RUNNING
Status: RUNNING
Status: RUNNING
Status: RUNNING
Status: RUNNING
Status: RUNNING
Status: RUNNING
Status: RUNNING
Status: RUNNING
Status: RUNNING
Status: RUNNING
Status: RUNNING
Status: RUNNING
Status: RUNNING
Status: RUNNING
Status: RUNNING
Status: RUNNING
Status: RUNNING
Status: RUNNING
Status: RUNNING
Status: RUNNING
Status: RUNNING
Status: RUNNING
Status: RUNNING
Status: RUNNING
Status: RUNNING
Status: RUNNING
Status: RUNNING
Status: RUNNING
Status: RUNNING
Status: RUNNING
Status: RUNNING
Status: RUNNING
Status: RUNNING
Status: RUNNING
Status: RUNNING
Status: RUNNING
Status: RUNNING
Status: RUNNING
Status: RUNNING
Status: RUNNING
Status: RUNNING
Status: COMPLETED
QMEANDisCo: 0.7998
Mutating chain A, position 69: LEU -> PHE
Submitted ./1UBQ_Results/1.pdb
Checking: https://swissmodel.expasy.org/qmean/eSGhef.json
Status: QUEUEING
Status: QUEUEING
Status: QUEUEING
Status: QUEUEING
Status: QUEUEING
Status: QUEUEING
Status: QUEUEING
Status: QUEUEING
Status: QUEUEING
Status: QUEUEING
Status: QUEUEING
Status: QUEUEING
Status: QUEUEING
Status: QUEUEING
Status: RUNNING
Status: RUNNING
Status: RUNNING
Status: RUNNING
Status: RUNNING
Status: RUNNING
Status: RUNNING
Status: RUNNING
Status: RUNNING
Status: RUNNING
Status: RUNNING
Status: RUNNING
Status: RUNNING
Status: RUNNING
Status: RUNNING
Status: RUNNING
Status: RUNNING
Status: RUNNING
Status: RUNNING
Status: RUNNING
Status: RUNNING
Status: RUNNING
Status: RUNNING
Status: RUNNING
Status: RUNNING
Status: RUNNING
Status: RUNNING
Status: RUNNING
Status: RUNNING
Status: RUNNING
Status: RUNNING
Status: RUNNING
Status: RUNNING
Status: RUNNING
Status: RUNNING
Status: RUNNING
Status: RUNNING
Status: RUNNING
Status: RUNNING
Status: RUNNING
Status: RUNNING
Status: RUNNING
Status: RUNNING
Status: RUNNING
Status: RUNNING
Status: RUNNING
Status: RUNNING
Status: RUNNING
Status: RUNNING
Status: RUNNING
Status: RUNNING
Status: RUNNING
Status: COMPLETED
QMEANDisCo: 0.7971
Mutating chain A, position 13: ILE -> TYR
Submitted ./1UBQ_Results/1.pdb
Checking: https://swissmodel.expasy.org/qmean/fFmYgF.json
Status: QUEUEING
Status: QUEUEING
Status: QUEUEING
Status: QUEUEING
Status: QUEUEING
Status: QUEUEING
Status: QUEUEING
Status: RUNNING
Status: RUNNING
Status: RUNNING
Status: RUNNING
Status: RUNNING
Status: RUNNING
Status: RUNNING
Status: RUNNING
Status: RUNNING
Status: RUNNING
Status: RUNNING
Status: RUNNING
Status: RUNNING
Status: RUNNING
Status: RUNNING
Status: RUNNING
Status: RUNNING
Status: RUNNING
Status: RUNNING
Status: RUNNING
Status: RUNNING
Status: RUNNING
Status: RUNNING
Status: RUNNING
Status: RUNNING
Status: RUNNING
Status: RUNNING
Status: RUNNING
Status: RUNNING
Status: RUNNING
Status: COMPLETED
QMEANDisCo: 0.7930
Mutating chain A, position 10: GLY -> MET
Submitted ./1UBQ_Results/1.pdb
Checking: https://swissmodel.expasy.org/qmean/T8A9sZ.json
Status: QUEUEING
Status: QUEUEING
Status: QUEUEING
Status: QUEUEING
Status: QUEUEING
Status: QUEUEING
Status: QUEUEING
Status: RUNNING
Status: RUNNING
Status: RUNNING
Status: RUNNING
Status: RUNNING
Status: RUNNING
Status: RUNNING
Status: RUNNING
Status: RUNNING
Status: RUNNING
Status: RUNNING
Status: RUNNING
Status: RUNNING
Status: RUNNING
Status: RUNNING
Status: RUNNING
Status: RUNNING
Status: RUNNING
Status: RUNNING
Status: RUNNING
Status: RUNNING
Status: RUNNING
Status: RUNNING
Status: RUNNING
Status: RUNNING
Status: RUNNING
Status: RUNNING
Status: RUNNING
Status: RUNNING
Status: RUNNING
Status: RUNNING
Status: RUNNING
Status: RUNNING
Status: RUNNING
Status: RUNNING
Status: RUNNING
Status: RUNNING
Status: RUNNING
Status: RUNNING
Status: RUNNING
Status: RUNNING
Status: RUNNING
Status: RUNNING
Status: RUNNING
Status: RUNNING
Status: RUNNING
Status: RUNNING
Status: RUNNING
Status: RUNNING
Status: RUNNING
Status: RUNNING
Status: RUNNING
Status: RUNNING
Status: RUNNING
Status: RUNNING
Status: RUNNING
Status: RUNNING
Status: RUNNING
Status: RUNNING
Status: COMPLETED
QMEANDisCo: 0.7992
Mutating chain A, position 60: ASN -> TYR
Submitted ./1UBQ_Results/1.pdb
Checking: https://swissmodel.expasy.org/qmean/kacKYm.json
Status: QUEUEING
Status: QUEUEING
Status: QUEUEING
Status: QUEUEING
Status: QUEUEING
Status: QUEUEING
Status: QUEUEING
Status: RUNNING
Status: RUNNING
Status: RUNNING
Status: RUNNING
Status: RUNNING
Status: RUNNING
Status: RUNNING
Status: RUNNING
Status: RUNNING
Status: RUNNING
Status: RUNNING
Status: RUNNING
Status: RUNNING
Status: RUNNING
Status: RUNNING
Status: RUNNING
Status: RUNNING
Status: RUNNING
Status: RUNNING
Status: RUNNING
Status: RUNNING
Status: RUNNING
Status: RUNNING
Status: RUNNING
Status: RUNNING
Status: RUNNING
Status: RUNNING
Status: RUNNING
Status: RUNNING
Status: RUNNING
Status: RUNNING
Status: RUNNING
Status: RUNNING
Status: RUNNING
Status: RUNNING
Status: RUNNING
Status: RUNNING
Status: RUNNING
Status: RUNNING
Status: RUNNING
Status: RUNNING
Status: RUNNING
Status: RUNNING
Status: RUNNING
Status: RUNNING
Status: RUNNING
Status: RUNNING
Status: RUNNING
Status: RUNNING
Status: RUNNING
Status: RUNNING
Status: RUNNING
Status: RUNNING
Status: RUNNING
Status: RUNNING
Status: RUNNING
Status: RUNNING
Status: RUNNING
Status: COMPLETED
QMEANDisCo: 0.7976
Mutating chain A, position 26: VAL -> HIS
Submitted ./1UBQ_Results/1.pdb
Checking: https://swissmodel.expasy.org/qmean/VW76US.json
Status: QUEUEING
Status: QUEUEING
Status: QUEUEING
Status: QUEUEING
Status: QUEUEING
Status: QUEUEING
Status: QUEUEING
Status: RUNNING
Status: RUNNING
Status: RUNNING
Status: RUNNING
Status: RUNNING
Status: RUNNING
Status: RUNNING
Status: RUNNING
Status: RUNNING
Status: RUNNING
Status: RUNNING
Status: RUNNING
Status: RUNNING
Status: RUNNING
Status: RUNNING
Status: RUNNING
Status: RUNNING
Status: RUNNING
Status: RUNNING
Status: RUNNING
Status: RUNNING
Status: RUNNING
Status: RUNNING
Status: RUNNING
Status: RUNNING
Status: RUNNING
Status: RUNNING
Status: RUNNING
Status: RUNNING
Status: RUNNING
Status: RUNNING
Status: RUNNING
Status: RUNNING
Status: RUNNING
Status: RUNNING
Status: RUNNING
Status: RUNNING
Status: RUNNING
Status: RUNNING
Status: RUNNING
Status: RUNNING
Status: RUNNING
Status: RUNNING
Status: RUNNING
Status: RUNNING
Status: RUNNING
Status: RUNNING
Status: RUNNING
Status: RUNNING
Status: RUNNING
Status: RUNNING
Status: RUNNING
Status: RUNNING
Status: RUNNING
Status: RUNNING
Status: RUNNING
Status: RUNNING
Status: COMPLETED
QMEANDisCo: 0.7945
Mutating chain A, position 43: LEU -> LYS
Submitted ./1UBQ_Results/1.pdb
Checking: https://swissmodel.expasy.org/qmean/kSckYL.json
Status: QUEUEING
Status: QUEUEING
Status: QUEUEING
Status: QUEUEING
Status: QUEUEING
Status: QUEUEING
Status: QUEUEING
Status: RUNNING
Status: RUNNING
Status: RUNNING
Status: RUNNING
Status: RUNNING
Status: RUNNING
Status: RUNNING
Status: RUNNING
Status: RUNNING
Status: RUNNING
Status: RUNNING
Status: RUNNING
Status: RUNNING
Status: RUNNING
Status: RUNNING
Status: RUNNING
Status: RUNNING
Status: RUNNING
Status: RUNNING
Status: RUNNING
Status: RUNNING
Status: RUNNING
Status: RUNNING
Status: RUNNING
Status: RUNNING
Status: RUNNING
Status: RUNNING
Status: RUNNING
Status: RUNNING
Status: RUNNING
Status: RUNNING
Status: RUNNING
Status: RUNNING
Status: RUNNING
Status: RUNNING
Status: RUNNING
Status: RUNNING
Status: RUNNING
Status: RUNNING
Status: RUNNING
Status: RUNNING
Status: RUNNING
Status: RUNNING
Status: RUNNING
Status: RUNNING
Status: RUNNING
Status: RUNNING
Status: RUNNING
Status: RUNNING
Status: RUNNING
Status: RUNNING
Status: RUNNING
Status: RUNNING
Status: RUNNING
Status: RUNNING
Status: RUNNING
Status: RUNNING
Status: RUNNING
Status: RUNNING
Status: COMPLETED
QMEANDisCo: 0.7969
Mutating chain A, position 9: THR -> VAL
Submitted ./1UBQ_Results/1.pdb
Checking: https://swissmodel.expasy.org/qmean/R7RLGf.json
Status: QUEUEING
Status: QUEUEING
Status: QUEUEING
Status: QUEUEING
Status: QUEUEING
Status: QUEUEING
Status: RUNNING
Status: RUNNING
Status: RUNNING
Status: RUNNING
Status: RUNNING
Status: RUNNING
Status: RUNNING
Status: RUNNING
Status: RUNNING
Status: RUNNING
Status: RUNNING
Status: RUNNING
Status: RUNNING
Status: RUNNING
Status: RUNNING
Status: RUNNING
Status: RUNNING
Status: RUNNING
Status: RUNNING
Status: RUNNING
Status: RUNNING
Status: RUNNING
Status: RUNNING
Status: RUNNING
Status: RUNNING
Status: RUNNING
Status: RUNNING
Status: RUNNING
Status: RUNNING
Status: RUNNING
Status: RUNNING
Status: RUNNING
Status: RUNNING
Status: RUNNING
Status: RUNNING
Status: RUNNING
Status: RUNNING
Status: RUNNING
Status: RUNNING
Status: RUNNING
Status: RUNNING
Status: RUNNING
Status: RUNNING
Status: RUNNING
Status: RUNNING
Status: RUNNING
Status: RUNNING
Status: RUNNING
Status: RUNNING
Status: RUNNING
Status: RUNNING
Status: RUNNING
Status: RUNNING
Status: RUNNING
Status: RUNNING
Status: RUNNING
Status: RUNNING
Status: RUNNING
Status: COMPLETED
QMEANDisCo: 0.7943
Mutating chain A, position 64: HIS -> TYR
Submitted ./1UBQ_Results/1.pdb
Checking: https://swissmodel.expasy.org/qmean/PamR4e.json
Status: QUEUEING
Status: QUEUEING
Status: QUEUEING
Status: QUEUEING
Status: QUEUEING
Status: QUEUEING
Status: QUEUEING
Status: RUNNING
Status: RUNNING
Status: RUNNING
Status: RUNNING
Status: RUNNING
Status: RUNNING
Status: RUNNING
Status: RUNNING
Status: RUNNING
Status: RUNNING
Status: RUNNING
Status: RUNNING
Status: RUNNING
Status: RUNNING
Status: RUNNING
Status: RUNNING
Status: RUNNING
Status: RUNNING
Status: RUNNING
Status: RUNNING
Status: RUNNING
Status: RUNNING
Status: RUNNING
Status: RUNNING
Status: RUNNING
Status: RUNNING
Status: RUNNING
Status: RUNNING
Status: RUNNING
Status: RUNNING
Status: RUNNING
Status: RUNNING
Status: RUNNING
Status: RUNNING
Status: RUNNING
Status: RUNNING
Status: RUNNING
Status: RUNNING
Status: RUNNING
Status: RUNNING
Status: RUNNING
Status: RUNNING
Status: RUNNING
Status: RUNNING
Status: RUNNING
Status: RUNNING
Status: RUNNING
Status: RUNNING
Status: RUNNING
Status: RUNNING
Status: RUNNING
Status: RUNNING
Status: RUNNING
Status: RUNNING
Status: RUNNING
Status: RUNNING
Status: RUNNING
Status: RUNNING
Status: COMPLETED
QMEANDisCo: 0.7987
Mutating chain A, position 9: THR -> TYR
Submitted ./1UBQ_Results/1.pdb
Checking: https://swissmodel.expasy.org/qmean/KyBk6z.json
Status: QUEUEING
Status: QUEUEING
Status: QUEUEING
Status: QUEUEING
Status: QUEUEING
Status: QUEUEING
Status: QUEUEING
Status: QUEUEING
Status: RUNNING
Status: RUNNING
Status: RUNNING
Status: RUNNING
Status: RUNNING
Status: RUNNING
Status: RUNNING
Status: RUNNING
Status: RUNNING
Status: RUNNING
Status: RUNNING
Status: RUNNING
Status: RUNNING
Status: RUNNING
Status: RUNNING
Status: RUNNING
Status: RUNNING
Status: RUNNING
Status: RUNNING
Status: RUNNING
Status: RUNNING
Status: RUNNING
Status: RUNNING
Status: RUNNING
Status: RUNNING
Status: RUNNING
Status: RUNNING
Status: RUNNING
Status: RUNNING
Status: RUNNING
Status: RUNNING
Status: RUNNING
Status: RUNNING
Status: RUNNING
Status: RUNNING
Status: RUNNING
Status: RUNNING
Status: RUNNING
Status: RUNNING
Status: RUNNING
Status: RUNNING
Status: RUNNING
Status: RUNNING
Status: RUNNING
Status: RUNNING
Status: RUNNING
Status: RUNNING
Status: RUNNING
Status: RUNNING
Status: RUNNING
Status: RUNNING
Status: RUNNING
Status: RUNNING
Status: RUNNING
Status: RUNNING
Status: RUNNING
Status: RUNNING
Status: RUNNING
Status: RUNNING
Status: COMPLETED
QMEANDisCo: 0.7946
Mutating chain A, position 5: VAL -> PRO
Submitted ./1UBQ_Results/1.pdb
Checking: https://swissmodel.expasy.org/qmean/kPnkpt.json
Status: QUEUEING
Status: QUEUEING
Status: QUEUEING
Status: QUEUEING
Status: QUEUEING
Status: QUEUEING
Status: QUEUEING
Status: RUNNING
Status: RUNNING
Status: RUNNING
Status: RUNNING
Status: RUNNING
Status: RUNNING
Status: RUNNING
Status: RUNNING
Status: RUNNING
Status: RUNNING
Status: RUNNING
Status: RUNNING
Status: RUNNING
Status: RUNNING
Status: RUNNING
Status: RUNNING
Status: RUNNING
Status: RUNNING
Status: RUNNING
Status: RUNNING
Status: RUNNING
Status: RUNNING
Status: RUNNING
Status: RUNNING
Status: RUNNING
Status: RUNNING
Status: RUNNING
Status: RUNNING
Status: RUNNING
Status: RUNNING
Status: RUNNING
Status: RUNNING
Status: RUNNING
Status: RUNNING
Status: RUNNING
Status: RUNNING
Status: RUNNING
Status: RUNNING
Status: RUNNING
Status: RUNNING
Status: RUNNING
Status: RUNNING
Status: RUNNING
Status: RUNNING
Status: RUNNING
Status: RUNNING
Status: RUNNING
Status: RUNNING
Status: RUNNING
Status: RUNNING
Status: RUNNING
Status: RUNNING
Status: RUNNING
Status: RUNNING
Status: RUNNING
Status: RUNNING
Status: RUNNING
Status: RUNNING
Status: RUNNING
Status: COMPLETED
QMEANDisCo: 0.8035
Mutating chain A, position 14: THR -> GLU
Submitted ./1UBQ_Results/1.pdb
Checking: https://swissmodel.expasy.org/qmean/zuPADX.json
Status: QUEUEING
Status: QUEUEING
Status: QUEUEING
Status: QUEUEING
Status: QUEUEING
Status: QUEUEING
Status: QUEUEING
Status: RUNNING
Status: RUNNING
Status: RUNNING
Status: RUNNING
Status: RUNNING
Status: RUNNING
Status: RUNNING
Status: RUNNING
Status: RUNNING
Status: RUNNING
Status: RUNNING
Status: RUNNING
Status: RUNNING
Status: RUNNING
Status: RUNNING
Status: RUNNING
Status: RUNNING
Status: RUNNING
Status: RUNNING
Status: RUNNING
Status: RUNNING
Status: RUNNING
Status: RUNNING
Status: RUNNING
Status: RUNNING
Status: RUNNING
Status: RUNNING
Status: RUNNING
Status: RUNNING
Status: RUNNING
Status: RUNNING
Status: RUNNING
Status: RUNNING
Status: RUNNING
Status: RUNNING
Status: RUNNING
Status: RUNNING
Status: RUNNING
Status: RUNNING
Status: RUNNING
Status: RUNNING
Status: RUNNING
Status: RUNNING
Status: RUNNING
Status: RUNNING
Status: RUNNING
Status: RUNNING
Status: RUNNING
Status: RUNNING
Status: RUNNING
Status: RUNNING
Status: RUNNING
Status: RUNNING
Status: RUNNING
Status: RUNNING
Status: RUNNING
Status: RUNNING
Status: RUNNING
Status: RUNNING
Status: RUNNING
Status: COMPLETED
QMEANDisCo: 0.7883
Mutating chain A, position 27: LYS -> GLU
Submitted ./1UBQ_Results/1.pdb
Checking: https://swissmodel.expasy.org/qmean/JMsh4n.json
Status: QUEUEING
Status: QUEUEING
Status: QUEUEING
Status: QUEUEING
Status: QUEUEING
Status: QUEUEING
Status: QUEUEING
Status: RUNNING
Status: RUNNING
Status: RUNNING
Status: RUNNING
Status: RUNNING
Status: RUNNING
Status: RUNNING
Status: RUNNING
Status: RUNNING
Status: RUNNING
Status: RUNNING
Status: RUNNING
Status: RUNNING
Status: RUNNING
Status: RUNNING
Status: RUNNING
Status: RUNNING
Status: RUNNING
Status: RUNNING
Status: RUNNING
Status: RUNNING
Status: RUNNING
Status: RUNNING
Status: RUNNING
Status: RUNNING
Status: RUNNING
Status: RUNNING
Status: RUNNING
Status: RUNNING
Status: RUNNING
Status: RUNNING
Status: RUNNING
Status: RUNNING
Status: RUNNING
Status: RUNNING
Status: RUNNING
Status: RUNNING
Status: RUNNING
Status: RUNNING
Status: RUNNING
Status: RUNNING
Status: RUNNING
Status: RUNNING
Status: RUNNING
Status: RUNNING
Status: RUNNING
Status: RUNNING
Status: RUNNING
Status: RUNNING
Status: RUNNING
Status: RUNNING
Status: RUNNING
Status: RUNNING
Status: COMPLETED
QMEANDisCo: 0.8023
Mutating chain A, position 62: GLN -> THR
Submitted ./1UBQ_Results/1.pdb
Checking: https://swissmodel.expasy.org/qmean/qrfKzh.json
Status: QUEUEING
Status: QUEUEING
Status: QUEUEING
Status: QUEUEING
Status: QUEUEING
Status: QUEUEING
Status: QUEUEING
Status: RUNNING
Status: RUNNING
Status: RUNNING
Status: RUNNING
Status: RUNNING
Status: RUNNING
Status: RUNNING
Status: RUNNING
Status: RUNNING
Status: RUNNING
Status: RUNNING
Status: RUNNING
Status: RUNNING
Status: RUNNING
Status: RUNNING
Status: RUNNING
Status: RUNNING
Status: RUNNING
Status: RUNNING
Status: RUNNING
Status: RUNNING
Status: RUNNING
Status: RUNNING
Status: RUNNING
Status: RUNNING
Status: RUNNING
Status: RUNNING
Status: RUNNING
Status: RUNNING
Status: RUNNING
Status: RUNNING
Status: RUNNING
Status: RUNNING
Status: RUNNING
Status: RUNNING
Status: RUNNING
Status: RUNNING
Status: RUNNING
Status: RUNNING
Status: RUNNING
Status: RUNNING
Status: RUNNING
Status: RUNNING
Status: RUNNING
Status: RUNNING
Status: RUNNING
Status: RUNNING
Status: RUNNING
Status: RUNNING
Status: RUNNING
Status: RUNNING
Status: RUNNING
Status: RUNNING
Status: RUNNING
Status: RUNNING
Status: RUNNING
Status: RUNNING
Status: RUNNING
Status: COMPLETED
QMEANDisCo: 0.7970
Mutating chain A, position 64: HIS -> THR
Submitted ./1UBQ_Results/1.pdb
Checking: https://swissmodel.expasy.org/qmean/kWDWvg.json
Status: QUEUEING
Status: QUEUEING
Status: QUEUEING
Status: QUEUEING
Status: QUEUEING
Status: QUEUEING
Status: QUEUEING
Status: RUNNING
Status: RUNNING
Status: RUNNING
Status: RUNNING
Status: RUNNING
Status: RUNNING
Status: RUNNING
Status: RUNNING
Status: RUNNING
Status: RUNNING
Status: RUNNING
Status: RUNNING
Status: RUNNING
Status: RUNNING
Status: RUNNING
Status: RUNNING
Status: RUNNING
Status: RUNNING
Status: RUNNING
Status: RUNNING
Status: RUNNING
Status: RUNNING
Status: RUNNING
Status: RUNNING
Status: RUNNING
Status: RUNNING
Status: RUNNING
Status: RUNNING
Status: RUNNING
Status: RUNNING
Status: RUNNING
Status: RUNNING
Status: RUNNING
Status: RUNNING
Status: RUNNING
Status: RUNNING
Status: RUNNING
Status: RUNNING
Status: RUNNING
Status: RUNNING
Status: RUNNING
Status: RUNNING
Status: RUNNING
Status: RUNNING
Status: RUNNING
Status: RUNNING
Status: RUNNING
Status: RUNNING
Status: RUNNING
Status: RUNNING
Status: RUNNING
Status: RUNNING
Status: RUNNING
Status: RUNNING
Status: RUNNING
Status: RUNNING
Status: RUNNING
Status: COMPLETED
QMEANDisCo: 0.7952
Mutating chain A, position 52: ASP -> CYS
Submitted ./1UBQ_Results/1.pdb
Checking: https://swissmodel.expasy.org/qmean/YUES7a.json
Status: QUEUEING
Status: QUEUEING
Status: QUEUEING
Status: QUEUEING
Status: QUEUEING
Status: QUEUEING
Status: QUEUEING
Status: RUNNING
Status: RUNNING
Status: RUNNING
Status: RUNNING
Status: RUNNING
Status: RUNNING
Status: RUNNING
Status: RUNNING
Status: RUNNING
Status: RUNNING
Status: RUNNING
Status: RUNNING
Status: RUNNING
Status: RUNNING
Status: RUNNING
Status: RUNNING
Status: RUNNING
Status: RUNNING
Status: RUNNING
Status: RUNNING
Status: RUNNING
Status: RUNNING
Status: RUNNING
Status: RUNNING
Status: RUNNING
Status: RUNNING
Status: RUNNING
Status: RUNNING
Status: RUNNING
Status: RUNNING
Status: RUNNING
Status: RUNNING
Status: RUNNING
Status: RUNNING
Status: RUNNING
Status: RUNNING
Status: RUNNING
Status: RUNNING
Status: RUNNING
Status: RUNNING
Status: RUNNING
Status: RUNNING
Status: RUNNING
Status: RUNNING
Status: RUNNING
Status: RUNNING
Status: RUNNING
Status: RUNNING
Status: RUNNING
Status: RUNNING
Status: RUNNING
Status: RUNNING
Status: RUNNING
Status: RUNNING
Status: RUNNING
Status: RUNNING
Status: COMPLETED
QMEANDisCo: 0.7990
Mutating chain A, position 72: ARG -> ASP
Submitted ./1UBQ_Results/1.pdb
Checking: https://swissmodel.expasy.org/qmean/EqVzR8.json
Status: QUEUEING
Status: QUEUEING
Status: QUEUEING
Status: QUEUEING
Status: QUEUEING
Status: QUEUEING
Status: QUEUEING
Status: RUNNING
Status: RUNNING
Status: RUNNING
Status: RUNNING
Status: RUNNING
Status: RUNNING
Status: RUNNING
Status: RUNNING
Status: RUNNING
Status: RUNNING
Status: RUNNING
Status: RUNNING
Status: RUNNING
Status: RUNNING
Status: RUNNING
Status: RUNNING
Status: RUNNING
Status: RUNNING
Status: RUNNING
Status: RUNNING
Status: RUNNING
Status: RUNNING
Status: RUNNING
Status: RUNNING
Status: RUNNING
Status: RUNNING
Status: RUNNING
Status: RUNNING
Status: RUNNING
Status: RUNNING
Status: RUNNING
Status: RUNNING
Status: RUNNING
Status: RUNNING
Status: RUNNING
Status: RUNNING
Status: RUNNING
Status: RUNNING
Status: RUNNING
Status: RUNNING
Status: RUNNING
Status: RUNNING
Status: RUNNING
Status: RUNNING
Status: RUNNING
Status: RUNNING
Status: RUNNING
Status: RUNNING
Status: RUNNING
Status: RUNNING
Status: RUNNING
Status: RUNNING
Status: RUNNING
Status: RUNNING
Status: RUNNING
Status: RUNNING
Status: RUNNING
Status: RUNNING
Status: RUNNING
Status: RUNNING
Status: RUNNING
Status: COMPLETED
QMEANDisCo: 0.7949
Mutating chain A, position 58: ASP -> PRO
Submitted ./1UBQ_Results/1.pdb
Checking: https://swissmodel.expasy.org/qmean/McwXws.json
Status: QUEUEING
Status: QUEUEING
Status: QUEUEING
Status: QUEUEING
Status: QUEUEING
Status: QUEUEING
Status: QUEUEING
Status: RUNNING
Status: RUNNING
Status: RUNNING
Status: RUNNING
Status: RUNNING
Status: RUNNING
Status: RUNNING
Status: RUNNING
Status: RUNNING
Status: RUNNING
Status: RUNNING
Status: RUNNING
Status: RUNNING
Status: RUNNING
Status: RUNNING
Status: RUNNING
Status: RUNNING
Status: RUNNING
Status: RUNNING
Status: RUNNING
Status: RUNNING
Status: RUNNING
Status: RUNNING
Status: RUNNING
Status: RUNNING
Status: RUNNING
Status: RUNNING
Status: RUNNING
Status: RUNNING
Status: RUNNING
Status: RUNNING
Status: RUNNING
Status: RUNNING
Status: RUNNING
Status: RUNNING
Status: RUNNING
Status: RUNNING
Status: RUNNING
Status: RUNNING
Status: RUNNING
Status: RUNNING
Status: RUNNING
Status: RUNNING
Status: RUNNING
Status: RUNNING
Status: RUNNING
Status: RUNNING
Status: RUNNING
Status: RUNNING
Status: RUNNING
Status: RUNNING
Status: RUNNING
Status: RUNNING
Status: RUNNING
Status: RUNNING
Status: RUNNING
Status: RUNNING
Status: RUNNING
Status: RUNNING
Status: COMPLETED
QMEANDisCo: 0.7899
Mutating chain A, position 40: GLN -> ASN
Submitted ./1UBQ_Results/1.pdb
Checking: https://swissmodel.expasy.org/qmean/sMQzqt.json
Status: QUEUEING
Status: QUEUEING
Status: QUEUEING
Status: QUEUEING
Status: QUEUEING
Status: QUEUEING
Status: QUEUEING
Status: RUNNING
Status: RUNNING
Status: RUNNING
Status: RUNNING
Status: RUNNING
Status: RUNNING
Status: RUNNING
Status: RUNNING
Status: RUNNING
Status: RUNNING
Status: RUNNING
Status: RUNNING
Status: RUNNING
Status: RUNNING
Status: RUNNING
Status: RUNNING
Status: RUNNING
Status: RUNNING
Status: RUNNING
Status: RUNNING
Status: RUNNING
Status: RUNNING
Status: RUNNING
Status: RUNNING
Status: RUNNING
Status: RUNNING
Status: RUNNING
Status: RUNNING
Status: RUNNING
Status: RUNNING
Status: RUNNING
Status: RUNNING
Status: RUNNING
Status: RUNNING
Status: RUNNING
Status: RUNNING
Status: RUNNING
Status: RUNNING
Status: RUNNING
Status: RUNNING
Status: RUNNING
Status: RUNNING
Status: RUNNING
Status: RUNNING
Status: RUNNING
Status: RUNNING
Status: RUNNING
Status: RUNNING
Status: RUNNING
Status: RUNNING
Status: RUNNING
Status: RUNNING
Status: RUNNING
Status: RUNNING
Status: RUNNING
Status: RUNNING
Status: RUNNING
Status: RUNNING
Status: RUNNING
Status: COMPLETED
QMEANDisCo: 0.7914
Mutating chain A, position 14: THR -> GLU
Submitted ./1UBQ_Results/1.pdb
Checking: https://swissmodel.expasy.org/qmean/FcGNgH.json
Status: QUEUEING
Status: QUEUEING
Status: QUEUEING
Status: QUEUEING
Status: QUEUEING
Status: QUEUEING
Status: QUEUEING
Status: RUNNING
Status: RUNNING
Status: RUNNING
Status: RUNNING
Status: RUNNING
Status: RUNNING
Status: RUNNING
Status: RUNNING
Status: RUNNING
Status: RUNNING
Status: RUNNING
Status: RUNNING
Status: RUNNING
Status: RUNNING
Status: RUNNING
Status: RUNNING
Status: RUNNING
Status: RUNNING
Status: RUNNING
Status: RUNNING
Status: RUNNING
Status: RUNNING
Status: RUNNING
Status: RUNNING
Status: RUNNING
Status: RUNNING
Status: RUNNING
Status: RUNNING
Status: RUNNING
Status: COMPLETED
QMEANDisCo: 0.7883
Mutating chain A, position 37: PRO -> HIS
Submitted ./1UBQ_Results/1.pdb
Checking: https://swissmodel.expasy.org/qmean/QVXB3G.json
Status: QUEUEING
Status: QUEUEING
Status: QUEUEING
Status: QUEUEING
Status: QUEUEING
Status: QUEUEING
Status: QUEUEING
Status: RUNNING
Status: RUNNING
Status: RUNNING
Status: RUNNING
Status: RUNNING
Status: RUNNING
Status: RUNNING
Status: RUNNING
Status: RUNNING
Status: RUNNING
Status: RUNNING
Status: RUNNING
Status: RUNNING
Status: RUNNING
Status: RUNNING
Status: RUNNING
Status: RUNNING
Status: RUNNING
Status: RUNNING
Status: RUNNING
Status: RUNNING
Status: RUNNING
Status: RUNNING
Status: RUNNING
Status: RUNNING
Status: RUNNING
Status: RUNNING
Status: RUNNING
Status: RUNNING
Status: RUNNING
Status: RUNNING
Status: RUNNING
Status: RUNNING
Status: RUNNING
Status: RUNNING
Status: RUNNING
Status: RUNNING
Status: RUNNING
Status: RUNNING
Status: RUNNING
Status: RUNNING
Status: RUNNING
Status: RUNNING
Status: RUNNING
Status: RUNNING
Status: RUNNING
Status: RUNNING
Status: RUNNING
Status: RUNNING
Status: RUNNING
Status: RUNNING
Status: RUNNING
Status: RUNNING
Status: RUNNING
Status: RUNNING
Status: RUNNING
Status: RUNNING
Status: RUNNING
Status: RUNNING
Status: COMPLETED
QMEANDisCo: 0.7892
Mutating chain A, position 17: VAL -> THR
Submitted ./1UBQ_Results/1.pdb
Checking: https://swissmodel.expasy.org/qmean/Da2vAJ.json
Status: QUEUEING
Status: QUEUEING
Status: QUEUEING
Status: QUEUEING
Status: QUEUEING
Status: QUEUEING
Status: QUEUEING
Status: RUNNING
Status: RUNNING
Status: RUNNING
Status: RUNNING
Status: RUNNING
Status: RUNNING
Status: RUNNING
Status: RUNNING
Status: RUNNING
Status: RUNNING
Status: RUNNING
Status: RUNNING
Status: RUNNING
Status: RUNNING
Status: RUNNING
Status: RUNNING
Status: RUNNING
Status: RUNNING
Status: RUNNING
Status: RUNNING
Status: RUNNING
Status: RUNNING
Status: RUNNING
Status: RUNNING
Status: RUNNING
Status: RUNNING
Status: RUNNING
Status: RUNNING
Status: RUNNING
Status: RUNNING
Status: RUNNING
Status: RUNNING
Status: RUNNING
Status: RUNNING
Status: RUNNING
Status: RUNNING
Status: RUNNING
Status: RUNNING
Status: RUNNING
Status: RUNNING
Status: RUNNING
Status: RUNNING
Status: RUNNING
Status: RUNNING
Status: RUNNING
Status: RUNNING
Status: RUNNING
Status: RUNNING
Status: RUNNING
Status: RUNNING
Status: RUNNING
Status: RUNNING
Status: RUNNING
Status: RUNNING
Status: RUNNING
Status: RUNNING
Status: RUNNING
Status: RUNNING
Status: COMPLETED
QMEANDisCo: 0.7980
Mutating chain A, position 21: ASP -> GLN
Submitted ./1UBQ_Results/1.pdb
Checking: https://swissmodel.expasy.org/qmean/KDW46p.json
Status: QUEUEING
Status: QUEUEING
Status: QUEUEING
Status: QUEUEING
Status: QUEUEING
Status: QUEUEING
Status: QUEUEING
Status: RUNNING
Status: RUNNING
Status: RUNNING
Status: RUNNING
Status: RUNNING
Status: RUNNING
Status: RUNNING
Status: RUNNING
Status: RUNNING
Status: RUNNING
Status: RUNNING
Status: RUNNING
Status: RUNNING
Status: RUNNING
Status: RUNNING
Status: RUNNING
Status: RUNNING
Status: RUNNING
Status: RUNNING
Status: RUNNING
Status: RUNNING
Status: RUNNING
Status: RUNNING
Status: RUNNING
Status: RUNNING
Status: RUNNING
Status: RUNNING
Status: RUNNING
Status: RUNNING
Status: RUNNING
Status: RUNNING
Status: RUNNING
Status: RUNNING
Status: RUNNING
Status: RUNNING
Status: RUNNING
Status: RUNNING
Status: RUNNING
Status: RUNNING
Status: RUNNING
Status: RUNNING
Status: RUNNING
Status: RUNNING
Status: RUNNING
Status: RUNNING
Status: RUNNING
Status: RUNNING
Status: RUNNING
Status: RUNNING
Status: RUNNING
Status: RUNNING
Status: RUNNING
Status: RUNNING
Status: RUNNING
Status: RUNNING
Status: RUNNING
Status: RUNNING
Status: RUNNING
Status: COMPLETED
QMEANDisCo: 0.7909
Mutating chain A, position 43: LEU -> TRP
Submitted ./1UBQ_Results/1.pdb
Checking: https://swissmodel.expasy.org/qmean/DQffdK.json
Status: QUEUEING
Status: QUEUEING
Status: QUEUEING
Status: QUEUEING
Status: QUEUEING
Status: QUEUEING
Status: QUEUEING
Status: RUNNING
Status: RUNNING
Status: RUNNING
Status: RUNNING
Status: RUNNING
Status: RUNNING
Status: RUNNING
Status: RUNNING
Status: RUNNING
Status: RUNNING
Status: RUNNING
Status: RUNNING
Status: RUNNING
Status: RUNNING
Status: RUNNING
Status: RUNNING
Status: RUNNING
Status: RUNNING
Status: RUNNING
Status: RUNNING
Status: RUNNING
Status: RUNNING
Status: RUNNING
Status: RUNNING
Status: RUNNING
Status: RUNNING
Status: RUNNING
Status: RUNNING
Status: RUNNING
Status: RUNNING
Status: RUNNING
Status: RUNNING
Status: RUNNING
Status: RUNNING
Status: RUNNING
Status: RUNNING
Status: RUNNING
Status: RUNNING
Status: RUNNING
Status: RUNNING
Status: RUNNING
Status: RUNNING
Status: RUNNING
Status: RUNNING
Status: RUNNING
Status: RUNNING
Status: RUNNING
Status: RUNNING
Status: RUNNING
Status: RUNNING
Status: RUNNING
Status: RUNNING
Status: RUNNING
Status: RUNNING
Status: RUNNING
Status: RUNNING
Status: RUNNING
Status: RUNNING
Status: RUNNING
Status: COMPLETED
QMEANDisCo: 0.7834
Mutating chain A, position 18: GLU -> PRO
Submitted ./1UBQ_Results/1.pdb
Checking: https://swissmodel.expasy.org/qmean/gbAm5W.json
Status: QUEUEING
Status: QUEUEING
Status: QUEUEING
Status: QUEUEING
Status: QUEUEING
Status: QUEUEING
Status: QUEUEING
Status: RUNNING
Status: RUNNING
Status: RUNNING
Status: RUNNING
Status: RUNNING
Status: RUNNING
Status: RUNNING
Status: RUNNING
Status: RUNNING
Status: RUNNING
Status: RUNNING
Status: RUNNING
Status: RUNNING
Status: RUNNING
Status: RUNNING
Status: RUNNING
Status: RUNNING
Status: RUNNING
Status: RUNNING
Status: RUNNING
Status: RUNNING
Status: RUNNING
Status: RUNNING
Status: RUNNING
Status: RUNNING
Status: RUNNING
Status: RUNNING
Status: RUNNING
Status: RUNNING
Status: RUNNING
Status: RUNNING
Status: RUNNING
Status: RUNNING
Status: RUNNING
Status: RUNNING
Status: RUNNING
Status: RUNNING
Status: RUNNING
Status: RUNNING
Status: RUNNING
Status: RUNNING
Status: RUNNING
Status: RUNNING
Status: RUNNING
Status: RUNNING
Status: RUNNING
Status: RUNNING
Status: RUNNING
Status: RUNNING
Status: RUNNING
Status: RUNNING
Status: RUNNING
Status: RUNNING
Status: RUNNING
Status: RUNNING
Status: RUNNING
Status: RUNNING
Status: RUNNING
Status: RUNNING
Status: COMPLETED
QMEANDisCo: 0.7940
Mutating chain A, position 31: GLN -> TYR
Submitted ./1UBQ_Results/1.pdb
Checking: https://swissmodel.expasy.org/qmean/e4tzQC.json
Status: QUEUEING
Status: QUEUEING
Status: QUEUEING
Status: QUEUEING
Status: QUEUEING
Status: QUEUEING
Status: QUEUEING
Status: QUEUEING
Status: QUEUEING
Status: QUEUEING
Status: QUEUEING
Status: QUEUEING
Status: QUEUEING
Status: QUEUEING
Status: QUEUEING
Status: RUNNING
Status: RUNNING
Status: RUNNING
Status: RUNNING
Status: RUNNING
Status: RUNNING
Status: RUNNING
Status: RUNNING
Status: RUNNING
Status: RUNNING
Status: RUNNING
Status: RUNNING
Status: RUNNING
Status: RUNNING
Status: RUNNING
Status: RUNNING
Status: RUNNING
Status: RUNNING
Status: RUNNING
Status: RUNNING
Status: RUNNING
Status: RUNNING
Status: RUNNING
Status: RUNNING
Status: RUNNING
Status: RUNNING
Status: RUNNING
Status: RUNNING
Status: RUNNING
Status: RUNNING
Status: RUNNING
Status: RUNNING
Status: RUNNING
Status: RUNNING
Status: RUNNING
Status: RUNNING
Status: RUNNING
Status: RUNNING
Status: RUNNING
Status: RUNNING
Status: RUNNING
Status: RUNNING
Status: RUNNING
Status: RUNNING
Status: RUNNING
Status: RUNNING
Status: RUNNING
Status: RUNNING
Status: RUNNING
Status: RUNNING
Status: RUNNING
Status: RUNNING
Status: COMPLETED
QMEANDisCo: 0.7656
Mutating chain A, position 6: LYS -> ARG
Submitted ./1UBQ_Results/1.pdb
Checking: https://swissmodel.expasy.org/qmean/RdKjyr.json
Status: QUEUEING
Status: QUEUEING
Status: QUEUEING
Status: QUEUEING
Status: QUEUEING
Status: QUEUEING
Status: QUEUEING
Status: RUNNING
Status: RUNNING
Status: RUNNING
Status: RUNNING
Status: RUNNING
Status: RUNNING
Status: RUNNING
Status: RUNNING
Status: RUNNING
Status: RUNNING
Status: RUNNING
Status: RUNNING
Status: RUNNING
Status: RUNNING
Status: RUNNING
Status: RUNNING
Status: RUNNING
Status: RUNNING
Status: RUNNING
Status: RUNNING
Status: RUNNING
Status: RUNNING
Status: RUNNING
Status: RUNNING
Status: RUNNING
Status: RUNNING
Status: RUNNING
Status: RUNNING
Status: RUNNING
Status: RUNNING
Status: COMPLETED
QMEANDisCo: 0.8019
Mutating chain A, position 6: LYS -> MET
Submitted ./1UBQ_Results/1.pdb
Checking: https://swissmodel.expasy.org/qmean/tA5wck.json
Status: QUEUEING
Status: QUEUEING
Status: QUEUEING
Status: QUEUEING
Status: QUEUEING
Status: QUEUEING
Status: QUEUEING
Status: RUNNING
Status: RUNNING
Status: RUNNING
Status: RUNNING
Status: RUNNING
Status: RUNNING
Status: RUNNING
Status: RUNNING
Status: RUNNING
Status: RUNNING
Status: RUNNING
Status: RUNNING
Status: RUNNING
Status: RUNNING
Status: RUNNING
Status: RUNNING
Status: RUNNING
Status: RUNNING
Status: RUNNING
Status: RUNNING
Status: RUNNING
Status: RUNNING
Status: RUNNING
Status: RUNNING
Status: RUNNING
Status: RUNNING
Status: RUNNING
Status: RUNNING
Status: RUNNING
Status: RUNNING
Status: RUNNING
Status: RUNNING
Status: RUNNING
Status: RUNNING
Status: RUNNING
Status: RUNNING
Status: RUNNING
Status: RUNNING
Status: RUNNING
Status: RUNNING
Status: RUNNING
Status: RUNNING
Status: RUNNING
Status: RUNNING
Status: RUNNING
Status: RUNNING
Status: RUNNING
Status: RUNNING
Status: RUNNING
Status: RUNNING
Status: RUNNING
Status: RUNNING
Status: RUNNING
Status: RUNNING
Status: RUNNING
Status: RUNNING
Status: RUNNING
Status: RUNNING
Status: RUNNING
Status: COMPLETED
QMEANDisCo: 0.8037
Mutating chain A, position 54: ARG -> GLY
Submitted ./1UBQ_Results/1.pdb
Checking: https://swissmodel.expasy.org/qmean/RpDULh.json
Status: QUEUEING
Status: QUEUEING
Status: QUEUEING
Status: QUEUEING
Status: QUEUEING
Status: QUEUEING
Status: QUEUEING
Status: RUNNING
Status: RUNNING
Status: RUNNING
Status: RUNNING
Status: RUNNING
Status: RUNNING
Status: RUNNING
Status: RUNNING
Status: RUNNING
Status: RUNNING
Status: RUNNING
Status: RUNNING
Status: RUNNING
Status: RUNNING
Status: RUNNING
Status: RUNNING
Status: RUNNING
Status: RUNNING
Status: RUNNING
Status: RUNNING
Status: RUNNING
Status: RUNNING
Status: RUNNING
Status: RUNNING
Status: RUNNING
Status: RUNNING
Status: RUNNING
Status: RUNNING
Status: RUNNING
Status: RUNNING
Status: COMPLETED
QMEANDisCo: 0.7985
Mutating chain A, position 62: GLN -> SER
Submitted ./1UBQ_Results/1.pdb
Checking: https://swissmodel.expasy.org/qmean/k93SHD.json
Status: QUEUEING
Status: QUEUEING
Status: QUEUEING
Status: QUEUEING
Status: QUEUEING
Status: QUEUEING
Status: QUEUEING
Status: RUNNING
Status: RUNNING
Status: RUNNING
Status: RUNNING
Status: RUNNING
Status: RUNNING
Status: RUNNING
Status: RUNNING
Status: RUNNING
Status: RUNNING
Status: RUNNING
Status: RUNNING
Status: RUNNING
Status: RUNNING
Status: RUNNING
Status: RUNNING
Status: RUNNING
Status: RUNNING
Status: RUNNING
Status: RUNNING
Status: RUNNING
Status: RUNNING
Status: RUNNING
Status: RUNNING
Status: RUNNING
Status: RUNNING
Status: RUNNING
Status: RUNNING
Status: RUNNING
Status: RUNNING
Status: RUNNING
Status: RUNNING
Status: RUNNING
Status: RUNNING
Status: RUNNING
Status: RUNNING
Status: RUNNING
Status: RUNNING
Status: RUNNING
Status: RUNNING
Status: RUNNING
Status: RUNNING
Status: RUNNING
Status: RUNNING
Status: RUNNING
Status: RUNNING
Status: RUNNING
Status: RUNNING
Status: RUNNING
Status: RUNNING
Status: RUNNING
Status: RUNNING
Status: RUNNING
Status: RUNNING
Status: RUNNING
Status: RUNNING
Status: RUNNING
Status: RUNNING
Status: RUNNING
Status: COMPLETED
QMEANDisCo: 0.7974
Mutating chain A, position 56: LEU -> ILE
Submitted ./1UBQ_Results/1.pdb
Checking: https://swissmodel.expasy.org/qmean/p7avhY.json
Status: QUEUEING
Status: QUEUEING
Status: QUEUEING
Status: QUEUEING
Status: QUEUEING
Status: QUEUEING
Status: QUEUEING
Status: QUEUEING
Status: RUNNING
Status: RUNNING
Status: RUNNING
Status: RUNNING
Status: RUNNING
Status: RUNNING
Status: RUNNING
Status: RUNNING
Status: RUNNING
Status: RUNNING
Status: RUNNING
Status: RUNNING
Status: RUNNING
Status: RUNNING
Status: RUNNING
Status: RUNNING
Status: RUNNING
Status: RUNNING
Status: RUNNING
Status: RUNNING
Status: RUNNING
Status: RUNNING
Status: RUNNING
Status: RUNNING
Status: RUNNING
Status: RUNNING
Status: RUNNING
Status: RUNNING
Status: RUNNING
Status: RUNNING
Status: RUNNING
Status: RUNNING
Status: RUNNING
Status: RUNNING
Status: RUNNING
Status: RUNNING
Status: RUNNING
Status: RUNNING
Status: RUNNING
Status: RUNNING
Status: RUNNING
Status: RUNNING
Status: RUNNING
Status: RUNNING
Status: RUNNING
Status: RUNNING
Status: RUNNING
Status: RUNNING
Status: RUNNING
Status: RUNNING
Status: RUNNING
Status: RUNNING
Status: RUNNING
Status: RUNNING
Status: RUNNING
Status: RUNNING
Status: RUNNING
Status: RUNNING
Status: COMPLETED
QMEANDisCo: 0.7990
Mutating chain A, position 38: PRO -> CYS
Submitted ./1UBQ_Results/1.pdb
Checking: https://swissmodel.expasy.org/qmean/eaSqjs.json
Status: QUEUEING
Status: QUEUEING
Status: QUEUEING
Status: QUEUEING
Status: QUEUEING
Status: QUEUEING
Status: QUEUEING
Status: QUEUEING
Status: QUEUEING
Status: QUEUEING
Status: QUEUEING
Status: QUEUEING
Status: QUEUEING
Status: QUEUEING
Status: RUNNING
Status: RUNNING
Status: RUNNING
Status: RUNNING
Status: RUNNING
Status: RUNNING
Status: RUNNING
Status: RUNNING
Status: RUNNING
Status: RUNNING
Status: RUNNING
Status: RUNNING
Status: RUNNING
Status: RUNNING
Status: RUNNING
Status: RUNNING
Status: RUNNING
Status: RUNNING
Status: RUNNING
Status: RUNNING
Status: RUNNING
Status: RUNNING
Status: RUNNING
Status: RUNNING
Status: RUNNING
Status: RUNNING
Status: RUNNING
Status: RUNNING
Status: RUNNING
Status: RUNNING
Status: RUNNING
Status: RUNNING
Status: RUNNING
Status: RUNNING
Status: RUNNING
Status: RUNNING
Status: RUNNING
Status: RUNNING
Status: RUNNING
Status: RUNNING
Status: RUNNING
Status: RUNNING
Status: RUNNING
Status: RUNNING
Status: RUNNING
Status: RUNNING
Status: RUNNING
Status: RUNNING
Status: RUNNING
Status: RUNNING
Status: RUNNING
Status: COMPLETED
QMEANDisCo: 0.7962
Mutating chain A, position 9: THR -> GLU
Submitted ./1UBQ_Results/1.pdb
Checking: https://swissmodel.expasy.org/qmean/FbuBzc.json
Status: QUEUEING
Status: QUEUEING
Status: QUEUEING
Status: QUEUEING
Status: QUEUEING
Status: QUEUEING
Status: QUEUEING
Status: RUNNING
Status: RUNNING
Status: RUNNING
Status: RUNNING
Status: RUNNING
Status: RUNNING
Status: RUNNING
Status: RUNNING
Status: RUNNING
Status: RUNNING
Status: RUNNING
Status: RUNNING
Status: RUNNING
Status: RUNNING
Status: RUNNING
Status: RUNNING
Status: RUNNING
Status: RUNNING
Status: RUNNING
Status: RUNNING
Status: RUNNING
Status: RUNNING
Status: RUNNING
Status: RUNNING
Status: RUNNING
Status: RUNNING
Status: RUNNING
Status: RUNNING
Status: RUNNING
Status: RUNNING
Status: RUNNING
Status: RUNNING
Status: RUNNING
Status: RUNNING
Status: RUNNING
Status: RUNNING
Status: RUNNING
Status: RUNNING
Status: RUNNING
Status: RUNNING
Status: RUNNING
Status: RUNNING
Status: RUNNING
Status: RUNNING
Status: RUNNING
Status: RUNNING
Status: RUNNING
Status: RUNNING
Status: RUNNING
Status: RUNNING
Status: RUNNING
Status: RUNNING
Status: RUNNING
Status: RUNNING
Status: RUNNING
Status: RUNNING
Status: RUNNING
Status: RUNNING
Status: RUNNING
Status: COMPLETED
QMEANDisCo: 0.7867
Mutating chain A, position 52: ASP -> GLY
Submitted ./1UBQ_Results/1.pdb
Checking: https://swissmodel.expasy.org/qmean/vxEZtn.json
Status: QUEUEING
Status: QUEUEING
Status: QUEUEING
Status: QUEUEING
Status: QUEUEING
Status: QUEUEING
Status: QUEUEING
Status: QUEUEING
Status: RUNNING
Status: RUNNING
Status: RUNNING
Status: RUNNING
Status: RUNNING
Status: RUNNING
Status: RUNNING
Status: RUNNING
Status: RUNNING
Status: RUNNING
Status: RUNNING
Status: RUNNING
Status: RUNNING
Status: RUNNING
Status: RUNNING
Status: RUNNING
Status: RUNNING
Status: RUNNING
Status: RUNNING
Status: RUNNING
Status: RUNNING
Status: RUNNING
Status: RUNNING
Status: RUNNING
Status: RUNNING
Status: RUNNING
Status: RUNNING
Status: RUNNING
Status: RUNNING
Status: RUNNING
Status: RUNNING
Status: RUNNING
Status: RUNNING
Status: RUNNING
Status: RUNNING
Status: RUNNING
Status: RUNNING
Status: RUNNING
Status: RUNNING
Status: RUNNING
Status: RUNNING
Status: RUNNING
Status: RUNNING
Status: RUNNING
Status: RUNNING
Status: RUNNING
Status: RUNNING
Status: RUNNING
Status: RUNNING
Status: RUNNING
Status: RUNNING
Status: RUNNING
Status: RUNNING
Status: RUNNING
Status: RUNNING
Status: RUNNING
Status: RUNNING
Status: RUNNING
Status: RUNNING
Status: COMPLETED
QMEANDisCo: 0.7922
Mutating chain A, position 19: PRO -> ILE
Submitted ./1UBQ_Results/1.pdb
Checking: https://swissmodel.expasy.org/qmean/GthBDd.json
Status: QUEUEING
Status: QUEUEING
Status: QUEUEING
Status: QUEUEING
Status: QUEUEING
Status: QUEUEING
Status: QUEUEING
Status: QUEUEING
Status: RUNNING
Status: RUNNING
Status: RUNNING
Status: RUNNING
Status: RUNNING
Status: RUNNING
Status: RUNNING
Status: RUNNING
Status: RUNNING
Status: RUNNING
Status: RUNNING
Status: RUNNING
Status: RUNNING
Status: RUNNING
Status: RUNNING
Status: RUNNING
Status: RUNNING
Status: RUNNING
Status: RUNNING
Status: RUNNING
Status: RUNNING
Status: RUNNING
Status: RUNNING
Status: RUNNING
Status: RUNNING
Status: RUNNING
Status: RUNNING
Status: RUNNING
Status: RUNNING
Status: RUNNING
Status: RUNNING
Status: RUNNING
Status: RUNNING
Status: RUNNING
Status: RUNNING
Status: RUNNING
Status: RUNNING
Status: RUNNING
Status: RUNNING
Status: RUNNING
Status: RUNNING
Status: RUNNING
Status: RUNNING
Status: RUNNING
Status: RUNNING
Status: RUNNING
Status: RUNNING
Status: RUNNING
Status: RUNNING
Status: RUNNING
Status: RUNNING
Status: RUNNING
Status: RUNNING
Status: RUNNING
Status: RUNNING
Status: RUNNING
Status: RUNNING
Status: RUNNING
Status: COMPLETED
QMEANDisCo: 0.7927
Mutating chain A, position 65: SER -> CYS
Submitted ./1UBQ_Results/1.pdb
Checking: https://swissmodel.expasy.org/qmean/BZjRRp.json
Status: QUEUEING
Status: QUEUEING
Status: QUEUEING
Status: QUEUEING
Status: QUEUEING
Status: QUEUEING
Status: QUEUEING
Status: QUEUEING
Status: RUNNING
Status: RUNNING
Status: RUNNING
Status: RUNNING
Status: RUNNING
Status: RUNNING
Status: RUNNING
Status: RUNNING
Status: RUNNING
Status: RUNNING
Status: RUNNING
Status: RUNNING
Status: RUNNING
Status: RUNNING
Status: RUNNING
Status: RUNNING
Status: RUNNING
Status: RUNNING
Status: RUNNING
Status: RUNNING
Status: RUNNING
Status: RUNNING
Status: RUNNING
Status: RUNNING
Status: RUNNING
Status: RUNNING
Status: RUNNING
Status: RUNNING
Status: RUNNING
Status: RUNNING
Status: RUNNING
Status: RUNNING
Status: RUNNING
Status: RUNNING
Status: RUNNING
Status: RUNNING
Status: RUNNING
Status: RUNNING
Status: RUNNING
Status: RUNNING
Status: RUNNING
Status: RUNNING
Status: RUNNING
Status: RUNNING
Status: RUNNING
Status: RUNNING
Status: RUNNING
Status: RUNNING
Status: RUNNING
Status: RUNNING
Status: RUNNING
Status: RUNNING
Status: RUNNING
Status: RUNNING
Status: RUNNING
Status: RUNNING
Status: RUNNING
Status: RUNNING
Status: COMPLETED
QMEANDisCo: 0.7890
Mutating chain A, position 38: PRO -> MET
Submitted ./1UBQ_Results/1.pdb
Checking: https://swissmodel.expasy.org/qmean/fjRNXg.json
Status: QUEUEING
Status: QUEUEING
Status: QUEUEING
Status: QUEUEING
Status: QUEUEING
Status: QUEUEING
Status: QUEUEING
Status: RUNNING
Status: RUNNING
Status: RUNNING
Status: RUNNING
Status: RUNNING
Status: RUNNING
Status: RUNNING
Status: RUNNING
Status: RUNNING
Status: RUNNING
Status: RUNNING
Status: RUNNING
Status: RUNNING
Status: RUNNING
Status: RUNNING
Status: RUNNING
Status: RUNNING
Status: RUNNING
Status: RUNNING
Status: RUNNING
Status: RUNNING
Status: RUNNING
Status: RUNNING
Status: RUNNING
Status: RUNNING
Status: RUNNING
Status: RUNNING
Status: RUNNING
Status: RUNNING
Status: RUNNING
Status: COMPLETED
QMEANDisCo: 0.7956
Mutating chain A, position 16: GLU -> ARG
Submitted ./1UBQ_Results/1.pdb
Checking: https://swissmodel.expasy.org/qmean/B5Lzqq.json
Status: QUEUEING
Status: QUEUEING
Status: QUEUEING
Status: QUEUEING
Status: QUEUEING
Status: QUEUEING
Status: QUEUEING
Status: RUNNING
Status: RUNNING
Status: RUNNING
Status: RUNNING
Status: RUNNING
Status: RUNNING
Status: RUNNING
Status: RUNNING
Status: RUNNING
Status: RUNNING
Status: RUNNING
Status: RUNNING
Status: RUNNING
Status: RUNNING
Status: RUNNING
Status: RUNNING
Status: RUNNING
Status: RUNNING
Status: RUNNING
Status: RUNNING
Status: RUNNING
Status: RUNNING
Status: RUNNING
Status: RUNNING
Status: RUNNING
Status: RUNNING
Status: RUNNING
Status: RUNNING
Status: RUNNING
Status: RUNNING
Status: RUNNING
Status: RUNNING
Status: RUNNING
Status: RUNNING
Status: RUNNING
Status: RUNNING
Status: RUNNING
Status: RUNNING
Status: RUNNING
Status: RUNNING
Status: RUNNING
Status: RUNNING
Status: RUNNING
Status: RUNNING
Status: RUNNING
Status: RUNNING
Status: RUNNING
Status: RUNNING
Status: RUNNING
Status: RUNNING
Status: RUNNING
Status: RUNNING
Status: RUNNING
Status: RUNNING
Status: RUNNING
Status: RUNNING
Status: RUNNING
Status: RUNNING
Status: RUNNING
Status: COMPLETED
QMEANDisCo: 0.7955
Mutating chain A, position 20: SER -> HIS
Submitted ./1UBQ_Results/1.pdb
Checking: https://swissmodel.expasy.org/qmean/n8TtHm.json
Status: QUEUEING
Status: QUEUEING
Status: QUEUEING
Status: QUEUEING
Status: QUEUEING
Status: QUEUEING
Status: QUEUEING
Status: RUNNING
Status: RUNNING
Status: RUNNING
Status: RUNNING
Status: RUNNING
Status: RUNNING
Status: RUNNING
Status: RUNNING
Status: RUNNING
Status: RUNNING
Status: RUNNING
Status: RUNNING
Status: RUNNING
Status: RUNNING
Status: RUNNING
Status: RUNNING
Status: RUNNING
Status: RUNNING
Status: RUNNING
Status: RUNNING
Status: RUNNING
Status: RUNNING
Status: RUNNING
Status: RUNNING
Status: RUNNING
Status: RUNNING
Status: RUNNING
Status: RUNNING
Status: RUNNING
Status: RUNNING
Status: RUNNING
Status: RUNNING
Status: RUNNING
Status: RUNNING
Status: RUNNING
Status: RUNNING
Status: RUNNING
Status: RUNNING
Status: RUNNING
Status: RUNNING
Status: RUNNING
Status: RUNNING
Status: RUNNING
Status: RUNNING
Status: RUNNING
Status: RUNNING
Status: RUNNING
Status: RUNNING
Status: RUNNING
Status: RUNNING
Status: RUNNING
Status: RUNNING
Status: RUNNING
Status: RUNNING
Status: RUNNING
Status: RUNNING
Status: RUNNING
Status: RUNNING
Status: RUNNING
Status: COMPLETED
QMEANDisCo: 0.7943
Mutating chain A, position 6: LYS -> ARG
Submitted ./1UBQ_Results/1.pdb
Checking: https://swissmodel.expasy.org/qmean/HPGqpT.json
Status: QUEUEING
Status: QUEUEING
Status: QUEUEING
Status: QUEUEING
Status: QUEUEING
Status: QUEUEING
Status: QUEUEING
Status: QUEUEING
Status: RUNNING
Status: RUNNING
Status: RUNNING
Status: RUNNING
Status: RUNNING
Status: RUNNING
Status: RUNNING
Status: RUNNING
Status: RUNNING
Status: RUNNING
Status: RUNNING
Status: RUNNING
Status: RUNNING
Status: RUNNING
Status: RUNNING
Status: RUNNING
Status: RUNNING
Status: RUNNING
Status: RUNNING
Status: RUNNING
Status: RUNNING
Status: RUNNING
Status: RUNNING
Status: RUNNING
Status: RUNNING
Status: RUNNING
Status: RUNNING
Status: RUNNING
Status: RUNNING
Status: COMPLETED
QMEANDisCo: 0.8019
Mutating chain A, position 60: ASN -> TRP
Submitted ./1UBQ_Results/1.pdb
Checking: https://swissmodel.expasy.org/qmean/MzeLy8.json
Status: QUEUEING
Status: QUEUEING
Status: QUEUEING
Status: QUEUEING
Status: QUEUEING
Status: QUEUEING
Status: QUEUEING
Status: RUNNING
Status: RUNNING
Status: RUNNING
Status: RUNNING
Status: RUNNING
Status: RUNNING
Status: RUNNING
Status: RUNNING
Status: RUNNING
Status: RUNNING
Status: RUNNING
Status: RUNNING
Status: RUNNING
Status: RUNNING
Status: RUNNING
Status: RUNNING
Status: RUNNING
Status: RUNNING
Status: RUNNING
Status: RUNNING
Status: RUNNING
Status: RUNNING
Status: RUNNING
Status: RUNNING
Status: RUNNING
Status: RUNNING
Status: RUNNING
Status: RUNNING
Status: RUNNING
Status: RUNNING
Status: RUNNING
Status: RUNNING
Status: RUNNING
Status: RUNNING
Status: RUNNING
Status: RUNNING
Status: RUNNING
Status: RUNNING
Status: RUNNING
Status: RUNNING
Status: RUNNING
Status: RUNNING
Status: RUNNING
Status: RUNNING
Status: RUNNING
Status: RUNNING
Status: RUNNING
Status: RUNNING
Status: RUNNING
Status: RUNNING
Status: RUNNING
Status: RUNNING
Status: RUNNING
Status: RUNNING
Status: RUNNING
Status: RUNNING
Status: RUNNING
Status: RUNNING
Status: RUNNING
Status: COMPLETED
QMEANDisCo: 0.7962
Mutating chain A, position 24: GLU -> CYS
Submitted ./1UBQ_Results/1.pdb
Checking: https://swissmodel.expasy.org/qmean/Ve9bWS.json
Status: QUEUEING
Status: QUEUEING
Status: QUEUEING
Status: QUEUEING
Status: QUEUEING
Status: QUEUEING
Status: QUEUEING
Status: RUNNING
Status: RUNNING
Status: RUNNING
Status: RUNNING
Status: RUNNING
Status: RUNNING
Status: RUNNING
Status: RUNNING
Status: RUNNING
Status: RUNNING
Status: RUNNING
Status: RUNNING
Status: RUNNING
Status: RUNNING
Status: RUNNING
Status: RUNNING
Status: RUNNING
Status: RUNNING
Status: RUNNING
Status: RUNNING
Status: RUNNING
Status: RUNNING
Status: RUNNING
Status: RUNNING
Status: RUNNING
Status: RUNNING
Status: RUNNING
Status: RUNNING
Status: RUNNING
Status: RUNNING
Status: RUNNING
Status: RUNNING
Status: RUNNING
Status: RUNNING
Status: RUNNING
Status: RUNNING
Status: RUNNING
Status: RUNNING
Status: RUNNING
Status: RUNNING
Status: RUNNING
Status: RUNNING
Status: RUNNING
Status: RUNNING
Status: RUNNING
Status: RUNNING
Status: RUNNING
Status: RUNNING
Status: RUNNING
Status: RUNNING
Status: RUNNING
Status: RUNNING
Status: RUNNING
Status: RUNNING
Status: RUNNING
Status: RUNNING
Status: RUNNING
Status: RUNNING
Status: RUNNING
Status: RUNNING
Status: COMPLETED
QMEANDisCo: 0.7984
Mutating chain A, position 24: GLU -> TRP
Submitted ./1UBQ_Results/1.pdb
Checking: https://swissmodel.expasy.org/qmean/75YyuB.json
Status: QUEUEING
Status: QUEUEING
Status: QUEUEING
Status: QUEUEING
Status: QUEUEING
Status: QUEUEING
Status: QUEUEING
Status: QUEUEING
Status: QUEUEING
Status: QUEUEING
Status: QUEUEING
Status: QUEUEING
Status: QUEUEING
Status: QUEUEING
Status: QUEUEING
Status: RUNNING
Status: RUNNING
Status: RUNNING
Status: RUNNING
Status: RUNNING
Status: RUNNING
Status: RUNNING
Status: RUNNING
Status: RUNNING
Status: RUNNING
Status: RUNNING
Status: RUNNING
Status: RUNNING
Status: RUNNING
Status: RUNNING
Status: RUNNING
Status: RUNNING
Status: RUNNING
Status: RUNNING
Status: RUNNING
Status: RUNNING
Status: RUNNING
Status: RUNNING
Status: RUNNING
Status: RUNNING
Status: RUNNING
Status: RUNNING
Status: RUNNING
Status: RUNNING
Status: RUNNING
Status: RUNNING
Status: RUNNING
Status: RUNNING
Status: RUNNING
Status: RUNNING
Status: RUNNING
Status: RUNNING
Status: RUNNING
Status: RUNNING
Status: RUNNING
Status: RUNNING
Status: RUNNING
Status: RUNNING
Status: RUNNING
Status: RUNNING
Status: RUNNING
Status: RUNNING
Status: RUNNING
Status: RUNNING
Status: RUNNING
Status: RUNNING
Status: RUNNING
Status: COMPLETED
QMEANDisCo: 0.8005
Mutating chain A, position 62: GLN -> THR
Submitted ./1UBQ_Results/1.pdb
Checking: https://swissmodel.expasy.org/qmean/CM5zSK.json
Status: QUEUEING
Status: QUEUEING
Status: QUEUEING
Status: QUEUEING
Status: QUEUEING
Status: QUEUEING
Status: QUEUEING
Status: QUEUEING
Status: RUNNING
Status: RUNNING
Status: RUNNING
Status: RUNNING
Status: RUNNING
Status: RUNNING
Status: RUNNING
Status: RUNNING
Status: RUNNING
Status: RUNNING
Status: RUNNING
Status: RUNNING
Status: RUNNING
Status: RUNNING
Status: RUNNING
Status: RUNNING
Status: RUNNING
Status: RUNNING
Status: RUNNING
Status: RUNNING
Status: RUNNING
Status: RUNNING
Status: RUNNING
Status: RUNNING
Status: RUNNING
Status: RUNNING
Status: RUNNING
Status: RUNNING
Status: RUNNING
Status: RUNNING
Status: COMPLETED
QMEANDisCo: 0.7970
Mutating chain A, position 39: ASP -> HIS
Submitted ./1UBQ_Results/1.pdb
Checking: https://swissmodel.expasy.org/qmean/muvZ9S.json
Status: QUEUEING
Status: QUEUEING
Status: QUEUEING
Status: QUEUEING
Status: QUEUEING
Status: QUEUEING
Status: QUEUEING
Status: QUEUEING
Status: RUNNING
Status: RUNNING
Status: RUNNING
Status: RUNNING
Status: RUNNING
Status: RUNNING
Status: RUNNING
Status: RUNNING
Status: RUNNING
Status: RUNNING
Status: RUNNING
Status: RUNNING
Status: RUNNING
Status: RUNNING
Status: RUNNING
Status: RUNNING
Status: RUNNING
Status: RUNNING
Status: RUNNING
Status: RUNNING
Status: RUNNING
Status: RUNNING
Status: RUNNING
Status: RUNNING
Status: RUNNING
Status: RUNNING
Status: RUNNING
Status: RUNNING
Status: RUNNING
Status: RUNNING
Status: RUNNING
Status: RUNNING
Status: RUNNING
Status: RUNNING
Status: RUNNING
Status: RUNNING
Status: RUNNING
Status: RUNNING
Status: RUNNING
Status: RUNNING
Status: RUNNING
Status: RUNNING
Status: RUNNING
Status: RUNNING
Status: RUNNING
Status: RUNNING
Status: RUNNING
Status: RUNNING
Status: RUNNING
Status: RUNNING
Status: RUNNING
Status: RUNNING
Status: RUNNING
Status: RUNNING
Status: RUNNING
Status: RUNNING
Status: RUNNING
Status: RUNNING
Status: COMPLETED
QMEANDisCo: 0.7962
Mutating chain A, position 7: THR -> ASN
Submitted ./1UBQ_Results/1.pdb
Checking: https://swissmodel.expasy.org/qmean/gWEcrj.json
Status: QUEUEING
Status: QUEUEING
Status: QUEUEING
Status: QUEUEING
Status: QUEUEING
Status: QUEUEING
Status: QUEUEING
Status: RUNNING
Status: RUNNING
Status: RUNNING
Status: RUNNING
Status: RUNNING
Status: RUNNING
Status: RUNNING
Status: RUNNING
Status: RUNNING
Status: RUNNING
Status: RUNNING
Status: RUNNING
Status: RUNNING
Status: RUNNING
Status: RUNNING
Status: RUNNING
Status: RUNNING
Status: RUNNING
Status: RUNNING
Status: RUNNING
Status: RUNNING
Status: RUNNING
Status: RUNNING
Status: RUNNING
Status: RUNNING
Status: RUNNING
Status: RUNNING
Status: RUNNING
Status: RUNNING
Status: RUNNING
Status: RUNNING
Status: RUNNING
Status: RUNNING
Status: RUNNING
Status: RUNNING
Status: RUNNING
Status: RUNNING
Status: RUNNING
Status: RUNNING
Status: RUNNING
Status: RUNNING
Status: RUNNING
Status: RUNNING
Status: RUNNING
Status: RUNNING
Status: RUNNING
Status: RUNNING
Status: RUNNING
Status: RUNNING
Status: RUNNING
Status: RUNNING
Status: RUNNING
Status: RUNNING
Status: RUNNING
Status: RUNNING
Status: RUNNING
Status: RUNNING
Status: RUNNING
Status: COMPLETED
QMEANDisCo: 0.7953
Mutating chain A, position 35: GLY -> ASN
Submitted ./1UBQ_Results/1.pdb
Checking: https://swissmodel.expasy.org/qmean/GycZFB.json
Status: QUEUEING
Status: QUEUEING
Status: QUEUEING
Status: QUEUEING
Status: QUEUEING
Status: QUEUEING
Status: QUEUEING
Status: RUNNING
Status: RUNNING
Status: RUNNING
Status: RUNNING
Status: RUNNING
Status: RUNNING
Status: RUNNING
Status: RUNNING
Status: RUNNING
Status: RUNNING
Status: RUNNING
Status: RUNNING
Status: RUNNING
Status: RUNNING
Status: RUNNING
Status: RUNNING
Status: RUNNING
Status: RUNNING
Status: RUNNING
Status: RUNNING
Status: RUNNING
Status: RUNNING
Status: RUNNING
Status: RUNNING
Status: RUNNING
Status: RUNNING
Status: RUNNING
Status: RUNNING
Status: RUNNING
Status: RUNNING
Status: RUNNING
Status: RUNNING
Status: RUNNING
Status: RUNNING
Status: RUNNING
Status: RUNNING
Status: RUNNING
Status: RUNNING
Status: RUNNING
Status: RUNNING
Status: RUNNING
Status: RUNNING
Status: RUNNING
Status: RUNNING
Status: RUNNING
Status: RUNNING
Status: RUNNING
Status: RUNNING
Status: RUNNING
Status: RUNNING
Status: RUNNING
Status: RUNNING
Status: RUNNING
Status: RUNNING
Status: RUNNING
Status: RUNNING
Status: RUNNING
Status: RUNNING
Status: RUNNING
Status: COMPLETED
QMEANDisCo: 0.7860
Mutating chain A, position 4: PHE -> LYS
Submitted ./1UBQ_Results/1.pdb
Checking: https://swissmodel.expasy.org/qmean/g96Bje.json
Status: QUEUEING
Status: QUEUEING
Status: QUEUEING
Status: QUEUEING
Status: QUEUEING
Status: QUEUEING
Status: QUEUEING
Status: QUEUEING
Status: RUNNING
Status: RUNNING
Status: RUNNING
Status: RUNNING
Status: RUNNING
Status: RUNNING
Status: RUNNING
Status: RUNNING
Status: RUNNING
Status: RUNNING
Status: RUNNING
Status: RUNNING
Status: RUNNING
Status: RUNNING
Status: RUNNING
Status: RUNNING
Status: RUNNING
Status: RUNNING
Status: RUNNING
Status: RUNNING
Status: RUNNING
Status: RUNNING
Status: RUNNING
Status: RUNNING
Status: RUNNING
Status: RUNNING
Status: RUNNING
Status: RUNNING
Status: RUNNING
Status: RUNNING
Status: RUNNING
Status: RUNNING
Status: RUNNING
Status: RUNNING
Status: RUNNING
Status: RUNNING
Status: RUNNING
Status: RUNNING
Status: RUNNING
Status: RUNNING
Status: RUNNING
Status: RUNNING
Status: RUNNING
Status: RUNNING
Status: RUNNING
Status: RUNNING
Status: RUNNING
Status: RUNNING
Status: RUNNING
Status: RUNNING
Status: RUNNING
Status: RUNNING
Status: RUNNING
Status: RUNNING
Status: RUNNING
Status: RUNNING
Status: RUNNING
Status: RUNNING
Status: COMPLETED
QMEANDisCo: 0.7911
Mutating chain A, position 45: PHE -> TRP
Submitted ./1UBQ_Results/1.pdb
Checking: https://swissmodel.expasy.org/qmean/uZFK75.json
Status: QUEUEING
Status: QUEUEING
Status: QUEUEING
Status: QUEUEING
Status: QUEUEING
Status: QUEUEING
Status: QUEUEING
Status: RUNNING
Status: RUNNING
Status: RUNNING
Status: RUNNING
Status: RUNNING
Status: RUNNING
Status: RUNNING
Status: RUNNING
Status: RUNNING
Status: RUNNING
Status: RUNNING
Status: RUNNING
Status: RUNNING
Status: RUNNING
Status: RUNNING
Status: RUNNING
Status: RUNNING
Status: RUNNING
Status: RUNNING
Status: RUNNING
Status: RUNNING
Status: RUNNING
Status: RUNNING
Status: RUNNING
Status: RUNNING
Status: RUNNING
Status: RUNNING
Status: RUNNING
Status: RUNNING
Status: RUNNING
Status: RUNNING
Status: RUNNING
Status: RUNNING
Status: RUNNING
Status: RUNNING
Status: RUNNING
Status: RUNNING
Status: RUNNING
Status: RUNNING
Status: RUNNING
Status: RUNNING
Status: RUNNING
Status: RUNNING
Status: RUNNING
Status: RUNNING
Status: RUNNING
Status: RUNNING
Status: RUNNING
Status: RUNNING
Status: RUNNING
Status: RUNNING
Status: RUNNING
Status: RUNNING
Status: RUNNING
Status: RUNNING
Status: RUNNING
Status: RUNNING
Status: RUNNING
Status: RUNNING
Status: COMPLETED
QMEANDisCo: 0.7903
Mutating chain A, position 31: GLN -> SER
Submitted ./1UBQ_Results/1.pdb
Checking: https://swissmodel.expasy.org/qmean/PbXjJw.json
Status: QUEUEING
Status: QUEUEING
Status: QUEUEING
Status: QUEUEING
Status: QUEUEING
Status: QUEUEING
Status: QUEUEING
Status: RUNNING
Status: RUNNING
Status: RUNNING
Status: RUNNING
Status: RUNNING
Status: RUNNING
Status: RUNNING
Status: RUNNING
Status: RUNNING
Status: RUNNING
Status: RUNNING
Status: RUNNING
Status: RUNNING
Status: RUNNING
Status: RUNNING
Status: RUNNING
Status: RUNNING
Status: RUNNING
Status: RUNNING
Status: RUNNING
Status: RUNNING
Status: RUNNING
Status: RUNNING
Status: RUNNING
Status: RUNNING
Status: RUNNING
Status: RUNNING
Status: RUNNING
Status: RUNNING
Status: RUNNING
Status: RUNNING
Status: RUNNING
Status: RUNNING
Status: RUNNING
Status: RUNNING
Status: RUNNING
Status: RUNNING
Status: RUNNING
Status: RUNNING
Status: RUNNING
Status: RUNNING
Status: RUNNING
Status: RUNNING
Status: RUNNING
Status: RUNNING
Status: RUNNING
Status: RUNNING
Status: RUNNING
Status: RUNNING
Status: RUNNING
Status: RUNNING
Status: RUNNING
Status: RUNNING
Status: RUNNING
Status: RUNNING
Status: RUNNING
Status: RUNNING
Status: RUNNING
Status: RUNNING
Status: COMPLETED
QMEANDisCo: 0.7974
Mutating chain A, position 15: LEU -> ASP
Submitted ./1UBQ_Results/1.pdb
Checking: https://swissmodel.expasy.org/qmean/VN23SZ.json
Status: QUEUEING
Status: QUEUEING
Status: QUEUEING
Status: QUEUEING
Status: QUEUEING
Status: QUEUEING
Status: QUEUEING
Status: QUEUEING
Status: RUNNING
Status: RUNNING
Status: RUNNING
Status: RUNNING
Status: RUNNING
Status: RUNNING
Status: RUNNING
Status: RUNNING
Status: RUNNING
Status: RUNNING
Status: RUNNING
Status: RUNNING
Status: RUNNING
Status: RUNNING
Status: RUNNING
Status: RUNNING
Status: RUNNING
Status: RUNNING
Status: RUNNING
Status: RUNNING
Status: RUNNING
Status: RUNNING
Status: RUNNING
Status: RUNNING
Status: RUNNING
Status: RUNNING
Status: RUNNING
Status: RUNNING
Status: RUNNING
Status: RUNNING
Status: RUNNING
Status: RUNNING
Status: RUNNING
Status: RUNNING
Status: RUNNING
Status: RUNNING
Status: RUNNING
Status: RUNNING
Status: RUNNING
Status: RUNNING
Status: RUNNING
Status: RUNNING
Status: RUNNING
Status: RUNNING
Status: RUNNING
Status: RUNNING
Status: RUNNING
Status: RUNNING
Status: RUNNING
Status: RUNNING
Status: RUNNING
Status: RUNNING
Status: RUNNING
Status: RUNNING
Status: RUNNING
Status: RUNNING
Status: RUNNING
Status: RUNNING
Status: RUNNING
Status: COMPLETED
QMEANDisCo: 0.7891
Mutating chain A, position 63: LYS -> CYS
Submitted ./1UBQ_Results/1.pdb
Checking: https://swissmodel.expasy.org/qmean/Vw24nJ.json
Status: QUEUEING
Status: QUEUEING
Status: QUEUEING
Status: QUEUEING
Status: QUEUEING
Status: QUEUEING
Status: QUEUEING
Status: RUNNING
Status: RUNNING
Status: RUNNING
Status: RUNNING
Status: RUNNING
Status: RUNNING
Status: RUNNING
Status: RUNNING
Status: RUNNING
Status: RUNNING
Status: RUNNING
Status: RUNNING
Status: RUNNING
Status: RUNNING
Status: RUNNING
Status: RUNNING
Status: RUNNING
Status: RUNNING
Status: RUNNING
Status: RUNNING
Status: RUNNING
Status: RUNNING
Status: RUNNING
Status: RUNNING
Status: RUNNING
Status: RUNNING
Status: RUNNING
Status: RUNNING
Status: RUNNING
Status: RUNNING
Status: RUNNING
Status: RUNNING
Status: RUNNING
Status: RUNNING
Status: RUNNING
Status: RUNNING
Status: RUNNING
Status: RUNNING
Status: RUNNING
Status: RUNNING
Status: RUNNING
Status: RUNNING
Status: RUNNING
Status: RUNNING
Status: RUNNING
Status: RUNNING
Status: RUNNING
Status: RUNNING
Status: RUNNING
Status: RUNNING
Status: RUNNING
Status: RUNNING
Status: RUNNING
Status: RUNNING
Status: RUNNING
Status: RUNNING
Status: RUNNING
Status: RUNNING
Status: RUNNING
Status: COMPLETED
QMEANDisCo: 0.8027
Mutating chain A, position 14: THR -> ASN
Submitted ./1UBQ_Results/1.pdb
Checking: https://swissmodel.expasy.org/qmean/aK7JVU.json
Status: QUEUEING
Status: QUEUEING
Status: QUEUEING
Status: QUEUEING
Status: QUEUEING
Status: QUEUEING
Status: QUEUEING
Status: QUEUEING
Status: RUNNING
Status: RUNNING
Status: RUNNING
Status: RUNNING
Status: RUNNING
Status: RUNNING
Status: RUNNING
Status: RUNNING
Status: RUNNING
Status: RUNNING
Status: RUNNING
Status: RUNNING
Status: RUNNING
Status: RUNNING
Status: RUNNING
Status: RUNNING
Status: RUNNING
Status: RUNNING
Status: RUNNING
Status: RUNNING
Status: RUNNING
Status: RUNNING
Status: RUNNING
Status: RUNNING
Status: RUNNING
Status: RUNNING
Status: RUNNING
Status: RUNNING
Status: RUNNING
Status: RUNNING
Status: RUNNING
Status: RUNNING
Status: RUNNING
Status: RUNNING
Status: RUNNING
Status: RUNNING
Status: RUNNING
Status: RUNNING
Status: RUNNING
Status: RUNNING
Status: RUNNING
Status: RUNNING
Status: RUNNING
Status: RUNNING
Status: RUNNING
Status: RUNNING
Status: RUNNING
Status: RUNNING
Status: RUNNING
Status: RUNNING
Status: RUNNING
Status: RUNNING
Status: RUNNING
Status: RUNNING
Status: RUNNING
Status: RUNNING
Status: RUNNING
Status: RUNNING
Status: RUNNING
Status: COMPLETED
QMEANDisCo: 0.7930
Mutating chain A, position 16: GLU -> LEU
Submitted ./1UBQ_Results/1.pdb
Checking: https://swissmodel.expasy.org/qmean/YHPj5z.json
Status: QUEUEING
Status: QUEUEING
Status: QUEUEING
Status: QUEUEING
Status: QUEUEING
Status: QUEUEING
Status: QUEUEING
Status: RUNNING
Status: RUNNING
Status: RUNNING
Status: RUNNING
Status: RUNNING
Status: RUNNING
Status: RUNNING
Status: RUNNING
Status: RUNNING
Status: RUNNING
Status: RUNNING
Status: RUNNING
Status: RUNNING
Status: RUNNING
Status: RUNNING
Status: RUNNING
Status: RUNNING
Status: RUNNING
Status: RUNNING
Status: RUNNING
Status: RUNNING
Status: RUNNING
Status: RUNNING
Status: RUNNING
Status: RUNNING
Status: RUNNING
Status: RUNNING
Status: RUNNING
Status: RUNNING
Status: RUNNING
Status: RUNNING
Status: RUNNING
Status: RUNNING
Status: RUNNING
Status: RUNNING
Status: RUNNING
Status: RUNNING
Status: RUNNING
Status: RUNNING
Status: RUNNING
Status: RUNNING
Status: RUNNING
Status: RUNNING
Status: RUNNING
Status: RUNNING
Status: RUNNING
Status: RUNNING
Status: RUNNING
Status: RUNNING
Status: RUNNING
Status: COMPLETED
QMEANDisCo: 0.8046
Mutating chain A, position 24: GLU -> HIS
Submitted ./1UBQ_Results/1.pdb
Checking: https://swissmodel.expasy.org/qmean/V7cW3v.json
Status: QUEUEING
Status: QUEUEING
Status: QUEUEING
Status: QUEUEING
Status: QUEUEING
Status: QUEUEING
Status: QUEUEING
Status: RUNNING
Status: RUNNING
Status: RUNNING
Status: RUNNING
Status: RUNNING
Status: RUNNING
Status: RUNNING
Status: RUNNING
Status: RUNNING
Status: RUNNING
Status: RUNNING
Status: RUNNING
Status: RUNNING
Status: RUNNING
Status: RUNNING
Status: RUNNING
Status: RUNNING
Status: RUNNING
Status: RUNNING
Status: RUNNING
Status: RUNNING
Status: RUNNING
Status: RUNNING
Status: RUNNING
Status: RUNNING
Status: RUNNING
Status: RUNNING
Status: RUNNING
Status: RUNNING
Status: RUNNING
Status: RUNNING
Status: RUNNING
Status: RUNNING
Status: RUNNING
Status: RUNNING
Status: RUNNING
Status: RUNNING
Status: RUNNING
Status: RUNNING
Status: RUNNING
Status: RUNNING
Status: RUNNING
Status: RUNNING
Status: RUNNING
Status: RUNNING
Status: RUNNING
Status: RUNNING
Status: RUNNING
Status: RUNNING
Status: RUNNING
Status: RUNNING
Status: RUNNING
Status: RUNNING
Status: RUNNING
Status: RUNNING
Status: RUNNING
Status: RUNNING
Status: RUNNING
Status: COMPLETED
QMEANDisCo: 0.7977
Mutating chain A, position 52: ASP -> GLN
Submitted ./1UBQ_Results/1.pdb
Checking: https://swissmodel.expasy.org/qmean/waGwqZ.json
Status: QUEUEING
Status: QUEUEING
Status: QUEUEING
Status: QUEUEING
Status: QUEUEING
Status: QUEUEING
Status: QUEUEING
Status: RUNNING
Status: RUNNING
Status: RUNNING
Status: RUNNING
Status: RUNNING
Status: RUNNING
Status: RUNNING
Status: RUNNING
Status: RUNNING
Status: RUNNING
Status: RUNNING
Status: RUNNING
Status: RUNNING
Status: RUNNING
Status: RUNNING
Status: RUNNING
Status: RUNNING
Status: RUNNING
Status: RUNNING
Status: RUNNING
Status: RUNNING
Status: RUNNING
Status: RUNNING
Status: RUNNING
Status: RUNNING
Status: RUNNING
Status: RUNNING
Status: RUNNING
Status: RUNNING
Status: RUNNING
Status: RUNNING
Status: RUNNING
Status: RUNNING
Status: RUNNING
Status: RUNNING
Status: RUNNING
Status: RUNNING
Status: RUNNING
Status: RUNNING
Status: RUNNING
Status: RUNNING
Status: RUNNING
Status: RUNNING
Status: RUNNING
Status: RUNNING
Status: RUNNING
Status: RUNNING
Status: RUNNING
Status: RUNNING
Status: RUNNING
Status: RUNNING
Status: RUNNING
Status: RUNNING
Status: RUNNING
Status: RUNNING
Status: RUNNING
Status: RUNNING
Status: RUNNING
Status: RUNNING
Status: COMPLETED
QMEANDisCo: 0.7918
Mutating chain A, position 52: ASP -> HIS
Submitted ./1UBQ_Results/1.pdb
Checking: https://swissmodel.expasy.org/qmean/YDKbGD.json
Status: QUEUEING
Status: QUEUEING
Status: QUEUEING
Status: QUEUEING
Status: QUEUEING
Status: QUEUEING
Status: QUEUEING
Status: RUNNING
Status: RUNNING
Status: RUNNING
Status: RUNNING
Status: RUNNING
Status: RUNNING
Status: RUNNING
Status: RUNNING
Status: RUNNING
Status: RUNNING
Status: RUNNING
Status: RUNNING
Status: RUNNING
Status: RUNNING
Status: RUNNING
Status: RUNNING
Status: RUNNING
Status: RUNNING
Status: RUNNING
Status: RUNNING
Status: RUNNING
Status: RUNNING
Status: RUNNING
Status: RUNNING
Status: RUNNING
Status: RUNNING
Status: RUNNING
Status: RUNNING
Status: RUNNING
Status: RUNNING
Status: RUNNING
Status: RUNNING
Status: RUNNING
Status: RUNNING
Status: RUNNING
Status: RUNNING
Status: RUNNING
Status: RUNNING
Status: RUNNING
Status: RUNNING
Status: RUNNING
Status: RUNNING
Status: RUNNING
Status: RUNNING
Status: RUNNING
Status: RUNNING
Status: RUNNING
Status: RUNNING
Status: RUNNING
Status: RUNNING
Status: RUNNING
Status: RUNNING
Status: RUNNING
Status: RUNNING
Status: RUNNING
Status: RUNNING
Status: RUNNING
Status: RUNNING
Status: COMPLETED
QMEANDisCo: 0.7981
Mutating chain A, position 34: GLU -> ALA
Submitted ./1UBQ_Results/1.pdb
Checking: https://swissmodel.expasy.org/qmean/RdzHHq.json
Status: QUEUEING
Status: QUEUEING
Status: QUEUEING
Status: QUEUEING
Status: QUEUEING
Status: QUEUEING
Status: QUEUEING
Status: RUNNING
Status: RUNNING
Status: RUNNING
Status: RUNNING
Status: RUNNING
Status: RUNNING
Status: RUNNING
Status: RUNNING
Status: RUNNING
Status: RUNNING
Status: RUNNING
Status: RUNNING
Status: RUNNING
Status: RUNNING
Status: RUNNING
Status: RUNNING
Status: RUNNING
Status: RUNNING
Status: RUNNING
Status: RUNNING
Status: RUNNING
Status: RUNNING
Status: RUNNING
Status: RUNNING
Status: RUNNING
Status: RUNNING
Status: RUNNING
Status: RUNNING
Status: RUNNING
Status: COMPLETED
QMEANDisCo: 0.7931
Mutating chain A, position 49: GLN -> ASP
Submitted ./1UBQ_Results/1.pdb
Checking: https://swissmodel.expasy.org/qmean/L9qDcv.json
Status: QUEUEING
Status: QUEUEING
Status: QUEUEING
Status: QUEUEING
Status: QUEUEING
Status: QUEUEING
Status: RUNNING
Status: RUNNING
Status: RUNNING
Status: RUNNING
Status: RUNNING
Status: RUNNING
Status: RUNNING
Status: RUNNING
Status: RUNNING
Status: RUNNING
Status: RUNNING
Status: RUNNING
Status: RUNNING
Status: RUNNING
Status: RUNNING
Status: RUNNING
Status: RUNNING
Status: RUNNING
Status: RUNNING
Status: RUNNING
Status: RUNNING
Status: RUNNING
Status: RUNNING
Status: RUNNING
Status: RUNNING
Status: RUNNING
Status: RUNNING
Status: RUNNING
Status: RUNNING
Status: RUNNING
Status: RUNNING
Status: RUNNING
Status: RUNNING
Status: RUNNING
Status: RUNNING
Status: RUNNING
Status: RUNNING
Status: RUNNING
Status: RUNNING
Status: RUNNING
Status: RUNNING
Status: RUNNING
Status: RUNNING
Status: RUNNING
Status: RUNNING
Status: RUNNING
Status: RUNNING
Status: RUNNING
Status: RUNNING
Status: RUNNING
Status: RUNNING
Status: RUNNING
Status: RUNNING
Status: RUNNING
Status: RUNNING
Status: RUNNING
Status: RUNNING
Status: RUNNING
Status: COMPLETED
QMEANDisCo: 0.7934
Mutating chain A, position 50: LEU -> MET
Submitted ./1UBQ_Results/1.pdb
Checking: https://swissmodel.expasy.org/qmean/H4mdtD.json
Status: QUEUEING
Status: QUEUEING
Status: QUEUEING
Status: QUEUEING
Status: QUEUEING
Status: QUEUEING
Status: QUEUEING
Status: RUNNING
Status: RUNNING
Status: RUNNING
Status: RUNNING
Status: RUNNING
Status: RUNNING
Status: RUNNING
Status: RUNNING
Status: RUNNING
Status: RUNNING
Status: RUNNING
Status: RUNNING
Status: RUNNING
Status: RUNNING
Status: RUNNING
Status: RUNNING
Status: RUNNING
Status: RUNNING
Status: RUNNING
Status: RUNNING
Status: RUNNING
Status: RUNNING
Status: RUNNING
Status: RUNNING
Status: RUNNING
Status: RUNNING
Status: RUNNING
Status: RUNNING
Status: RUNNING
Status: RUNNING
Status: RUNNING
Status: RUNNING
Status: RUNNING
Status: RUNNING
Status: RUNNING
Status: RUNNING
Status: RUNNING
Status: RUNNING
Status: RUNNING
Status: RUNNING
Status: RUNNING
Status: RUNNING
Status: RUNNING
Status: RUNNING
Status: RUNNING
Status: RUNNING
Status: RUNNING
Status: RUNNING
Status: RUNNING
Status: RUNNING
Status: RUNNING
Status: RUNNING
Status: RUNNING
Status: RUNNING
Status: RUNNING
Status: RUNNING
Status: RUNNING
Status: RUNNING
Status: RUNNING
Status: COMPLETED
QMEANDisCo: 0.8041
Mutating chain A, position 65: SER -> LEU
Submitted ./1UBQ_Results/1.pdb
Checking: https://swissmodel.expasy.org/qmean/xtCm9f.json
Status: QUEUEING
Status: QUEUEING
Status: QUEUEING
Status: QUEUEING
Status: QUEUEING
Status: QUEUEING
Status: QUEUEING
Status: RUNNING
Status: RUNNING
Status: RUNNING
Status: RUNNING
Status: RUNNING
Status: RUNNING
Status: RUNNING
Status: RUNNING
Status: RUNNING
Status: RUNNING
Status: RUNNING
Status: RUNNING
Status: RUNNING
Status: RUNNING
Status: RUNNING
Status: RUNNING
Status: RUNNING
Status: RUNNING
Status: RUNNING
Status: RUNNING
Status: RUNNING
Status: RUNNING
Status: RUNNING
Status: RUNNING
Status: RUNNING
Status: RUNNING
Status: RUNNING
Status: RUNNING
Status: RUNNING
Status: RUNNING
Status: RUNNING
Status: RUNNING
Status: RUNNING
Status: RUNNING
Status: RUNNING
Status: RUNNING
Status: RUNNING
Status: RUNNING
Status: RUNNING
Status: RUNNING
Status: RUNNING
Status: RUNNING
Status: RUNNING
Status: RUNNING
Status: RUNNING
Status: RUNNING
Status: RUNNING
Status: RUNNING
Status: RUNNING
Status: RUNNING
Status: RUNNING
Status: RUNNING
Status: RUNNING
Status: RUNNING
Status: RUNNING
Status: RUNNING
Status: RUNNING
Status: RUNNING
Status: COMPLETED
QMEANDisCo: 0.7894
Mutating chain A, position 41: GLN -> PRO
Submitted ./1UBQ_Results/1.pdb
Checking: https://swissmodel.expasy.org/qmean/dv52Lk.json
Status: QUEUEING
Status: QUEUEING
Status: QUEUEING
Status: QUEUEING
Status: QUEUEING
Status: QUEUEING
Status: QUEUEING
Status: QUEUEING
Status: QUEUEING
Status: QUEUEING
Status: QUEUEING
Status: QUEUEING
Status: QUEUEING
Status: QUEUEING
Status: RUNNING
Status: RUNNING
Status: RUNNING
Status: RUNNING
Status: RUNNING
Status: RUNNING
Status: RUNNING
Status: RUNNING
Status: RUNNING
Status: RUNNING
Status: RUNNING
Status: RUNNING
Status: RUNNING
Status: RUNNING
Status: RUNNING
Status: RUNNING
Status: RUNNING
Status: RUNNING
Status: RUNNING
Status: RUNNING
Status: RUNNING
Status: RUNNING
Status: RUNNING
Status: COMPLETED
QMEANDisCo: 0.7896
Mutating chain A, position 73: LEU -> MET
Submitted ./1UBQ_Results/1.pdb
Checking: https://swissmodel.expasy.org/qmean/xYyp9c.json
Status: QUEUEING
Status: QUEUEING
Status: QUEUEING
Status: QUEUEING
Status: QUEUEING
Status: QUEUEING
Status: QUEUEING
Status: RUNNING
Status: RUNNING
Status: RUNNING
Status: RUNNING
Status: RUNNING
Status: RUNNING
Status: RUNNING
Status: RUNNING
Status: RUNNING
Status: RUNNING
Status: RUNNING
Status: RUNNING
Status: RUNNING
Status: RUNNING
Status: RUNNING
Status: RUNNING
Status: RUNNING
Status: RUNNING
Status: RUNNING
Status: RUNNING
Status: RUNNING
Status: RUNNING
Status: RUNNING
Status: RUNNING
Status: RUNNING
Status: RUNNING
Status: RUNNING
Status: RUNNING
Status: RUNNING
Status: RUNNING
Status: RUNNING
Status: RUNNING
Status: RUNNING
Status: RUNNING
Status: RUNNING
Status: RUNNING
Status: RUNNING
Status: RUNNING
Status: RUNNING
Status: RUNNING
Status: RUNNING
Status: RUNNING
Status: RUNNING
Status: RUNNING
Status: RUNNING
Status: RUNNING
Status: RUNNING
Status: RUNNING
Status: RUNNING
Status: RUNNING
Status: RUNNING
Status: RUNNING
Status: RUNNING
Status: RUNNING
Status: RUNNING
Status: RUNNING
Status: RUNNING
Status: COMPLETED
QMEANDisCo: 0.7989
Mutating chain A, position 28: ALA -> THR
Submitted ./1UBQ_Results/1.pdb
Checking: https://swissmodel.expasy.org/qmean/5xJcRt.json
Status: QUEUEING
Status: QUEUEING
Status: QUEUEING
Status: QUEUEING
Status: QUEUEING
Status: QUEUEING
Status: QUEUEING
Status: RUNNING
Status: RUNNING
Status: RUNNING
Status: RUNNING
Status: RUNNING
Status: RUNNING
Status: RUNNING
Status: RUNNING
Status: RUNNING
Status: RUNNING
Status: RUNNING
Status: RUNNING
Status: RUNNING
Status: RUNNING
Status: RUNNING
Status: RUNNING
Status: RUNNING
Status: RUNNING
Status: RUNNING
Status: RUNNING
Status: RUNNING
Status: RUNNING
Status: RUNNING
Status: RUNNING
Status: RUNNING
Status: RUNNING
Status: RUNNING
Status: RUNNING
Status: RUNNING
Status: RUNNING
Status: RUNNING
Status: RUNNING
Status: RUNNING
Status: RUNNING
Status: RUNNING
Status: RUNNING
Status: RUNNING
Status: RUNNING
Status: RUNNING
Status: RUNNING
Status: RUNNING
Status: RUNNING
Status: RUNNING
Status: RUNNING
Status: RUNNING
Status: RUNNING
Status: RUNNING
Status: RUNNING
Status: RUNNING
Status: RUNNING
Status: RUNNING
Status: RUNNING
Status: RUNNING
Status: RUNNING
Status: RUNNING
Status: RUNNING
Status: RUNNING
Status: RUNNING
Status: COMPLETED
QMEANDisCo: 0.7986
Mutating chain A, position 57: SER -> MET
Submitted ./1UBQ_Results/1.pdb
Checking: https://swissmodel.expasy.org/qmean/t5Qm3J.json
Status: QUEUEING
Status: QUEUEING
Status: QUEUEING
Status: QUEUEING
Status: QUEUEING
Status: QUEUEING
Status: QUEUEING
Status: RUNNING
Status: RUNNING
Status: RUNNING
Status: RUNNING
Status: RUNNING
Status: RUNNING
Status: RUNNING
Status: RUNNING
Status: RUNNING
Status: RUNNING
Status: RUNNING
Status: RUNNING
Status: RUNNING
Status: RUNNING
Status: RUNNING
Status: RUNNING
Status: RUNNING
Status: RUNNING
Status: RUNNING
Status: RUNNING
Status: RUNNING
Status: RUNNING
Status: RUNNING
Status: RUNNING
Status: RUNNING
Status: RUNNING
Status: RUNNING
Status: RUNNING
Status: RUNNING
Status: RUNNING
Status: RUNNING
Status: RUNNING
Status: RUNNING
Status: RUNNING
Status: RUNNING
Status: RUNNING
Status: RUNNING
Status: RUNNING
Status: RUNNING
Status: RUNNING
Status: RUNNING
Status: RUNNING
Status: RUNNING
Status: RUNNING
Status: RUNNING
Status: RUNNING
Status: RUNNING
Status: RUNNING
Status: RUNNING
Status: RUNNING
Status: RUNNING
Status: RUNNING
Status: RUNNING
Status: RUNNING
Status: RUNNING
Status: RUNNING
Status: RUNNING
Status: RUNNING
Status: COMPLETED
QMEANDisCo: 0.7954
Mutating chain A, position 36: ILE -> CYS
Submitted ./1UBQ_Results/1.pdb
Checking: https://swissmodel.expasy.org/qmean/ESKXyA.json
Status: QUEUEING
Status: QUEUEING
Status: QUEUEING
Status: QUEUEING
Status: QUEUEING
Status: QUEUEING
Status: QUEUEING
Status: RUNNING
Status: RUNNING
Status: RUNNING
Status: RUNNING
Status: RUNNING
Status: RUNNING
Status: RUNNING
Status: RUNNING
Status: RUNNING
Status: RUNNING
Status: RUNNING
Status: RUNNING
Status: RUNNING
Status: RUNNING
Status: RUNNING
Status: RUNNING
Status: RUNNING
Status: RUNNING
Status: RUNNING
Status: RUNNING
Status: RUNNING
Status: RUNNING
Status: RUNNING
Status: RUNNING
Status: RUNNING
Status: RUNNING
Status: RUNNING
Status: RUNNING
Status: RUNNING
Status: COMPLETED
QMEANDisCo: 0.7987
Mutating chain A, position 63: LYS -> ILE
Submitted ./1UBQ_Results/1.pdb
Checking: https://swissmodel.expasy.org/qmean/UfMDVH.json
Status: QUEUEING
Status: QUEUEING
Status: QUEUEING
Status: QUEUEING
Status: QUEUEING
Status: QUEUEING
Status: QUEUEING
Status: RUNNING
Status: RUNNING
Status: RUNNING
Status: RUNNING
Status: RUNNING
Status: RUNNING
Status: RUNNING
Status: RUNNING
Status: RUNNING
Status: RUNNING
Status: RUNNING
Status: RUNNING
Status: RUNNING
Status: RUNNING
Status: RUNNING
Status: RUNNING
Status: RUNNING
Status: RUNNING
Status: RUNNING
Status: RUNNING
Status: RUNNING
Status: RUNNING
Status: RUNNING
Status: RUNNING
Status: RUNNING
Status: RUNNING
Status: RUNNING
Status: RUNNING
Status: RUNNING
Status: RUNNING
Status: RUNNING
Status: RUNNING
Status: RUNNING
Status: RUNNING
Status: RUNNING
Status: RUNNING
Status: RUNNING
Status: RUNNING
Status: RUNNING
Status: RUNNING
Status: RUNNING
Status: RUNNING
Status: RUNNING
Status: RUNNING
Status: RUNNING
Status: RUNNING
Status: RUNNING
Status: RUNNING
Status: RUNNING
Status: RUNNING
Status: RUNNING
Status: RUNNING
Status: RUNNING
Status: RUNNING
Status: RUNNING
Status: RUNNING
Status: RUNNING
Status: COMPLETED
QMEANDisCo: 0.7993
Mutating chain A, position 66: THR -> CYS
Submitted ./1UBQ_Results/1.pdb
Checking: https://swissmodel.expasy.org/qmean/79VtF7.json
Status: QUEUEING
Status: QUEUEING
Status: QUEUEING
Status: QUEUEING
Status: QUEUEING
Status: QUEUEING
Status: QUEUEING
Status: RUNNING
Status: RUNNING
Status: RUNNING
Status: RUNNING
Status: RUNNING
Status: RUNNING
Status: RUNNING
Status: RUNNING
Status: RUNNING
Status: RUNNING
Status: RUNNING
Status: RUNNING
Status: RUNNING
Status: RUNNING
Status: RUNNING
Status: RUNNING
Status: RUNNING
Status: RUNNING
Status: RUNNING
Status: RUNNING
Status: RUNNING
Status: RUNNING
Status: RUNNING
Status: RUNNING
Status: RUNNING
Status: RUNNING
Status: RUNNING
Status: RUNNING
Status: RUNNING
Status: RUNNING
Status: COMPLETED
QMEANDisCo: 0.8017
Mutating chain A, position 62: GLN -> PHE
Submitted ./1UBQ_Results/1.pdb
Checking: https://swissmodel.expasy.org/qmean/xG9796.json
Status: QUEUEING
Status: QUEUEING
Status: QUEUEING
Status: QUEUEING
Status: QUEUEING
Status: QUEUEING
Status: QUEUEING
Status: QUEUEING
Status: QUEUEING
Status: QUEUEING
Status: QUEUEING
Status: QUEUEING
Status: QUEUEING
Status: QUEUEING
Status: QUEUEING
Status: QUEUEING
Status: RUNNING
Status: RUNNING
Status: RUNNING
Status: RUNNING
Status: RUNNING
Status: RUNNING
Status: RUNNING
Status: RUNNING
Status: RUNNING
Status: RUNNING
Status: RUNNING
Status: RUNNING
Status: RUNNING
Status: RUNNING
Status: RUNNING
Status: RUNNING
Status: RUNNING
Status: RUNNING
Status: RUNNING
Status: RUNNING
Status: RUNNING
Status: RUNNING
Status: RUNNING
Status: RUNNING
Status: RUNNING
Status: RUNNING
Status: RUNNING
Status: RUNNING
Status: RUNNING
Status: RUNNING
Status: RUNNING
Status: RUNNING
Status: RUNNING
Status: RUNNING
Status: RUNNING
Status: RUNNING
Status: RUNNING
Status: RUNNING
Status: RUNNING
Status: RUNNING
Status: RUNNING
Status: RUNNING
Status: RUNNING
Status: RUNNING
Status: RUNNING
Status: RUNNING
Status: RUNNING
Status: RUNNING
Status: RUNNING
Status: RUNNING
Status: RUNNING
Status: COMPLETED
QMEANDisCo: 0.7981
Mutating chain A, position 57: SER -> THR
Submitted ./1UBQ_Results/1.pdb
Checking: https://swissmodel.expasy.org/qmean/Eujpj7.json
Status: QUEUEING
Status: QUEUEING
Status: QUEUEING
Status: QUEUEING
Status: QUEUEING
Status: QUEUEING
Status: QUEUEING
Status: RUNNING
Status: RUNNING
Status: RUNNING
Status: RUNNING
Status: RUNNING
Status: RUNNING
Status: RUNNING
Status: RUNNING
Status: RUNNING
Status: RUNNING
Status: RUNNING
Status: RUNNING
Status: RUNNING
Status: RUNNING
Status: RUNNING
Status: RUNNING
Status: RUNNING
Status: RUNNING
Status: RUNNING
Status: RUNNING
Status: RUNNING
Status: RUNNING
Status: RUNNING
Status: RUNNING
Status: RUNNING
Status: RUNNING
Status: RUNNING
Status: RUNNING
Status: RUNNING
Status: RUNNING
Status: RUNNING
Status: RUNNING
Status: RUNNING
Status: RUNNING
Status: RUNNING
Status: RUNNING
Status: RUNNING
Status: RUNNING
Status: RUNNING
Status: RUNNING
Status: RUNNING
Status: RUNNING
Status: RUNNING
Status: RUNNING
Status: RUNNING
Status: RUNNING
Status: RUNNING
Status: RUNNING
Status: RUNNING
Status: RUNNING
Status: RUNNING
Status: RUNNING
Status: RUNNING
Status: RUNNING
Status: RUNNING
Status: RUNNING
Status: RUNNING
Status: RUNNING
Status: RUNNING
Status: RUNNING
Status: COMPLETED
QMEANDisCo: 0.7965
Mutating chain A, position 33: LYS -> ILE
Submitted ./1UBQ_Results/1.pdb
Checking: https://swissmodel.expasy.org/qmean/gqcc3Z.json
Status: QUEUEING
Status: QUEUEING
Status: QUEUEING
Status: QUEUEING
Status: QUEUEING
Status: QUEUEING
Status: QUEUEING
Status: RUNNING
Status: RUNNING
Status: RUNNING
Status: RUNNING
Status: RUNNING
Status: RUNNING
Status: RUNNING
Status: RUNNING
Status: RUNNING
Status: RUNNING
Status: RUNNING
Status: RUNNING
Status: RUNNING
Status: RUNNING
Status: RUNNING
Status: RUNNING
Status: RUNNING
Status: RUNNING
Status: RUNNING
Status: RUNNING
Status: RUNNING
Status: RUNNING
Status: RUNNING
Status: RUNNING
Status: RUNNING
Status: RUNNING
Status: RUNNING
Status: RUNNING
Status: RUNNING
Status: RUNNING
Status: RUNNING
Status: RUNNING
Status: RUNNING
Status: RUNNING
Status: RUNNING
Status: RUNNING
Status: RUNNING
Status: RUNNING
Status: RUNNING
Status: RUNNING
Status: RUNNING
Status: RUNNING
Status: RUNNING
Status: RUNNING
Status: RUNNING
Status: RUNNING
Status: RUNNING
Status: RUNNING
Status: RUNNING
Status: RUNNING
Status: RUNNING
Status: RUNNING
Status: RUNNING
Status: RUNNING
Status: RUNNING
Status: RUNNING
Status: RUNNING
Status: RUNNING
Status: COMPLETED
QMEANDisCo: 0.7977
Mutating chain A, position 13: ILE -> GLN
Submitted ./1UBQ_Results/1.pdb
Checking: https://swissmodel.expasy.org/qmean/xazMD7.json
Status: QUEUEING
Status: QUEUEING
Status: QUEUEING
Status: QUEUEING
Status: QUEUEING
Status: QUEUEING
Status: QUEUEING
Status: QUEUEING
Status: RUNNING
Status: RUNNING
Status: RUNNING
Status: RUNNING
Status: RUNNING
Status: RUNNING
Status: RUNNING
Status: RUNNING
Status: RUNNING
Status: RUNNING
Status: RUNNING
Status: RUNNING
Status: RUNNING
Status: RUNNING
Status: RUNNING
Status: RUNNING
Status: RUNNING
Status: RUNNING
Status: RUNNING
Status: RUNNING
Status: RUNNING
Status: RUNNING
Status: RUNNING
Status: RUNNING
Status: RUNNING
Status: RUNNING
Status: RUNNING
Status: RUNNING
Status: RUNNING
Status: RUNNING
Status: RUNNING
Status: RUNNING
Status: RUNNING
Status: RUNNING
Status: RUNNING
Status: RUNNING
Status: RUNNING
Status: RUNNING
Status: RUNNING
Status: RUNNING
Status: RUNNING
Status: RUNNING
Status: RUNNING
Status: RUNNING
Status: RUNNING
Status: RUNNING
Status: RUNNING
Status: RUNNING
Status: RUNNING
Status: RUNNING
Status: RUNNING
Status: RUNNING
Status: RUNNING
Status: RUNNING
Status: RUNNING
Status: RUNNING
Status: RUNNING
Status: RUNNING
Status: RUNNING
Status: COMPLETED
QMEANDisCo: 0.7882
Mutating chain A, position 53: GLY -> ALA
Submitted ./1UBQ_Results/1.pdb
Checking: https://swissmodel.expasy.org/qmean/DKpkGd.json
Status: QUEUEING
Status: QUEUEING
Status: QUEUEING
Status: QUEUEING
Status: QUEUEING
Status: QUEUEING
Status: QUEUEING
Status: QUEUEING
Status: RUNNING
Status: RUNNING
Status: RUNNING
Status: RUNNING
Status: RUNNING
Status: RUNNING
Status: RUNNING
Status: RUNNING
Status: RUNNING
Status: RUNNING
Status: RUNNING
Status: RUNNING
Status: RUNNING
Status: RUNNING
Status: RUNNING
Status: RUNNING
Status: RUNNING
Status: RUNNING
Status: RUNNING
Status: RUNNING
Status: RUNNING
Status: RUNNING
Status: RUNNING
Status: RUNNING
Status: RUNNING
Status: RUNNING
Status: RUNNING
Status: RUNNING
Status: RUNNING
Status: RUNNING
Status: RUNNING
Status: RUNNING
Status: RUNNING
Status: RUNNING
Status: RUNNING
Status: RUNNING
Status: RUNNING
Status: RUNNING
Status: RUNNING
Status: RUNNING
Status: RUNNING
Status: RUNNING
Status: RUNNING
Status: RUNNING
Status: RUNNING
Status: RUNNING
Status: RUNNING
Status: RUNNING
Status: RUNNING
Status: RUNNING
Status: RUNNING
Status: RUNNING
Status: RUNNING
Status: RUNNING
Status: RUNNING
Status: RUNNING
Status: RUNNING
Status: RUNNING
Status: COMPLETED
QMEANDisCo: 0.7978
Mutating chain A, position 28: ALA -> TYR
Submitted ./1UBQ_Results/1.pdb
Checking: https://swissmodel.expasy.org/qmean/ybGeRZ.json
Status: QUEUEING
Status: QUEUEING
Status: QUEUEING
Status: QUEUEING
Status: QUEUEING
Status: QUEUEING
Status: QUEUEING
Status: QUEUEING
Status: RUNNING
Status: RUNNING
Status: RUNNING
Status: RUNNING
Status: RUNNING
Status: RUNNING
Status: RUNNING
Status: RUNNING
Status: RUNNING
Status: RUNNING
Status: RUNNING
Status: RUNNING
Status: RUNNING
Status: RUNNING
Status: RUNNING
Status: RUNNING
Status: RUNNING
Status: RUNNING
Status: RUNNING
Status: RUNNING
Status: RUNNING
Status: RUNNING
Status: RUNNING
Status: RUNNING
Status: RUNNING
Status: RUNNING
Status: RUNNING
Status: RUNNING
Status: RUNNING
Status: RUNNING
Status: RUNNING
Status: RUNNING
Status: RUNNING
Status: RUNNING
Status: RUNNING
Status: RUNNING
Status: RUNNING
Status: RUNNING
Status: RUNNING
Status: RUNNING
Status: RUNNING
Status: RUNNING
Status: RUNNING
Status: RUNNING
Status: RUNNING
Status: RUNNING
Status: RUNNING
Status: RUNNING
Status: RUNNING
Status: RUNNING
Status: RUNNING
Status: RUNNING
Status: RUNNING
Status: RUNNING
Status: RUNNING
Status: RUNNING
Status: RUNNING
Status: RUNNING
Status: COMPLETED
QMEANDisCo: 0.7892
Mutating chain A, position 19: PRO -> TRP
Submitted ./1UBQ_Results/1.pdb
Checking: https://swissmodel.expasy.org/qmean/adAMDB.json
Status: QUEUEING
Status: QUEUEING
Status: QUEUEING
Status: QUEUEING
Status: QUEUEING
Status: QUEUEING
Status: QUEUEING
Status: RUNNING
Status: RUNNING
Status: RUNNING
Status: RUNNING
Status: RUNNING
Status: RUNNING
Status: RUNNING
Status: RUNNING
Status: RUNNING
Status: RUNNING
Status: RUNNING
Status: RUNNING
Status: RUNNING
Status: RUNNING
Status: RUNNING
Status: RUNNING
Status: RUNNING
Status: RUNNING
Status: RUNNING
Status: RUNNING
Status: RUNNING
Status: RUNNING
Status: RUNNING
Status: RUNNING
Status: RUNNING
Status: RUNNING
Status: RUNNING
Status: RUNNING
Status: RUNNING
Status: RUNNING
Status: RUNNING
Status: RUNNING
Status: RUNNING
Status: RUNNING
Status: RUNNING
Status: RUNNING
Status: RUNNING
Status: RUNNING
Status: RUNNING
Status: RUNNING
Status: RUNNING
Status: RUNNING
Status: RUNNING
Status: RUNNING
Status: RUNNING
Status: RUNNING
Status: RUNNING
Status: RUNNING
Status: RUNNING
Status: RUNNING
Status: RUNNING
Status: RUNNING
Status: RUNNING
Status: RUNNING
Status: RUNNING
Status: RUNNING
Status: RUNNING
Status: RUNNING
Status: COMPLETED
QMEANDisCo: 0.7892
Mutating chain A, position 52: ASP -> TRP
Submitted ./1UBQ_Results/1.pdb
Checking: https://swissmodel.expasy.org/qmean/gDhaPs.json
Status: QUEUEING
Status: QUEUEING
Status: QUEUEING
Status: QUEUEING
Status: QUEUEING
Status: QUEUEING
Status: QUEUEING
Status: RUNNING
Status: RUNNING
Status: RUNNING
Status: RUNNING
Status: RUNNING
Status: RUNNING
Status: RUNNING
Status: RUNNING
Status: RUNNING
Status: RUNNING
Status: RUNNING
Status: RUNNING
Status: RUNNING
Status: RUNNING
Status: RUNNING
Status: RUNNING
Status: RUNNING
Status: RUNNING
Status: RUNNING
Status: RUNNING
Status: RUNNING
Status: RUNNING
Status: RUNNING
Status: RUNNING
Status: RUNNING
Status: RUNNING
Status: RUNNING
Status: RUNNING
Status: RUNNING
Status: RUNNING
Status: RUNNING
Status: RUNNING
Status: RUNNING
Status: RUNNING
Status: RUNNING
Status: RUNNING
Status: RUNNING
Status: RUNNING
Status: RUNNING
Status: RUNNING
Status: RUNNING
Status: RUNNING
Status: RUNNING
Status: RUNNING
Status: RUNNING
Status: RUNNING
Status: RUNNING
Status: RUNNING
Status: RUNNING
Status: RUNNING
Status: RUNNING
Status: RUNNING
Status: RUNNING
Status: RUNNING
Status: RUNNING
Status: RUNNING
Status: RUNNING
Status: RUNNING
Status: RUNNING
Status: COMPLETED
QMEANDisCo: 0.7780
Mutating chain A, position 32: ASP -> THR
Submitted ./1UBQ_Results/1.pdb
Checking: https://swissmodel.expasy.org/qmean/4bC6FS.json
Status: QUEUEING
Status: QUEUEING
Status: QUEUEING
Status: QUEUEING
Status: QUEUEING
Status: QUEUEING
Status: QUEUEING
Status: QUEUEING
Status: RUNNING
Status: RUNNING
Status: RUNNING
Status: RUNNING
Status: RUNNING
Status: RUNNING
Status: RUNNING
Status: RUNNING
Status: RUNNING
Status: RUNNING
Status: RUNNING
Status: RUNNING
Status: RUNNING
Status: RUNNING
Status: RUNNING
Status: RUNNING
Status: RUNNING
Status: RUNNING
Status: RUNNING
Status: RUNNING
Status: RUNNING
Status: RUNNING
Status: RUNNING
Status: RUNNING
Status: RUNNING
Status: RUNNING
Status: RUNNING
Status: RUNNING
Status: RUNNING
Status: RUNNING
Status: RUNNING
Status: RUNNING
Status: RUNNING
Status: RUNNING
Status: RUNNING
Status: RUNNING
Status: RUNNING
Status: RUNNING
Status: RUNNING
Status: RUNNING
Status: RUNNING
Status: RUNNING
Status: RUNNING
Status: RUNNING
Status: RUNNING
Status: RUNNING
Status: RUNNING
Status: RUNNING
Status: RUNNING
Status: RUNNING
Status: RUNNING
Status: RUNNING
Status: RUNNING
Status: RUNNING
Status: RUNNING
Status: RUNNING
Status: RUNNING
Status: RUNNING
Status: RUNNING
Status: RUNNING
Status: COMPLETED
QMEANDisCo: 0.8010
Mutating chain A, position 66: THR -> CYS
Submitted ./1UBQ_Results/1.pdb
Checking: https://swissmodel.expasy.org/qmean/HsNter.json
Status: QUEUEING
Status: QUEUEING
Status: QUEUEING
Status: QUEUEING
Status: QUEUEING
Status: QUEUEING
Status: QUEUEING
Status: RUNNING
Status: RUNNING
Status: RUNNING
Status: RUNNING
Status: RUNNING
Status: RUNNING
Status: RUNNING
Status: RUNNING
Status: RUNNING
Status: RUNNING
Status: RUNNING
Status: RUNNING
Status: RUNNING
Status: RUNNING
Status: RUNNING
Status: RUNNING
Status: RUNNING
Status: RUNNING
Status: RUNNING
Status: RUNNING
Status: RUNNING
Status: RUNNING
Status: RUNNING
Status: RUNNING
Status: RUNNING
Status: RUNNING
Status: RUNNING
Status: RUNNING
Status: RUNNING
Status: COMPLETED
QMEANDisCo: 0.8017
Mutating chain A, position 19: PRO -> CYS
Submitted ./1UBQ_Results/1.pdb
Checking: https://swissmodel.expasy.org/qmean/DW9k4d.json
Status: QUEUEING
Status: QUEUEING
Status: QUEUEING
Status: QUEUEING
Status: QUEUEING
Status: QUEUEING
Status: QUEUEING
Status: RUNNING
Status: RUNNING
Status: RUNNING
Status: RUNNING
Status: RUNNING
Status: RUNNING
Status: RUNNING
Status: RUNNING
Status: RUNNING
Status: RUNNING
Status: RUNNING
Status: RUNNING
Status: RUNNING
Status: RUNNING
Status: RUNNING
Status: RUNNING
Status: RUNNING
Status: RUNNING
Status: RUNNING
Status: RUNNING
Status: RUNNING
Status: RUNNING
Status: RUNNING
Status: RUNNING
Status: RUNNING
Status: RUNNING
Status: RUNNING
Status: RUNNING
Status: RUNNING
Status: RUNNING
Status: COMPLETED
QMEANDisCo: 0.7933
Mutating chain A, position 3: ILE -> LEU
Submitted ./1UBQ_Results/1.pdb
Checking: https://swissmodel.expasy.org/qmean/zhSeaG.json
Status: QUEUEING
Status: QUEUEING
Status: QUEUEING
Status: QUEUEING
Status: QUEUEING
Status: QUEUEING
Status: QUEUEING
Status: RUNNING
Status: RUNNING
Status: RUNNING
Status: RUNNING
Status: RUNNING
Status: RUNNING
Status: RUNNING
Status: RUNNING
Status: RUNNING
Status: RUNNING
Status: RUNNING
Status: RUNNING
Status: RUNNING
Status: RUNNING
Status: RUNNING
Status: RUNNING
Status: RUNNING
Status: RUNNING
Status: RUNNING
Status: RUNNING
Status: RUNNING
Status: RUNNING
Status: RUNNING
Status: RUNNING
Status: RUNNING
Status: RUNNING
Status: RUNNING
Status: RUNNING
Status: RUNNING
Status: COMPLETED
QMEANDisCo: 0.8005
Mutating chain A, position 43: LEU -> ASN
Submitted ./1UBQ_Results/1.pdb
Checking: https://swissmodel.expasy.org/qmean/MyqS5Q.json
Status: QUEUEING
Status: QUEUEING
Status: QUEUEING
Status: QUEUEING
Status: QUEUEING
Status: QUEUEING
Status: QUEUEING
Status: QUEUEING
Status: RUNNING
Status: RUNNING
Status: RUNNING
Status: RUNNING
Status: RUNNING
Status: RUNNING
Status: RUNNING
Status: RUNNING
Status: RUNNING
Status: RUNNING
Status: RUNNING
Status: RUNNING
Status: RUNNING
Status: RUNNING
Status: RUNNING
Status: RUNNING
Status: RUNNING
Status: RUNNING
Status: RUNNING
Status: RUNNING
Status: RUNNING
Status: RUNNING
Status: RUNNING
Status: RUNNING
Status: RUNNING
Status: RUNNING
Status: RUNNING
Status: RUNNING
Status: RUNNING
Status: RUNNING
Status: RUNNING
Status: RUNNING
Status: RUNNING
Status: RUNNING
Status: RUNNING
Status: RUNNING
Status: RUNNING
Status: RUNNING
Status: RUNNING
Status: RUNNING
Status: RUNNING
Status: RUNNING
Status: RUNNING
Status: RUNNING
Status: RUNNING
Status: RUNNING
Status: RUNNING
Status: RUNNING
Status: RUNNING
Status: RUNNING
Status: RUNNING
Status: RUNNING
Status: RUNNING
Status: RUNNING
Status: RUNNING
Status: RUNNING
Status: RUNNING
Status: RUNNING
Status: RUNNING
Status: COMPLETED
QMEANDisCo: 0.7955
Mutating chain A, position 67: LEU -> GLU
Submitted ./1UBQ_Results/1.pdb
Checking: https://swissmodel.expasy.org/qmean/jCXYJz.json
Status: QUEUEING
Status: QUEUEING
Status: QUEUEING
Status: QUEUEING
Status: QUEUEING
Status: QUEUEING
Status: QUEUEING
Status: RUNNING
Status: RUNNING
Status: RUNNING
Status: RUNNING
Status: RUNNING
Status: RUNNING
Status: RUNNING
Status: RUNNING
Status: RUNNING
Status: RUNNING
Status: RUNNING
Status: RUNNING
Status: RUNNING
Status: RUNNING
Status: RUNNING
Status: RUNNING
Status: RUNNING
Status: RUNNING
Status: RUNNING
Status: RUNNING
Status: RUNNING
Status: RUNNING
Status: RUNNING
Status: RUNNING
Status: RUNNING
Status: RUNNING
Status: RUNNING
Status: RUNNING
Status: RUNNING
Status: RUNNING
Status: RUNNING
Status: RUNNING
Status: RUNNING
Status: RUNNING
Status: RUNNING
Status: RUNNING
Status: RUNNING
Status: RUNNING
Status: RUNNING
Status: RUNNING
Status: RUNNING
Status: RUNNING
Status: RUNNING
Status: RUNNING
Status: RUNNING
Status: RUNNING
Status: RUNNING
Status: RUNNING
Status: RUNNING
Status: RUNNING
Status: RUNNING
Status: RUNNING
Status: RUNNING
Status: RUNNING
Status: RUNNING
Status: RUNNING
Status: RUNNING
Status: RUNNING
Status: RUNNING
Status: COMPLETED
QMEANDisCo: 0.7972
Mutating chain A, position 41: GLN -> SER
Submitted ./1UBQ_Results/1.pdb
Checking: https://swissmodel.expasy.org/qmean/BKWMYg.json
Status: QUEUEING
Status: QUEUEING
Status: QUEUEING
Status: QUEUEING
Status: QUEUEING
Status: QUEUEING
Status: QUEUEING
Status: RUNNING
Status: RUNNING
Status: RUNNING
Status: RUNNING
Status: RUNNING
Status: RUNNING
Status: RUNNING
Status: RUNNING
Status: RUNNING
Status: RUNNING
Status: RUNNING
Status: RUNNING
Status: RUNNING
Status: RUNNING
Status: RUNNING
Status: RUNNING
Status: RUNNING
Status: RUNNING
Status: RUNNING
Status: RUNNING
Status: RUNNING
Status: RUNNING
Status: RUNNING
Status: RUNNING
Status: RUNNING
Status: RUNNING
Status: RUNNING
Status: RUNNING
Status: RUNNING
Status: RUNNING
Status: RUNNING
Status: RUNNING
Status: RUNNING
Status: RUNNING
Status: RUNNING
Status: RUNNING
Status: RUNNING
Status: RUNNING
Status: RUNNING
Status: RUNNING
Status: RUNNING
Status: RUNNING
Status: RUNNING
Status: RUNNING
Status: RUNNING
Status: RUNNING
Status: RUNNING
Status: RUNNING
Status: RUNNING
Status: RUNNING
Status: RUNNING
Status: RUNNING
Status: RUNNING
Status: RUNNING
Status: RUNNING
Status: RUNNING
Status: RUNNING
Status: COMPLETED
QMEANDisCo: 0.7969
Mutating chain A, position 12: THR -> ALA
Submitted ./1UBQ_Results/1.pdb
Checking: https://swissmodel.expasy.org/qmean/pPPApb.json
Status: QUEUEING
Status: QUEUEING
Status: QUEUEING
Status: QUEUEING
Status: QUEUEING
Status: QUEUEING
Status: QUEUEING
Status: RUNNING
Status: RUNNING
Status: RUNNING
Status: RUNNING
Status: RUNNING
Status: RUNNING
Status: RUNNING
Status: RUNNING
Status: RUNNING
Status: RUNNING
Status: RUNNING
Status: RUNNING
Status: RUNNING
Status: RUNNING
Status: RUNNING
Status: RUNNING
Status: RUNNING
Status: RUNNING
Status: RUNNING
Status: RUNNING
Status: RUNNING
Status: RUNNING
Status: RUNNING
Status: RUNNING
Status: RUNNING
Status: RUNNING
Status: RUNNING
Status: RUNNING
Status: RUNNING
Status: RUNNING
Status: RUNNING
Status: RUNNING
Status: RUNNING
Status: RUNNING
Status: RUNNING
Status: RUNNING
Status: RUNNING
Status: RUNNING
Status: RUNNING
Status: RUNNING
Status: RUNNING
Status: RUNNING
Status: RUNNING
Status: RUNNING
Status: RUNNING
Status: RUNNING
Status: RUNNING
Status: RUNNING
Status: RUNNING
Status: RUNNING
Status: RUNNING
Status: RUNNING
Status: RUNNING
Status: RUNNING
Status: RUNNING
Status: RUNNING
Status: RUNNING
Status: RUNNING
Status: RUNNING
Status: COMPLETED
QMEANDisCo: 0.7988
Mutating chain A, position 59: TYR -> ASP
Submitted ./1UBQ_Results/1.pdb
Checking: https://swissmodel.expasy.org/qmean/PwSafQ.json
Status: QUEUEING
Status: QUEUEING
Status: QUEUEING
Status: QUEUEING
Status: QUEUEING
Status: QUEUEING
Status: QUEUEING
Status: RUNNING
Status: RUNNING
Status: RUNNING
Status: RUNNING
Status: RUNNING
Status: RUNNING
Status: RUNNING
Status: RUNNING
Status: RUNNING
Status: RUNNING
Status: RUNNING
Status: RUNNING
Status: RUNNING
Status: RUNNING
Status: RUNNING
Status: RUNNING
Status: RUNNING
Status: RUNNING
Status: RUNNING
Status: RUNNING
Status: RUNNING
Status: RUNNING
Status: RUNNING
Status: RUNNING
Status: RUNNING
Status: RUNNING
Status: RUNNING
Status: RUNNING
Status: RUNNING
Status: RUNNING
Status: RUNNING
Status: RUNNING
Status: RUNNING
Status: RUNNING
Status: RUNNING
Status: RUNNING
Status: RUNNING
Status: RUNNING
Status: RUNNING
Status: RUNNING
Status: RUNNING
Status: RUNNING
Status: RUNNING
Status: RUNNING
Status: RUNNING
Status: RUNNING
Status: RUNNING
Status: RUNNING
Status: RUNNING
Status: RUNNING
Status: RUNNING
Status: RUNNING
Status: RUNNING
Status: RUNNING
Status: RUNNING
Status: RUNNING
Status: RUNNING
Status: RUNNING
Status: RUNNING
Status: COMPLETED
QMEANDisCo: 0.7981
Mutating chain A, position 36: ILE -> ALA
Submitted ./1UBQ_Results/1.pdb
Checking: https://swissmodel.expasy.org/qmean/tAu3q8.json
Status: QUEUEING
Status: QUEUEING
Status: QUEUEING
Status: QUEUEING
Status: QUEUEING
Status: QUEUEING
Status: QUEUEING
Status: RUNNING
Status: RUNNING
Status: RUNNING
Status: RUNNING
Status: RUNNING
Status: RUNNING
Status: RUNNING
Status: RUNNING
Status: RUNNING
Status: RUNNING
Status: RUNNING
Status: RUNNING
Status: RUNNING
Status: RUNNING
Status: RUNNING
Status: RUNNING
Status: RUNNING
Status: RUNNING
Status: RUNNING
Status: RUNNING
Status: RUNNING
Status: RUNNING
Status: RUNNING
Status: RUNNING
Status: RUNNING
Status: RUNNING
Status: RUNNING
Status: RUNNING
Status: RUNNING
Status: RUNNING
Status: COMPLETED
QMEANDisCo: 0.7987
Mutating chain A, position 6: LYS -> CYS
Submitted ./1UBQ_Results/1.pdb
Checking: https://swissmodel.expasy.org/qmean/mQ82DR.json
Status: QUEUEING
Status: QUEUEING
Status: QUEUEING
Status: QUEUEING
Status: QUEUEING
Status: QUEUEING
Status: QUEUEING
Status: RUNNING
Status: RUNNING
Status: RUNNING
Status: RUNNING
Status: RUNNING
Status: RUNNING
Status: RUNNING
Status: RUNNING
Status: RUNNING
Status: RUNNING
Status: RUNNING
Status: RUNNING
Status: RUNNING
Status: RUNNING
Status: RUNNING
Status: RUNNING
Status: RUNNING
Status: RUNNING
Status: RUNNING
Status: RUNNING
Status: RUNNING
Status: RUNNING
Status: RUNNING
Status: RUNNING
Status: RUNNING
Status: RUNNING
Status: RUNNING
Status: RUNNING
Status: RUNNING
Status: RUNNING
Status: RUNNING
Status: RUNNING
Status: RUNNING
Status: RUNNING
Status: RUNNING
Status: RUNNING
Status: RUNNING
Status: RUNNING
Status: RUNNING
Status: RUNNING
Status: RUNNING
Status: RUNNING
Status: RUNNING
Status: RUNNING
Status: RUNNING
Status: RUNNING
Status: RUNNING
Status: RUNNING
Status: RUNNING
Status: RUNNING
Status: RUNNING
Status: RUNNING
Status: RUNNING
Status: RUNNING
Status: RUNNING
Status: RUNNING
Status: RUNNING
Status: RUNNING
Status: RUNNING
Status: RUNNING
Status: COMPLETED
QMEANDisCo: 0.8046
Mutating chain A, position 50: LEU -> GLY
Submitted ./1UBQ_Results/1.pdb
Checking: https://swissmodel.expasy.org/qmean/nU94a6.json
Status: QUEUEING
Status: QUEUEING
Status: QUEUEING
Status: QUEUEING
Status: QUEUEING
Status: QUEUEING
Status: QUEUEING
Status: QUEUEING
Status: RUNNING
Status: RUNNING
Status: RUNNING
Status: RUNNING
Status: RUNNING
Status: RUNNING
Status: RUNNING
Status: RUNNING
Status: RUNNING
Status: RUNNING
Status: RUNNING
Status: RUNNING
Status: RUNNING
Status: RUNNING
Status: RUNNING
Status: RUNNING
Status: RUNNING
Status: RUNNING
Status: RUNNING
Status: RUNNING
Status: RUNNING
Status: RUNNING
Status: RUNNING
Status: RUNNING
Status: RUNNING
Status: RUNNING
Status: RUNNING
Status: RUNNING
Status: RUNNING
Status: RUNNING
Status: RUNNING
Status: RUNNING
Status: RUNNING
Status: RUNNING
Status: RUNNING
Status: RUNNING
Status: RUNNING
Status: RUNNING
Status: RUNNING
Status: RUNNING
Status: RUNNING
Status: RUNNING
Status: RUNNING
Status: RUNNING
Status: RUNNING
Status: RUNNING
Status: RUNNING
Status: RUNNING
Status: RUNNING
Status: RUNNING
Status: RUNNING
Status: RUNNING
Status: RUNNING
Status: RUNNING
Status: RUNNING
Status: RUNNING
Status: RUNNING
Status: RUNNING
Status: RUNNING
Status: COMPLETED
QMEANDisCo: 0.7955
Mutating chain A, position 76: GLY -> ASN
Submitted ./1UBQ_Results/1.pdb
Checking: https://swissmodel.expasy.org/qmean/NgFj9y.json
Status: QUEUEING
Status: QUEUEING
Status: QUEUEING
Status: QUEUEING
Status: QUEUEING
Status: QUEUEING
Status: QUEUEING
Status: QUEUEING
Status: RUNNING
Status: RUNNING
Status: RUNNING
Status: RUNNING
Status: RUNNING
Status: RUNNING
Status: RUNNING
Status: RUNNING
Status: RUNNING
Status: RUNNING
Status: RUNNING
Status: RUNNING
Status: RUNNING
Status: RUNNING
Status: RUNNING
Status: RUNNING
Status: RUNNING
Status: RUNNING
Status: RUNNING
Status: RUNNING
Status: RUNNING
Status: RUNNING
Status: RUNNING
Status: RUNNING
Status: RUNNING
Status: RUNNING
Status: RUNNING
Status: RUNNING
Status: RUNNING
Status: RUNNING
Status: RUNNING
Status: RUNNING
Status: RUNNING
Status: RUNNING
Status: RUNNING
Status: RUNNING
Status: RUNNING
Status: RUNNING
Status: RUNNING
Status: RUNNING
Status: RUNNING
Status: RUNNING
Status: RUNNING
Status: RUNNING
Status: RUNNING
Status: RUNNING
Status: RUNNING
Status: RUNNING
Status: RUNNING
Status: RUNNING
Status: RUNNING
Status: RUNNING
Status: RUNNING
Status: RUNNING
Status: RUNNING
Status: RUNNING
Status: RUNNING
Status: COMPLETED
QMEANDisCo: 0.8026
Mutating chain A, position 35: GLY -> GLN
Submitted ./1UBQ_Results/1.pdb
Checking: https://swissmodel.expasy.org/qmean/WmfrJM.json
Status: QUEUEING
Status: QUEUEING
Status: QUEUEING
Status: QUEUEING
Status: QUEUEING
Status: QUEUEING
Status: QUEUEING
Status: RUNNING
Status: RUNNING
Status: RUNNING
Status: RUNNING
Status: RUNNING
Status: RUNNING
Status: RUNNING
Status: RUNNING
Status: RUNNING
Status: RUNNING
Status: RUNNING
Status: RUNNING
Status: RUNNING
Status: RUNNING
Status: RUNNING
Status: RUNNING
Status: RUNNING
Status: RUNNING
Status: RUNNING
Status: RUNNING
Status: RUNNING
Status: RUNNING
Status: RUNNING
Status: RUNNING
Status: RUNNING
Status: RUNNING
Status: RUNNING
Status: RUNNING
Status: RUNNING
Status: RUNNING
Status: RUNNING
Status: RUNNING
Status: RUNNING
Status: RUNNING
Status: RUNNING
Status: RUNNING
Status: RUNNING
Status: RUNNING
Status: RUNNING
Status: RUNNING
Status: RUNNING
Status: RUNNING
Status: RUNNING
Status: RUNNING
Status: RUNNING
Status: RUNNING
Status: RUNNING
Status: RUNNING
Status: RUNNING
Status: RUNNING
Status: RUNNING
Status: RUNNING
Status: RUNNING
Status: RUNNING
Status: RUNNING
Status: RUNNING
Status: RUNNING
Status: RUNNING
Status: RUNNING
Status: COMPLETED
QMEANDisCo: 0.7809
Mutating chain A, position 32: ASP -> LYS
Submitted ./1UBQ_Results/1.pdb
Checking: https://swissmodel.expasy.org/qmean/3RCRcH.json
Status: QUEUEING
Status: QUEUEING
Status: QUEUEING
Status: QUEUEING
Status: QUEUEING
Status: QUEUEING
Status: QUEUEING
Status: RUNNING
Status: RUNNING
Status: RUNNING
Status: RUNNING
Status: RUNNING
Status: RUNNING
Status: RUNNING
Status: RUNNING
Status: RUNNING
Status: RUNNING
Status: RUNNING
Status: RUNNING
Status: RUNNING
Status: RUNNING
Status: RUNNING
Status: RUNNING
Status: RUNNING
Status: RUNNING
Status: RUNNING
Status: RUNNING
Status: RUNNING
Status: RUNNING
Status: RUNNING
Status: RUNNING
Status: RUNNING
Status: RUNNING
Status: RUNNING
Status: RUNNING
Status: RUNNING
Status: RUNNING
Status: RUNNING
Status: RUNNING
Status: RUNNING
Status: RUNNING
Status: RUNNING
Status: RUNNING
Status: RUNNING
Status: RUNNING
Status: RUNNING
Status: RUNNING
Status: RUNNING
Status: RUNNING
Status: RUNNING
Status: RUNNING
Status: RUNNING
Status: RUNNING
Status: RUNNING
Status: RUNNING
Status: RUNNING
Status: RUNNING
Status: RUNNING
Status: RUNNING
Status: RUNNING
Status: RUNNING
Status: RUNNING
Status: RUNNING
Status: RUNNING
Status: RUNNING
Status: RUNNING
Status: COMPLETED
QMEANDisCo: 0.7947
Mutating chain A, position 8: LEU -> PRO
Submitted ./1UBQ_Results/1.pdb
Checking: https://swissmodel.expasy.org/qmean/799vzD.json
Status: QUEUEING
Status: QUEUEING
Status: QUEUEING
Status: QUEUEING
Status: QUEUEING
Status: QUEUEING
Status: QUEUEING
Status: RUNNING
Status: RUNNING
Status: RUNNING
Status: RUNNING
Status: RUNNING
Status: RUNNING
Status: RUNNING
Status: RUNNING
Status: RUNNING
Status: RUNNING
Status: RUNNING
Status: RUNNING
Status: RUNNING
Status: RUNNING
Status: RUNNING
Status: RUNNING
Status: RUNNING
Status: RUNNING
Status: RUNNING
Status: RUNNING
Status: RUNNING
Status: RUNNING
Status: RUNNING
Status: RUNNING
Status: RUNNING
Status: RUNNING
Status: RUNNING
Status: RUNNING
Status: RUNNING
Status: RUNNING
Status: RUNNING
Status: RUNNING
Status: RUNNING
Status: RUNNING
Status: RUNNING
Status: RUNNING
Status: RUNNING
Status: RUNNING
Status: RUNNING
Status: RUNNING
Status: RUNNING
Status: RUNNING
Status: RUNNING
Status: RUNNING
Status: RUNNING
Status: RUNNING
Status: RUNNING
Status: RUNNING
Status: RUNNING
Status: RUNNING
Status: RUNNING
Status: RUNNING
Status: RUNNING
Status: RUNNING
Status: RUNNING
Status: RUNNING
Status: RUNNING
Status: RUNNING
Status: COMPLETED
QMEANDisCo: 0.7934
Mutating chain A, position 24: GLU -> TRP
Submitted ./1UBQ_Results/1.pdb
Checking: https://swissmodel.expasy.org/qmean/epp4x5.json
Status: QUEUEING
Status: QUEUEING
Status: QUEUEING
Status: QUEUEING
Status: QUEUEING
Status: QUEUEING
Status: QUEUEING
Status: RUNNING
Status: RUNNING
Status: RUNNING
Status: RUNNING
Status: RUNNING
Status: RUNNING
Status: RUNNING
Status: RUNNING
Status: RUNNING
Status: RUNNING
Status: RUNNING
Status: RUNNING
Status: RUNNING
Status: RUNNING
Status: RUNNING
Status: RUNNING
Status: RUNNING
Status: RUNNING
Status: RUNNING
Status: RUNNING
Status: RUNNING
Status: RUNNING
Status: RUNNING
Status: RUNNING
Status: RUNNING
Status: RUNNING
Status: RUNNING
Status: RUNNING
Status: RUNNING
Status: COMPLETED
QMEANDisCo: 0.8005
Mutating chain A, position 69: LEU -> TRP
Submitted ./1UBQ_Results/1.pdb
Checking: https://swissmodel.expasy.org/qmean/fQMzcX.json
Status: QUEUEING
Status: QUEUEING
Status: QUEUEING
Status: QUEUEING
Status: QUEUEING
Status: QUEUEING
Status: QUEUEING
Status: RUNNING
Status: RUNNING
Status: RUNNING
Status: RUNNING
Status: RUNNING
Status: RUNNING
Status: RUNNING
Status: RUNNING
Status: RUNNING
Status: RUNNING
Status: RUNNING
Status: RUNNING
Status: RUNNING
Status: RUNNING
Status: RUNNING
Status: RUNNING
Status: RUNNING
Status: RUNNING
Status: RUNNING
Status: RUNNING
Status: RUNNING
Status: RUNNING
Status: RUNNING
Status: RUNNING
Status: RUNNING
Status: RUNNING
Status: RUNNING
Status: RUNNING
Status: RUNNING
Status: RUNNING
Status: RUNNING
Status: RUNNING
Status: RUNNING
Status: RUNNING
Status: RUNNING
Status: RUNNING
Status: RUNNING
Status: RUNNING
Status: RUNNING
Status: RUNNING
Status: RUNNING
Status: RUNNING
Status: RUNNING
Status: RUNNING
Status: RUNNING
Status: RUNNING
Status: RUNNING
Status: RUNNING
Status: RUNNING
Status: RUNNING
Status: RUNNING
Status: RUNNING
Status: RUNNING
Status: RUNNING
Status: RUNNING
Status: RUNNING
Status: RUNNING
Status: RUNNING
Status: RUNNING
Status: COMPLETED
QMEANDisCo: 0.7928
Mutating chain A, position 19: PRO -> ASP
Submitted ./1UBQ_Results/1.pdb
Checking: https://swissmodel.expasy.org/qmean/t4ySHr.json
Status: QUEUEING
Status: QUEUEING
Status: QUEUEING
Status: QUEUEING
Status: QUEUEING
Status: QUEUEING
Status: QUEUEING
Status: RUNNING
Status: RUNNING
Status: RUNNING
Status: RUNNING
Status: RUNNING
Status: RUNNING
Status: RUNNING
Status: RUNNING
Status: RUNNING
Status: RUNNING
Status: RUNNING
Status: RUNNING
Status: RUNNING
Status: RUNNING
Status: RUNNING
Status: RUNNING
Status: RUNNING
Status: RUNNING
Status: RUNNING
Status: RUNNING
Status: RUNNING
Status: RUNNING
Status: RUNNING
Status: RUNNING
Status: RUNNING
Status: RUNNING
Status: RUNNING
Status: RUNNING
Status: RUNNING
Status: RUNNING
Status: COMPLETED
QMEANDisCo: 0.7946
Mutating chain A, position 20: SER -> VAL
Submitted ./1UBQ_Results/1.pdb
Checking: https://swissmodel.expasy.org/qmean/JqwVMy.json
Status: QUEUEING
Status: QUEUEING
Status: QUEUEING
Status: QUEUEING
Status: QUEUEING
Status: QUEUEING
Status: QUEUEING
Status: RUNNING
Status: RUNNING
Status: RUNNING
Status: RUNNING
Status: RUNNING
Status: RUNNING
Status: RUNNING
Status: RUNNING
Status: RUNNING
Status: RUNNING
Status: RUNNING
Status: RUNNING
Status: RUNNING
Status: RUNNING
Status: RUNNING
Status: RUNNING
Status: RUNNING
Status: RUNNING
Status: RUNNING
Status: RUNNING
Status: RUNNING
Status: RUNNING
Status: RUNNING
Status: RUNNING
Status: RUNNING
Status: RUNNING
Status: RUNNING
Status: RUNNING
Status: RUNNING
Status: RUNNING
Status: RUNNING
Status: RUNNING
Status: RUNNING
Status: RUNNING
Status: RUNNING
Status: RUNNING
Status: RUNNING
Status: RUNNING
Status: RUNNING
Status: RUNNING
Status: RUNNING
Status: RUNNING
Status: RUNNING
Status: RUNNING
Status: RUNNING
Status: RUNNING
Status: RUNNING
Status: RUNNING
Status: RUNNING
Status: RUNNING
Status: RUNNING
Status: RUNNING
Status: RUNNING
Status: RUNNING
Status: RUNNING
Status: RUNNING
Status: RUNNING
Status: RUNNING
Status: RUNNING
Status: COMPLETED
QMEANDisCo: 0.7921
Mutating chain A, position 61: ILE -> ALA
Submitted ./1UBQ_Results/1.pdb
Checking: https://swissmodel.expasy.org/qmean/EQHyKn.json
Status: QUEUEING
Status: QUEUEING
Status: QUEUEING
Status: QUEUEING
Status: QUEUEING
Status: QUEUEING
Status: QUEUEING
Status: RUNNING
Status: RUNNING
Status: RUNNING
Status: RUNNING
Status: RUNNING
Status: RUNNING
Status: RUNNING
Status: RUNNING
Status: RUNNING
Status: RUNNING
Status: RUNNING
Status: RUNNING
Status: RUNNING
Status: RUNNING
Status: RUNNING
Status: RUNNING
Status: RUNNING
Status: RUNNING
Status: RUNNING
Status: RUNNING
Status: RUNNING
Status: RUNNING
Status: RUNNING
Status: RUNNING
Status: RUNNING
Status: RUNNING
Status: RUNNING
Status: RUNNING
Status: RUNNING
Status: COMPLETED
QMEANDisCo: 0.7934
Mutating chain A, position 7: THR -> TRP
Submitted ./1UBQ_Results/1.pdb
Checking: https://swissmodel.expasy.org/qmean/FyGhZ5.json
Status: QUEUEING
Status: QUEUEING
Status: QUEUEING
Status: QUEUEING
Status: QUEUEING
Status: QUEUEING
Status: QUEUEING
Status: RUNNING
Status: RUNNING
Status: RUNNING
Status: RUNNING
Status: RUNNING
Status: RUNNING
Status: RUNNING
Status: RUNNING
Status: RUNNING
Status: RUNNING
Status: RUNNING
Status: RUNNING
Status: RUNNING
Status: RUNNING
Status: RUNNING
Status: RUNNING
Status: RUNNING
Status: RUNNING
Status: RUNNING
Status: RUNNING
Status: RUNNING
Status: RUNNING
Status: RUNNING
Status: RUNNING
Status: RUNNING
Status: RUNNING
Status: RUNNING
Status: RUNNING
Status: RUNNING
Status: RUNNING
Status: RUNNING
Status: RUNNING
Status: RUNNING
Status: RUNNING
Status: RUNNING
Status: RUNNING
Status: RUNNING
Status: RUNNING
Status: RUNNING
Status: RUNNING
Status: RUNNING
Status: RUNNING
Status: RUNNING
Status: RUNNING
Status: RUNNING
Status: RUNNING
Status: RUNNING
Status: RUNNING
Status: RUNNING
Status: RUNNING
Status: RUNNING
Status: RUNNING
Status: RUNNING
Status: RUNNING
Status: RUNNING
Status: RUNNING
Status: RUNNING
Status: RUNNING
Status: RUNNING
Status: COMPLETED
QMEANDisCo: 0.7830
Mutating chain A, position 68: HIS -> ILE
Submitted ./1UBQ_Results/1.pdb
Checking: https://swissmodel.expasy.org/qmean/jTnsAb.json
Status: QUEUEING
Status: QUEUEING
Status: QUEUEING
Status: QUEUEING
Status: QUEUEING
Status: QUEUEING
Status: QUEUEING
Status: RUNNING
Status: RUNNING
Status: RUNNING
Status: RUNNING
Status: RUNNING
Status: RUNNING
Status: RUNNING
Status: RUNNING
Status: RUNNING
Status: RUNNING
Status: RUNNING
Status: RUNNING
Status: RUNNING
Status: RUNNING
Status: RUNNING
Status: RUNNING
Status: RUNNING
Status: RUNNING
Status: RUNNING
Status: RUNNING
Status: RUNNING
Status: RUNNING
Status: RUNNING
Status: RUNNING
Status: RUNNING
Status: RUNNING
Status: RUNNING
Status: RUNNING
Status: RUNNING
Status: RUNNING
Status: RUNNING
Status: RUNNING
Status: RUNNING
Status: RUNNING
Status: RUNNING
Status: RUNNING
Status: RUNNING
Status: RUNNING
Status: RUNNING
Status: RUNNING
Status: RUNNING
Status: RUNNING
Status: RUNNING
Status: RUNNING
Status: RUNNING
Status: RUNNING
Status: RUNNING
Status: RUNNING
Status: RUNNING
Status: RUNNING
Status: RUNNING
Status: RUNNING
Status: RUNNING
Status: RUNNING
Status: RUNNING
Status: RUNNING
Status: RUNNING
Status: RUNNING
Status: RUNNING
Status: COMPLETED
QMEANDisCo: 0.7975
Mutating chain A, position 33: LYS -> THR
Submitted ./1UBQ_Results/1.pdb
Checking: https://swissmodel.expasy.org/qmean/AJ2TV5.json
Status: QUEUEING
Status: QUEUEING
Status: QUEUEING
Status: QUEUEING
Status: QUEUEING
Status: QUEUEING
Status: QUEUEING
Status: QUEUEING
Status: QUEUEING
Status: QUEUEING
Status: QUEUEING
Status: QUEUEING
Status: QUEUEING
Status: QUEUEING
Status: QUEUEING
Status: RUNNING
Status: RUNNING
Status: RUNNING
Status: RUNNING
Status: RUNNING
Status: RUNNING
Status: RUNNING
Status: RUNNING
Status: RUNNING
Status: RUNNING
Status: RUNNING
Status: RUNNING
Status: RUNNING
Status: RUNNING
Status: RUNNING
Status: RUNNING
Status: RUNNING
Status: RUNNING
Status: RUNNING
Status: RUNNING
Status: RUNNING
Status: RUNNING
Status: RUNNING
Status: RUNNING
Status: RUNNING
Status: RUNNING
Status: RUNNING
Status: RUNNING
Status: RUNNING
Status: RUNNING
Status: RUNNING
Status: RUNNING
Status: RUNNING
Status: RUNNING
Status: RUNNING
Status: RUNNING
Status: RUNNING
Status: RUNNING
Status: RUNNING
Status: RUNNING
Status: RUNNING
Status: RUNNING
Status: RUNNING
Status: RUNNING
Status: RUNNING
Status: RUNNING
Status: RUNNING
Status: RUNNING
Status: RUNNING
Status: RUNNING
Status: RUNNING
Status: COMPLETED
QMEANDisCo: 0.7979
Mutating chain A, position 65: SER -> ILE
Submitted ./1UBQ_Results/1.pdb
Checking: https://swissmodel.expasy.org/qmean/3dhN5C.json
Status: QUEUEING
Status: QUEUEING
Status: QUEUEING
Status: QUEUEING
Status: QUEUEING
Status: QUEUEING
Status: QUEUEING
Status: RUNNING
Status: RUNNING
Status: RUNNING
Status: RUNNING
Status: RUNNING
Status: RUNNING
Status: RUNNING
Status: RUNNING
Status: RUNNING
Status: RUNNING
Status: RUNNING
Status: RUNNING
Status: RUNNING
Status: RUNNING
Status: RUNNING
Status: RUNNING
Status: RUNNING
Status: RUNNING
Status: RUNNING
Status: RUNNING
Status: RUNNING
Status: RUNNING
Status: RUNNING
Status: RUNNING
Status: RUNNING
Status: RUNNING
Status: RUNNING
Status: RUNNING
Status: RUNNING
Status: RUNNING
Status: RUNNING
Status: RUNNING
Status: RUNNING
Status: RUNNING
Status: RUNNING
Status: RUNNING
Status: RUNNING
Status: RUNNING
Status: RUNNING
Status: RUNNING
Status: RUNNING
Status: RUNNING
Status: RUNNING
Status: RUNNING
Status: RUNNING
Status: RUNNING
Status: RUNNING
Status: RUNNING
Status: RUNNING
Status: RUNNING
Status: RUNNING
Status: RUNNING
Status: RUNNING
Status: RUNNING
Status: RUNNING
Status: RUNNING
Status: RUNNING
Status: RUNNING
Status: RUNNING
Status: RUNNING
Status: COMPLETED
QMEANDisCo: 0.7905
Mutating chain A, position 56: LEU -> GLU
Submitted ./1UBQ_Results/1.pdb
Checking: https://swissmodel.expasy.org/qmean/xMJT4S.json
Status: QUEUEING
Status: QUEUEING
Status: QUEUEING
Status: QUEUEING
Status: QUEUEING
Status: QUEUEING
Status: QUEUEING
Status: RUNNING
Status: RUNNING
Status: RUNNING
Status: RUNNING
Status: RUNNING
Status: RUNNING
Status: RUNNING
Status: RUNNING
Status: RUNNING
Status: RUNNING
Status: RUNNING
Status: RUNNING
Status: RUNNING
Status: RUNNING
Status: RUNNING
Status: RUNNING
Status: RUNNING
Status: RUNNING
Status: RUNNING
Status: RUNNING
Status: RUNNING
Status: RUNNING
Status: RUNNING
Status: RUNNING
Status: RUNNING
Status: RUNNING
Status: RUNNING
Status: RUNNING
Status: RUNNING
Status: RUNNING
Status: RUNNING
Status: RUNNING
Status: RUNNING
Status: RUNNING
Status: RUNNING
Status: RUNNING
Status: RUNNING
Status: RUNNING
Status: RUNNING
Status: RUNNING
Status: RUNNING
Status: RUNNING
Status: RUNNING
Status: RUNNING
Status: RUNNING
Status: RUNNING
Status: RUNNING
Status: RUNNING
Status: RUNNING
Status: RUNNING
Status: RUNNING
Status: RUNNING
Status: RUNNING
Status: RUNNING
Status: RUNNING
Status: RUNNING
Status: RUNNING
Status: RUNNING
Status: COMPLETED
QMEANDisCo: 0.8028
Mutating chain A, position 29: LYS -> PRO
Submitted ./1UBQ_Results/1.pdb
Checking: https://swissmodel.expasy.org/qmean/KcG2er.json
Status: QUEUEING
Status: QUEUEING
Status: QUEUEING
Status: QUEUEING
Status: QUEUEING
Status: QUEUEING
Status: QUEUEING
Status: RUNNING
Status: RUNNING
Status: RUNNING
Status: RUNNING
Status: RUNNING
Status: RUNNING
Status: RUNNING
Status: RUNNING
Status: RUNNING
Status: RUNNING
Status: RUNNING
Status: RUNNING
Status: RUNNING
Status: RUNNING
Status: RUNNING
Status: RUNNING
Status: RUNNING
Status: RUNNING
Status: RUNNING
Status: RUNNING
Status: RUNNING
Status: RUNNING
Status: RUNNING
Status: RUNNING
Status: RUNNING
Status: RUNNING
Status: RUNNING
Status: RUNNING
Status: RUNNING
Status: RUNNING
Status: RUNNING
Status: RUNNING
Status: RUNNING
Status: RUNNING
Status: RUNNING
Status: RUNNING
Status: RUNNING
Status: RUNNING
Status: RUNNING
Status: RUNNING
Status: RUNNING
Status: RUNNING
Status: RUNNING
Status: RUNNING
Status: RUNNING
Status: RUNNING
Status: RUNNING
Status: RUNNING
Status: RUNNING
Status: RUNNING
Status: RUNNING
Status: RUNNING
Status: RUNNING
Status: RUNNING
Status: RUNNING
Status: RUNNING
Status: RUNNING
Status: RUNNING
Status: COMPLETED
QMEANDisCo: 0.7959
Mutating chain A, position 44: ILE -> LYS
Submitted ./1UBQ_Results/1.pdb
Checking: https://swissmodel.expasy.org/qmean/pBPXtW.json
Status: QUEUEING
Status: QUEUEING
Status: QUEUEING
Status: QUEUEING
Status: QUEUEING
Status: QUEUEING
Status: QUEUEING
Status: RUNNING
Status: RUNNING
Status: RUNNING
Status: RUNNING
Status: RUNNING
Status: RUNNING
Status: RUNNING
Status: RUNNING
Status: RUNNING
Status: RUNNING
Status: RUNNING
Status: RUNNING
Status: RUNNING
Status: RUNNING
Status: RUNNING
Status: RUNNING
Status: RUNNING
Status: RUNNING
Status: RUNNING
Status: RUNNING
Status: RUNNING
Status: RUNNING
Status: RUNNING
Status: RUNNING
Status: RUNNING
Status: RUNNING
Status: RUNNING
Status: RUNNING
Status: RUNNING
Status: RUNNING
Status: RUNNING
Status: RUNNING
Status: RUNNING
Status: RUNNING
Status: RUNNING
Status: RUNNING
Status: RUNNING
Status: RUNNING
Status: RUNNING
Status: RUNNING
Status: RUNNING
Status: RUNNING
Status: RUNNING
Status: RUNNING
Status: RUNNING
Status: RUNNING
Status: RUNNING
Status: RUNNING
Status: RUNNING
Status: RUNNING
Status: RUNNING
Status: RUNNING
Status: RUNNING
Status: RUNNING
Status: RUNNING
Status: RUNNING
Status: RUNNING
Status: RUNNING
Status: COMPLETED
QMEANDisCo: 0.7910
Mutating chain A, position 4: PHE -> SER
Submitted ./1UBQ_Results/1.pdb
Checking: https://swissmodel.expasy.org/qmean/PqeTFK.json
Status: QUEUEING
Status: QUEUEING
Status: QUEUEING
Status: QUEUEING
Status: QUEUEING
Status: QUEUEING
Status: QUEUEING
Status: RUNNING
Status: RUNNING
Status: RUNNING
Status: RUNNING
Status: RUNNING
Status: RUNNING
Status: RUNNING
Status: RUNNING
Status: RUNNING
Status: RUNNING
Status: RUNNING
Status: RUNNING
Status: RUNNING
Status: RUNNING
Status: RUNNING
Status: RUNNING
Status: RUNNING
Status: RUNNING
Status: RUNNING
Status: RUNNING
Status: RUNNING
Status: RUNNING
Status: RUNNING
Status: RUNNING
Status: RUNNING
Status: RUNNING
Status: RUNNING
Status: RUNNING
Status: RUNNING
Status: RUNNING
Status: RUNNING
Status: RUNNING
Status: RUNNING
Status: RUNNING
Status: RUNNING
Status: RUNNING
Status: RUNNING
Status: RUNNING
Status: RUNNING
Status: RUNNING
Status: RUNNING
Status: RUNNING
Status: RUNNING
Status: RUNNING
Status: RUNNING
Status: RUNNING
Status: RUNNING
Status: RUNNING
Status: RUNNING
Status: RUNNING
Status: RUNNING
Status: RUNNING
Status: COMPLETED
QMEANDisCo: 0.7933
Mutating chain A, position 5: VAL -> GLN
Submitted ./1UBQ_Results/1.pdb
Checking: https://swissmodel.expasy.org/qmean/TrZVbL.json
Status: QUEUEING
Status: QUEUEING
Status: QUEUEING
Status: QUEUEING
Status: QUEUEING
Status: QUEUEING
Status: QUEUEING
Status: RUNNING
Status: RUNNING
Status: RUNNING
Status: RUNNING
Status: RUNNING
Status: RUNNING
Status: RUNNING
Status: RUNNING
Status: RUNNING
Status: RUNNING
Status: RUNNING
Status: RUNNING
Status: RUNNING
Status: RUNNING
Status: RUNNING
Status: RUNNING
Status: RUNNING
Status: RUNNING
Status: RUNNING
Status: RUNNING
Status: RUNNING
Status: RUNNING
Status: RUNNING
Status: RUNNING
Status: RUNNING
Status: RUNNING
Status: RUNNING
Status: RUNNING
Status: RUNNING
Status: RUNNING
Status: RUNNING
Status: RUNNING
Status: RUNNING
Status: RUNNING
Status: RUNNING
Status: RUNNING
Status: RUNNING
Status: RUNNING
Status: RUNNING
Status: RUNNING
Status: RUNNING
Status: RUNNING
Status: RUNNING
Status: RUNNING
Status: RUNNING
Status: RUNNING
Status: RUNNING
Status: RUNNING
Status: RUNNING
Status: RUNNING
Status: RUNNING
Status: RUNNING
Status: RUNNING
Status: RUNNING
Status: RUNNING
Status: RUNNING
Status: RUNNING
Status: RUNNING
Status: RUNNING
Status: RUNNING
Status: COMPLETED
QMEANDisCo: 0.7926
Mutating chain A, position 39: ASP -> TYR
Submitted ./1UBQ_Results/1.pdb
Checking: https://swissmodel.expasy.org/qmean/UAuvhM.json
Status: QUEUEING
Status: QUEUEING
Status: QUEUEING
Status: QUEUEING
Status: QUEUEING
Status: QUEUEING
Status: QUEUEING
Status: RUNNING
Status: RUNNING
Status: RUNNING
Status: RUNNING
Status: RUNNING
Status: RUNNING
Status: RUNNING
Status: RUNNING
Status: RUNNING
Status: RUNNING
Status: RUNNING
Status: RUNNING
Status: RUNNING
Status: RUNNING
Status: RUNNING
Status: RUNNING
Status: RUNNING
Status: RUNNING
Status: RUNNING
Status: RUNNING
Status: RUNNING
Status: RUNNING
Status: RUNNING
Status: RUNNING
Status: RUNNING
Status: RUNNING
Status: RUNNING
Status: RUNNING
Status: RUNNING
Status: RUNNING
Status: RUNNING
Status: RUNNING
Status: RUNNING
Status: RUNNING
Status: RUNNING
Status: RUNNING
Status: RUNNING
Status: RUNNING
Status: RUNNING
Status: RUNNING
Status: RUNNING
Status: RUNNING
Status: RUNNING
Status: RUNNING
Status: RUNNING
Status: RUNNING
Status: RUNNING
Status: RUNNING
Status: RUNNING
Status: RUNNING
Status: RUNNING
Status: RUNNING
Status: RUNNING
Status: RUNNING
Status: RUNNING
Status: RUNNING
Status: RUNNING
Status: RUNNING
Status: COMPLETED
QMEANDisCo: 0.7969
Mutating chain A, position 14: THR -> PHE
Submitted ./1UBQ_Results/1.pdb
Checking: https://swissmodel.expasy.org/qmean/BJTdHJ.json
Status: QUEUEING
Status: QUEUEING
Status: QUEUEING
Status: QUEUEING
Status: QUEUEING
Status: QUEUEING
Status: QUEUEING
Status: RUNNING
Status: RUNNING
Status: RUNNING
Status: RUNNING
Status: RUNNING
Status: RUNNING
Status: RUNNING
Status: RUNNING
Status: RUNNING
Status: RUNNING
Status: RUNNING
Status: RUNNING
Status: RUNNING
Status: RUNNING
Status: RUNNING
Status: RUNNING
Status: RUNNING
Status: RUNNING
Status: RUNNING
Status: RUNNING
Status: RUNNING
Status: RUNNING
Status: RUNNING
Status: RUNNING
Status: RUNNING
Status: RUNNING
Status: RUNNING
Status: RUNNING
Status: RUNNING
Status: RUNNING
Status: COMPLETED
QMEANDisCo: 0.7929
Mutating chain A, position 62: GLN -> PRO
Submitted ./1UBQ_Results/1.pdb
Checking: https://swissmodel.expasy.org/qmean/64umjc.json
Status: QUEUEING
Status: QUEUEING
Status: QUEUEING
Status: QUEUEING
Status: QUEUEING
Status: QUEUEING
Status: QUEUEING
Status: RUNNING
Status: RUNNING
Status: RUNNING
Status: RUNNING
Status: RUNNING
Status: RUNNING
Status: RUNNING
Status: RUNNING
Status: RUNNING
Status: RUNNING
Status: RUNNING
Status: RUNNING
Status: RUNNING
Status: RUNNING
Status: RUNNING
Status: RUNNING
Status: RUNNING
Status: RUNNING
Status: RUNNING
Status: RUNNING
Status: RUNNING
Status: RUNNING
Status: RUNNING
Status: RUNNING
Status: RUNNING
Status: RUNNING
Status: RUNNING
Status: RUNNING
Status: RUNNING
Status: RUNNING
Status: RUNNING
Status: RUNNING
Status: RUNNING
Status: RUNNING
Status: RUNNING
Status: RUNNING
Status: RUNNING
Status: RUNNING
Status: RUNNING
Status: RUNNING
Status: RUNNING
Status: RUNNING
Status: RUNNING
Status: RUNNING
Status: RUNNING
Status: RUNNING
Status: RUNNING
Status: RUNNING
Status: RUNNING
Status: RUNNING
Status: RUNNING
Status: RUNNING
Status: RUNNING
Status: RUNNING
Status: RUNNING
Status: RUNNING
Status: RUNNING
Status: RUNNING
Status: RUNNING
Status: COMPLETED
QMEANDisCo: 0.7970
Mutating chain A, position 59: TYR -> ARG
Submitted ./1UBQ_Results/1.pdb
Checking: https://swissmodel.expasy.org/qmean/ALFPTK.json
Status: QUEUEING
Status: QUEUEING
Status: QUEUEING
Status: QUEUEING
Status: QUEUEING
Status: QUEUEING
Status: QUEUEING
Status: RUNNING
Status: RUNNING
Status: RUNNING
Status: RUNNING
Status: RUNNING
Status: RUNNING
Status: RUNNING
Status: RUNNING
Status: RUNNING
Status: RUNNING
Status: RUNNING
Status: RUNNING
Status: RUNNING
Status: RUNNING
Status: RUNNING
Status: RUNNING
Status: RUNNING
Status: RUNNING
Status: RUNNING
Status: RUNNING
Status: RUNNING
Status: RUNNING
Status: RUNNING
Status: RUNNING
Status: RUNNING
Status: RUNNING
Status: RUNNING
Status: RUNNING
Status: RUNNING
Status: RUNNING
Status: RUNNING
Status: RUNNING
Status: RUNNING
Status: RUNNING
Status: RUNNING
Status: RUNNING
Status: RUNNING
Status: RUNNING
Status: RUNNING
Status: RUNNING
Status: RUNNING
Status: RUNNING
Status: RUNNING
Status: RUNNING
Status: RUNNING
Status: RUNNING
Status: RUNNING
Status: RUNNING
Status: RUNNING
Status: RUNNING
Status: RUNNING
Status: RUNNING
Status: RUNNING
Status: RUNNING
Status: RUNNING
Status: RUNNING
Status: RUNNING
Status: RUNNING
Status: RUNNING
Status: COMPLETED
QMEANDisCo: 0.7958
Mutating chain A, position 51: GLU -> MET
Submitted ./1UBQ_Results/1.pdb
Checking: https://swissmodel.expasy.org/qmean/9fEWKQ.json
Status: QUEUEING
Status: QUEUEING
Status: QUEUEING
Status: QUEUEING
Status: QUEUEING
Status: QUEUEING
Status: QUEUEING
Status: RUNNING
Status: RUNNING
Status: RUNNING
Status: RUNNING
Status: RUNNING
Status: RUNNING
Status: RUNNING
Status: RUNNING
Status: RUNNING
Status: RUNNING
Status: RUNNING
Status: RUNNING
Status: RUNNING
Status: RUNNING
Status: RUNNING
Status: RUNNING
Status: RUNNING
Status: RUNNING
Status: RUNNING
Status: RUNNING
Status: RUNNING
Status: RUNNING
Status: RUNNING
Status: RUNNING
Status: RUNNING
Status: RUNNING
Status: RUNNING
Status: RUNNING
Status: RUNNING
Status: RUNNING
Status: RUNNING
Status: RUNNING
Status: RUNNING
Status: RUNNING
Status: RUNNING
Status: RUNNING
Status: RUNNING
Status: RUNNING
Status: RUNNING
Status: RUNNING
Status: RUNNING
Status: RUNNING
Status: RUNNING
Status: RUNNING
Status: RUNNING
Status: RUNNING
Status: RUNNING
Status: RUNNING
Status: RUNNING
Status: RUNNING
Status: RUNNING
Status: RUNNING
Status: RUNNING
Status: RUNNING
Status: RUNNING
Status: RUNNING
Status: RUNNING
Status: RUNNING
Status: RUNNING
Status: COMPLETED
QMEANDisCo: 0.8011
Mutating chain A, position 75: GLY -> ASN
Submitted ./1UBQ_Results/1.pdb
Checking: https://swissmodel.expasy.org/qmean/Dv99h5.json
Status: QUEUEING
Status: QUEUEING
Status: QUEUEING
Status: QUEUEING
Status: QUEUEING
Status: QUEUEING
Status: QUEUEING
Status: QUEUEING
Status: RUNNING
Status: RUNNING
Status: RUNNING
Status: RUNNING
Status: RUNNING
Status: RUNNING
Status: RUNNING
Status: RUNNING
Status: RUNNING
Status: RUNNING
Status: RUNNING
Status: RUNNING
Status: RUNNING
Status: RUNNING
Status: RUNNING
Status: RUNNING
Status: RUNNING
Status: RUNNING
Status: RUNNING
Status: RUNNING
Status: RUNNING
Status: RUNNING
Status: RUNNING
Status: RUNNING
Status: RUNNING
Status: RUNNING
Status: RUNNING
Status: RUNNING
Status: RUNNING
Status: RUNNING
Status: RUNNING
Status: RUNNING
Status: RUNNING
Status: RUNNING
Status: RUNNING
Status: RUNNING
Status: RUNNING
Status: RUNNING
Status: RUNNING
Status: RUNNING
Status: RUNNING
Status: RUNNING
Status: RUNNING
Status: RUNNING
Status: RUNNING
Status: RUNNING
Status: RUNNING
Status: RUNNING
Status: RUNNING
Status: RUNNING
Status: RUNNING
Status: RUNNING
Status: RUNNING
Status: RUNNING
Status: RUNNING
Status: RUNNING
Status: RUNNING
Status: RUNNING
Status: COMPLETED
QMEANDisCo: 0.8029
Mutating chain A, position 16: GLU -> TRP
Submitted ./1UBQ_Results/1.pdb
Checking: https://swissmodel.expasy.org/qmean/amqNwT.json
Status: QUEUEING
Status: QUEUEING
Status: QUEUEING
Status: QUEUEING
Status: QUEUEING
Status: QUEUEING
Status: QUEUEING
Status: QUEUEING
Status: RUNNING
Status: RUNNING
Status: RUNNING
Status: RUNNING
Status: RUNNING
Status: RUNNING
Status: RUNNING
Status: RUNNING
Status: RUNNING
Status: RUNNING
Status: RUNNING
Status: RUNNING
Status: RUNNING
Status: RUNNING
Status: RUNNING
Status: RUNNING
Status: RUNNING
Status: RUNNING
Status: RUNNING
Status: RUNNING
Status: RUNNING
Status: RUNNING
Status: RUNNING
Status: RUNNING
Status: RUNNING
Status: RUNNING
Status: RUNNING
Status: RUNNING
Status: RUNNING
Status: RUNNING
Status: RUNNING
Status: RUNNING
Status: RUNNING
Status: RUNNING
Status: RUNNING
Status: RUNNING
Status: RUNNING
Status: RUNNING
Status: RUNNING
Status: RUNNING
Status: RUNNING
Status: RUNNING
Status: RUNNING
Status: RUNNING
Status: RUNNING
Status: RUNNING
Status: RUNNING
Status: RUNNING
Status: RUNNING
Status: RUNNING
Status: RUNNING
Status: RUNNING
Status: RUNNING
Status: RUNNING
Status: RUNNING
Status: RUNNING
Status: RUNNING
Status: RUNNING
Status: RUNNING
Status: COMPLETED
QMEANDisCo: 0.7950
Mutating chain A, position 1: MET -> CYS
Submitted ./1UBQ_Results/1.pdb
Checking: https://swissmodel.expasy.org/qmean/RArXmm.json
Status: QUEUEING
Status: QUEUEING
Status: QUEUEING
Status: QUEUEING
Status: QUEUEING
Status: QUEUEING
Status: QUEUEING
Status: QUEUEING
Status: RUNNING
Status: RUNNING
Status: RUNNING
Status: RUNNING
Status: RUNNING
Status: RUNNING
Status: RUNNING
Status: RUNNING
Status: RUNNING
Status: RUNNING
Status: RUNNING
Status: RUNNING
Status: RUNNING
Status: RUNNING
Status: RUNNING
Status: RUNNING
Status: RUNNING
Status: RUNNING
Status: RUNNING
Status: RUNNING
Status: RUNNING
Status: RUNNING
Status: RUNNING
Status: RUNNING
Status: RUNNING
Status: RUNNING
Status: RUNNING
Status: RUNNING
Status: RUNNING
Status: RUNNING
Status: RUNNING
Status: RUNNING
Status: RUNNING
Status: RUNNING
Status: RUNNING
Status: RUNNING
Status: RUNNING
Status: RUNNING
Status: RUNNING
Status: RUNNING
Status: RUNNING
Status: RUNNING
Status: RUNNING
Status: RUNNING
Status: RUNNING
Status: RUNNING
Status: RUNNING
Status: RUNNING
Status: RUNNING
Status: RUNNING
Status: RUNNING
Status: RUNNING
Status: RUNNING
Status: RUNNING
Network error: HTTPSConnectionPool(host='swissmodel.expasy.org', port=443): Max retries exceeded with url: /qmean/RArXmm.json (Caused by ConnectTimeoutError(<urllib3.connection.HTTPSConnection object at 0x7fc68dd47390>, 'Connection to swissmodel.expasy.org timed out. (connect timeout=30)'))
Retrying in 10 seconds...
Status: COMPLETED
QMEANDisCo: 0.7960
Mutating chain A, position 16: GLU -> ASN
Submitted ./1UBQ_Results/1.pdb
Checking: https://swissmodel.expasy.org/qmean/jSL9u6.json
Status: QUEUEING
Status: QUEUEING
Status: QUEUEING
Status: QUEUEING
Status: QUEUEING
Status: QUEUEING
Status: QUEUEING
Status: RUNNING
Status: RUNNING
Status: RUNNING
Status: RUNNING
Status: RUNNING
Status: RUNNING
Status: RUNNING
Status: RUNNING
Status: RUNNING
Status: RUNNING
Status: RUNNING
Status: RUNNING
Status: RUNNING
Status: RUNNING
Status: RUNNING
Status: RUNNING
Status: RUNNING
Status: RUNNING
Status: RUNNING
Status: RUNNING
Status: RUNNING
Status: RUNNING
Status: RUNNING
Status: RUNNING
Status: RUNNING
Status: RUNNING
Status: RUNNING
Status: RUNNING
Status: RUNNING
Status: RUNNING
Status: RUNNING
Status: RUNNING
Status: RUNNING
Status: RUNNING
Status: RUNNING
Status: RUNNING
Status: RUNNING
Status: RUNNING
Status: RUNNING
Status: RUNNING
Status: RUNNING
Status: RUNNING
Status: RUNNING
Status: RUNNING
Status: RUNNING
Status: RUNNING
Status: RUNNING
Status: RUNNING
Status: RUNNING
Status: RUNNING
Status: RUNNING
Status: RUNNING
Status: RUNNING
Status: RUNNING
Status: RUNNING
Status: RUNNING
Status: RUNNING
Status: RUNNING
Status: RUNNING
Status: COMPLETED
QMEANDisCo: 0.7925
Mutating chain A, position 76: GLY -> VAL
Submitted ./1UBQ_Results/1.pdb
Checking: https://swissmodel.expasy.org/qmean/RB4nzy.json
Status: QUEUEING
Status: QUEUEING
Status: QUEUEING
Status: QUEUEING
Status: QUEUEING
Status: QUEUEING
Status: QUEUEING
Status: RUNNING
Status: RUNNING
Status: RUNNING
Status: RUNNING
Status: RUNNING
Status: RUNNING
Status: RUNNING
Status: RUNNING
Status: RUNNING
Status: RUNNING
Status: RUNNING
Status: RUNNING
Status: RUNNING
Status: RUNNING
Status: RUNNING
Status: RUNNING
Status: RUNNING
Status: RUNNING
Status: RUNNING
Status: RUNNING
Status: RUNNING
Status: RUNNING
Status: RUNNING
Status: RUNNING
Status: RUNNING
Status: RUNNING
Status: RUNNING
Status: RUNNING
Status: RUNNING
Status: RUNNING
Status: RUNNING
Status: RUNNING
Status: RUNNING
Status: RUNNING
Status: RUNNING
Status: RUNNING
Status: RUNNING
Status: RUNNING
Status: RUNNING
Status: RUNNING
Status: RUNNING
Status: RUNNING
Status: RUNNING
Status: RUNNING
Status: RUNNING
Status: RUNNING
Status: RUNNING
Status: RUNNING
Status: RUNNING
Status: RUNNING
Status: RUNNING
Status: RUNNING
Status: RUNNING
Status: RUNNING
Status: RUNNING
Status: RUNNING
Status: RUNNING
Status: RUNNING
Status: COMPLETED
QMEANDisCo: 0.8076
Mutating chain A, position 12: THR -> ASN
Submitted ./1UBQ_Results/1.pdb
Checking: https://swissmodel.expasy.org/qmean/saLbdb.json
Status: QUEUEING
Status: QUEUEING
Status: QUEUEING
Status: QUEUEING
Status: QUEUEING
Status: QUEUEING
Status: QUEUEING
Status: RUNNING
Status: RUNNING
Status: RUNNING
Status: RUNNING
Status: RUNNING
Status: RUNNING
Status: RUNNING
Status: RUNNING
Status: RUNNING
Status: RUNNING
Status: RUNNING
Status: RUNNING
Status: RUNNING
Status: RUNNING
Status: RUNNING
Status: RUNNING
Status: RUNNING
Status: RUNNING
Status: RUNNING
Status: RUNNING
Status: RUNNING
Status: RUNNING
Status: RUNNING
Status: RUNNING
Status: RUNNING
Status: RUNNING
Status: RUNNING
Status: RUNNING
Status: RUNNING
Status: RUNNING
Status: RUNNING
Status: RUNNING
Status: RUNNING
Status: RUNNING
Status: RUNNING
Status: RUNNING
Status: RUNNING
Status: RUNNING
Status: RUNNING
Status: RUNNING
Status: RUNNING
Status: RUNNING
Status: RUNNING
Status: RUNNING
Status: RUNNING
Status: RUNNING
Status: RUNNING
Status: RUNNING
Status: RUNNING
Status: RUNNING
Status: RUNNING
Status: RUNNING
Status: RUNNING
Status: RUNNING
Status: RUNNING
Status: RUNNING
Status: RUNNING
Status: RUNNING
Status: COMPLETED
QMEANDisCo: 0.7944
Mutating chain A, position 14: THR -> PHE
Submitted ./1UBQ_Results/1.pdb
Checking: https://swissmodel.expasy.org/qmean/jqp79P.json
Status: QUEUEING
Status: QUEUEING
Status: QUEUEING
Status: QUEUEING
Status: QUEUEING
Status: QUEUEING
Status: QUEUEING
Status: QUEUEING
Status: QUEUEING
Status: QUEUEING
Status: QUEUEING
Status: QUEUEING
Status: QUEUEING
Status: QUEUEING
Status: QUEUEING
Status: RUNNING
Status: RUNNING
Status: RUNNING
Status: RUNNING
Status: RUNNING
Status: RUNNING
Status: RUNNING
Status: RUNNING
Status: RUNNING
Status: RUNNING
Status: RUNNING
Status: RUNNING
Status: RUNNING
Status: RUNNING
Status: RUNNING
Status: RUNNING
Status: RUNNING
Status: RUNNING
Status: RUNNING
Status: RUNNING
Status: RUNNING
Status: RUNNING
Status: COMPLETED
QMEANDisCo: 0.7929
Mutating chain A, position 3: ILE -> LEU
Submitted ./1UBQ_Results/1.pdb
Checking: https://swissmodel.expasy.org/qmean/YZL4eJ.json
Status: QUEUEING
Status: QUEUEING
Status: QUEUEING
Status: QUEUEING
Status: QUEUEING
Status: QUEUEING
Status: QUEUEING
Status: RUNNING
Status: RUNNING
Status: RUNNING
Status: RUNNING
Status: RUNNING
Status: RUNNING
Status: RUNNING
Status: RUNNING
Status: RUNNING
Status: RUNNING
Status: RUNNING
Status: RUNNING
Status: RUNNING
Status: RUNNING
Status: RUNNING
Status: RUNNING
Status: RUNNING
Status: RUNNING
Status: RUNNING
Status: RUNNING
Status: RUNNING
Status: RUNNING
Status: RUNNING
Status: RUNNING
Status: RUNNING
Status: RUNNING
Status: RUNNING
Status: RUNNING
Status: RUNNING
Status: RUNNING
Status: COMPLETED
QMEANDisCo: 0.8005
Mutating chain A, position 53: GLY -> LEU
Submitted ./1UBQ_Results/1.pdb
Checking: https://swissmodel.expasy.org/qmean/wAjBEd.json
Status: QUEUEING
Status: QUEUEING
Status: QUEUEING
Status: QUEUEING
Status: QUEUEING
Status: QUEUEING
Status: QUEUEING
Status: RUNNING
Status: RUNNING
Status: RUNNING
Status: RUNNING
Status: RUNNING
Status: RUNNING
Status: RUNNING
Status: RUNNING
Status: RUNNING
Status: RUNNING
Status: RUNNING
Status: RUNNING
Status: RUNNING
Status: RUNNING
Status: RUNNING
Status: RUNNING
Status: RUNNING
Status: RUNNING
Status: RUNNING
Status: RUNNING
Status: RUNNING
Status: RUNNING
Status: RUNNING
Status: RUNNING
Status: RUNNING
Status: RUNNING
Status: RUNNING
Status: RUNNING
Status: RUNNING
Status: RUNNING
Status: RUNNING
Status: RUNNING
Status: RUNNING
Status: RUNNING
Status: RUNNING
Status: RUNNING
Status: RUNNING
Status: RUNNING
Status: RUNNING
Status: RUNNING
Status: RUNNING
Status: RUNNING
Status: RUNNING
Status: RUNNING
Status: RUNNING
Status: RUNNING
Status: RUNNING
Status: RUNNING
Status: RUNNING
Status: RUNNING
Status: RUNNING
Status: RUNNING
Status: RUNNING
Status: RUNNING
Status: RUNNING
Status: RUNNING
Status: RUNNING
Status: RUNNING
Status: RUNNING
Status: COMPLETED
QMEANDisCo: 0.7885
Mutating chain A, position 18: GLU -> ASN
Submitted ./1UBQ_Results/1.pdb
Checking: https://swissmodel.expasy.org/qmean/t9TTuy.json
Status: QUEUEING
Status: QUEUEING
Status: QUEUEING
Status: QUEUEING
Status: QUEUEING
Status: QUEUEING
Status: QUEUEING
Status: RUNNING
Status: RUNNING
Status: RUNNING
Status: RUNNING
Status: RUNNING
Status: RUNNING
Status: RUNNING
Status: RUNNING
Status: RUNNING
Status: RUNNING
Status: RUNNING
Status: RUNNING
Status: RUNNING
Status: RUNNING
Status: RUNNING
Status: RUNNING
Status: RUNNING
Status: RUNNING
Status: RUNNING
Status: RUNNING
Status: RUNNING
Status: RUNNING
Status: RUNNING
Status: RUNNING
Status: RUNNING
Status: RUNNING
Status: RUNNING
Status: RUNNING
Status: RUNNING
Status: RUNNING
Status: RUNNING
Status: RUNNING
Status: RUNNING
Status: RUNNING
Status: RUNNING
Status: RUNNING
Status: RUNNING
Status: RUNNING
Status: RUNNING
Status: RUNNING
Status: RUNNING
Status: RUNNING
Status: RUNNING
Status: RUNNING
Status: RUNNING
Status: RUNNING
Status: RUNNING
Status: RUNNING
Status: RUNNING
Status: RUNNING
Status: RUNNING
Status: RUNNING
Status: RUNNING
Status: RUNNING
Status: RUNNING
Status: RUNNING
Status: RUNNING
Status: RUNNING
Status: COMPLETED
QMEANDisCo: 0.7951
Mutating chain A, position 62: GLN -> THR
Submitted ./1UBQ_Results/1.pdb
Checking: https://swissmodel.expasy.org/qmean/zx8Hrk.json
Status: QUEUEING
Status: QUEUEING
Status: QUEUEING
Status: QUEUEING
Status: QUEUEING
Status: QUEUEING
Status: QUEUEING
Status: QUEUEING
Status: RUNNING
Status: RUNNING
Status: RUNNING
Status: RUNNING
Status: RUNNING
Status: RUNNING
Status: RUNNING
Status: RUNNING
Status: RUNNING
Status: RUNNING
Status: RUNNING
Status: RUNNING
Status: RUNNING
Status: RUNNING
Status: RUNNING
Status: RUNNING
Status: RUNNING
Status: RUNNING
Status: RUNNING
Status: RUNNING
Status: RUNNING
Status: RUNNING
Status: RUNNING
Status: RUNNING
Status: RUNNING
Status: RUNNING
Status: RUNNING
Status: RUNNING
Status: RUNNING
Status: COMPLETED
QMEANDisCo: 0.7970
Mutating chain A, position 51: GLU -> PHE
Submitted ./1UBQ_Results/1.pdb
Checking: https://swissmodel.expasy.org/qmean/bDgGPC.json
Status: QUEUEING
Status: QUEUEING
Status: QUEUEING
Status: QUEUEING
Status: QUEUEING
Status: QUEUEING
Status: QUEUEING
Status: QUEUEING
Status: RUNNING
Status: RUNNING
Status: RUNNING
Status: RUNNING
Status: RUNNING
Status: RUNNING
Status: RUNNING
Status: RUNNING
Status: RUNNING
Status: RUNNING
Status: RUNNING
Status: RUNNING
Status: RUNNING
Status: RUNNING
Status: RUNNING
Status: RUNNING
Status: RUNNING
Status: RUNNING
Status: RUNNING
Status: RUNNING
Status: RUNNING
Status: RUNNING
Status: RUNNING
Status: RUNNING
Status: RUNNING
Status: RUNNING
Status: RUNNING
Status: RUNNING
Status: RUNNING
Status: RUNNING
Status: RUNNING
Status: RUNNING
Status: RUNNING
Status: RUNNING
Status: RUNNING
Status: RUNNING
Status: RUNNING
Status: RUNNING
Status: RUNNING
Status: RUNNING
Status: RUNNING
Status: RUNNING
Status: RUNNING
Status: RUNNING
Status: RUNNING
Status: RUNNING
Status: RUNNING
Status: RUNNING
Status: RUNNING
Status: RUNNING
Status: RUNNING
Status: RUNNING
Status: RUNNING
Status: RUNNING
Status: RUNNING
Status: RUNNING
Status: RUNNING
Status: RUNNING
Status: RUNNING
Status: COMPLETED
QMEANDisCo: 0.8026
Mutating chain A, position 16: GLU -> PRO
Submitted ./1UBQ_Results/1.pdb
Checking: https://swissmodel.expasy.org/qmean/KrMjVW.json
Status: QUEUEING
Status: QUEUEING
Status: QUEUEING
Status: QUEUEING
Status: QUEUEING
Status: QUEUEING
Status: QUEUEING
Status: RUNNING
Status: RUNNING
Status: RUNNING
Status: RUNNING
Status: RUNNING
Status: RUNNING
Status: RUNNING
Status: RUNNING
Status: RUNNING
Status: RUNNING
Status: RUNNING
Status: RUNNING
Status: RUNNING
Status: RUNNING
Status: RUNNING
Status: RUNNING
Status: RUNNING
Status: RUNNING
Status: RUNNING
Status: RUNNING
Status: RUNNING
Status: RUNNING
Status: RUNNING
Status: RUNNING
Status: RUNNING
Status: RUNNING
Status: RUNNING
Status: RUNNING
Status: RUNNING
Status: RUNNING
Status: RUNNING
Status: RUNNING
Status: RUNNING
Status: RUNNING
Status: RUNNING
Status: RUNNING
Status: RUNNING
Status: RUNNING
Status: RUNNING
Status: RUNNING
Status: RUNNING
Status: RUNNING
Status: RUNNING
Status: RUNNING
Status: RUNNING
Status: RUNNING
Status: RUNNING
Status: RUNNING
Status: RUNNING
Status: RUNNING
Status: RUNNING
Status: COMPLETED
QMEANDisCo: 0.7885
Mutating chain A, position 34: GLU -> HIS
Submitted ./1UBQ_Results/1.pdb
Checking: https://swissmodel.expasy.org/qmean/EZqsdr.json
Status: QUEUEING
Status: QUEUEING
Status: QUEUEING
Status: QUEUEING
Status: QUEUEING
Status: QUEUEING
Status: QUEUEING
Status: RUNNING
Status: RUNNING
Status: RUNNING
Status: RUNNING
Status: RUNNING
Status: RUNNING
Status: RUNNING
Status: RUNNING
Status: RUNNING
Status: RUNNING
Status: RUNNING
Status: RUNNING
Status: RUNNING
Status: RUNNING
Status: RUNNING
Status: RUNNING
Status: RUNNING
Status: RUNNING
Status: RUNNING
Status: RUNNING
Status: RUNNING
Status: RUNNING
Status: RUNNING
Status: RUNNING
Status: RUNNING
Status: RUNNING
Status: RUNNING
Status: RUNNING
Status: RUNNING
Status: RUNNING
Status: RUNNING
Status: RUNNING
Status: RUNNING
Status: RUNNING
Status: RUNNING
Status: RUNNING
Status: RUNNING
Status: RUNNING
Status: RUNNING
Status: RUNNING
Status: RUNNING
Status: RUNNING
Status: RUNNING
Status: RUNNING
Status: RUNNING
Status: RUNNING
Status: RUNNING
Status: RUNNING
Status: RUNNING
Status: RUNNING
Status: RUNNING
Status: RUNNING
Status: RUNNING
Status: RUNNING
Status: RUNNING
Status: RUNNING
Status: RUNNING
Status: RUNNING
Status: RUNNING
Status: COMPLETED
QMEANDisCo: 0.7949
Mutating chain A, position 60: ASN -> GLY
Submitted ./1UBQ_Results/1.pdb
Checking: https://swissmodel.expasy.org/qmean/ZQkR9h.json
Status: QUEUEING
Status: QUEUEING
Status: QUEUEING
Status: QUEUEING
Status: QUEUEING
Status: QUEUEING
Status: QUEUEING
Status: RUNNING
Status: RUNNING
Status: RUNNING
Status: RUNNING
Status: RUNNING
Status: RUNNING
Status: RUNNING
Status: RUNNING
Status: RUNNING
Status: RUNNING
Status: RUNNING
Status: RUNNING
Status: RUNNING
Status: RUNNING
Status: RUNNING
Status: RUNNING
Status: RUNNING
Status: RUNNING
Status: RUNNING
Status: RUNNING
Status: RUNNING
Status: RUNNING
Status: RUNNING
Status: RUNNING
Status: RUNNING
Status: RUNNING
Status: RUNNING
Status: RUNNING
Status: RUNNING
Status: RUNNING
Status: COMPLETED
QMEANDisCo: 0.7963
Mutating chain A, position 27: LYS -> HIS
Submitted ./1UBQ_Results/1.pdb
Checking: https://swissmodel.expasy.org/qmean/9G6evU.json
Status: QUEUEING
Status: QUEUEING
Status: QUEUEING
Status: QUEUEING
Status: QUEUEING
Status: QUEUEING
Status: QUEUEING
Status: RUNNING
Status: RUNNING
Status: RUNNING
Status: RUNNING
Status: RUNNING
Status: RUNNING
Status: RUNNING
Status: RUNNING
Status: RUNNING
Status: RUNNING
Status: RUNNING
Status: RUNNING
Status: RUNNING
Status: RUNNING
Status: RUNNING
Status: RUNNING
Status: RUNNING
Status: RUNNING
Status: RUNNING
Status: RUNNING
Status: RUNNING
Status: RUNNING
Status: RUNNING
Status: RUNNING
Status: RUNNING
Status: RUNNING
Status: RUNNING
Status: RUNNING
Status: RUNNING
Status: RUNNING
Status: RUNNING
Status: RUNNING
Status: RUNNING
Status: RUNNING
Status: RUNNING
Status: RUNNING
Status: RUNNING
Status: RUNNING
Status: RUNNING
Status: RUNNING
Status: RUNNING
Status: RUNNING
Status: RUNNING
Status: RUNNING
Status: RUNNING
Status: RUNNING
Status: RUNNING
Status: RUNNING
Status: RUNNING
Status: RUNNING
Status: RUNNING
Status: RUNNING
Status: COMPLETED
QMEANDisCo: 0.7903
Mutating chain A, position 27: LYS -> SER
Submitted ./1UBQ_Results/1.pdb
Checking: https://swissmodel.expasy.org/qmean/yJ3WnJ.json
Status: QUEUEING
Status: QUEUEING
Status: QUEUEING
Status: QUEUEING
Status: QUEUEING
Status: QUEUEING
Status: QUEUEING
Status: RUNNING
Status: RUNNING
Status: RUNNING
Status: RUNNING
Status: RUNNING
Status: RUNNING
Status: RUNNING
Status: RUNNING
Status: RUNNING
Status: RUNNING
Status: RUNNING
Status: RUNNING
Status: RUNNING
Status: RUNNING
Status: RUNNING
Status: RUNNING
Status: RUNNING
Status: RUNNING
Status: RUNNING
Status: RUNNING
Status: RUNNING
Status: RUNNING
Status: RUNNING
Status: RUNNING
Status: RUNNING
Status: RUNNING
Status: RUNNING
Status: RUNNING
Status: RUNNING
Status: RUNNING
Status: RUNNING
Status: RUNNING
Status: RUNNING
Status: RUNNING
Status: RUNNING
Status: RUNNING
Status: RUNNING
Status: RUNNING
Status: RUNNING
Status: RUNNING
Status: RUNNING
Status: RUNNING
Status: RUNNING
Status: RUNNING
Status: RUNNING
Status: RUNNING
Status: RUNNING
Status: RUNNING
Status: RUNNING
Status: RUNNING
Status: RUNNING
Status: RUNNING
Status: RUNNING
Status: RUNNING
Status: RUNNING
Status: RUNNING
Status: RUNNING
Status: RUNNING
Status: RUNNING
Status: COMPLETED
QMEANDisCo: 0.7915
Mutating chain A, position 59: TYR -> LYS
Submitted ./1UBQ_Results/1.pdb
Checking: https://swissmodel.expasy.org/qmean/cbxH5D.json
Status: QUEUEING
Status: QUEUEING
Status: QUEUEING
Status: QUEUEING
Status: QUEUEING
Status: QUEUEING
Status: QUEUEING
Status: QUEUEING
Status: RUNNING
Status: RUNNING
Status: RUNNING
Status: RUNNING
Status: RUNNING
Status: RUNNING
Status: RUNNING
Status: RUNNING
Status: RUNNING
Status: RUNNING
Status: RUNNING
Status: RUNNING
Status: RUNNING
Status: RUNNING
Status: RUNNING
Status: RUNNING
Status: RUNNING
Status: RUNNING
Status: RUNNING
Status: RUNNING
Status: RUNNING
Status: RUNNING
Status: RUNNING
Status: RUNNING
Status: RUNNING
Status: RUNNING
Status: RUNNING
Status: RUNNING
Status: RUNNING
Status: RUNNING
Status: RUNNING
Status: RUNNING
Status: RUNNING
Status: RUNNING
Status: RUNNING
Status: RUNNING
Status: RUNNING
Status: RUNNING
Status: RUNNING
Status: RUNNING
Status: RUNNING
Status: RUNNING
Status: RUNNING
Status: RUNNING
Status: RUNNING
Status: RUNNING
Status: RUNNING
Status: RUNNING
Status: RUNNING
Status: RUNNING
Status: RUNNING
Status: RUNNING
Status: RUNNING
Status: RUNNING
Status: RUNNING
Status: RUNNING
Status: RUNNING
Status: RUNNING
Status: COMPLETED
QMEANDisCo: 0.7903
Mutating chain A, position 14: THR -> TYR
Submitted ./1UBQ_Results/1.pdb
Checking: https://swissmodel.expasy.org/qmean/y7C8dG.json
Status: QUEUEING
Status: QUEUEING
Status: QUEUEING
Status: QUEUEING
Status: QUEUEING
Status: QUEUEING
Status: QUEUEING
Status: RUNNING
Status: RUNNING
Status: RUNNING
Status: RUNNING
Status: RUNNING
Status: RUNNING
Status: RUNNING
Status: RUNNING
Status: RUNNING
Status: RUNNING
Status: RUNNING
Status: RUNNING
Status: RUNNING
Status: RUNNING
Status: RUNNING
Status: RUNNING
Status: RUNNING
Status: RUNNING
Status: RUNNING
Status: RUNNING
Status: RUNNING
Status: RUNNING
Status: RUNNING
Status: RUNNING
Status: RUNNING
Status: RUNNING
Status: RUNNING
Status: RUNNING
Status: RUNNING
Status: RUNNING
Status: RUNNING
Status: RUNNING
Status: RUNNING
Status: RUNNING
Status: RUNNING
Status: RUNNING
Status: RUNNING
Status: RUNNING
Status: RUNNING
Status: RUNNING
Status: RUNNING
Status: RUNNING
Status: RUNNING
Status: RUNNING
Status: RUNNING
Status: RUNNING
Status: RUNNING
Status: RUNNING
Status: RUNNING
Status: RUNNING
Status: RUNNING
Status: RUNNING
Status: RUNNING
Status: RUNNING
Status: RUNNING
Status: RUNNING
Status: RUNNING
Status: RUNNING
Status: RUNNING
Status: RUNNING
Status: COMPLETED
QMEANDisCo: 0.7942
Mutating chain A, position 29: LYS -> ASP
Submitted ./1UBQ_Results/1.pdb
Checking: https://swissmodel.expasy.org/qmean/qasbtC.json
Status: QUEUEING
Status: QUEUEING
Status: QUEUEING
Status: QUEUEING
Status: QUEUEING
Status: QUEUEING
Status: QUEUEING
Status: QUEUEING
Status: RUNNING
Status: RUNNING
Status: RUNNING
Status: RUNNING
Status: RUNNING
Status: RUNNING
Status: RUNNING
Status: RUNNING
Status: RUNNING
Status: RUNNING
Status: RUNNING
Status: RUNNING
Status: RUNNING
Status: RUNNING
Status: RUNNING
Status: RUNNING
Status: RUNNING
Status: RUNNING
Status: RUNNING
Status: RUNNING
Status: RUNNING
Status: RUNNING
Status: RUNNING
Status: RUNNING
Status: RUNNING
Status: RUNNING
Status: RUNNING
Status: RUNNING
Status: RUNNING
Status: COMPLETED
QMEANDisCo: 0.7953
Mutating chain A, position 69: LEU -> ILE
Submitted ./1UBQ_Results/1.pdb
Checking: https://swissmodel.expasy.org/qmean/qP3Egy.json
Status: QUEUEING
Status: QUEUEING
Status: QUEUEING
Status: QUEUEING
Status: QUEUEING
Status: QUEUEING
Status: QUEUEING
Status: RUNNING
Status: RUNNING
Status: RUNNING
Status: RUNNING
Status: RUNNING
Status: RUNNING
Status: RUNNING
Status: RUNNING
Status: RUNNING
Status: RUNNING
Status: RUNNING
Status: RUNNING
Status: RUNNING
Status: RUNNING
Status: RUNNING
Status: RUNNING
Status: RUNNING
Status: RUNNING
Status: RUNNING
Status: RUNNING
Status: RUNNING
Status: RUNNING
Status: RUNNING
Status: RUNNING
Status: RUNNING
Status: RUNNING
Status: RUNNING
Status: RUNNING
Status: RUNNING
Status: RUNNING
Status: RUNNING
Status: RUNNING
Status: RUNNING
Status: RUNNING
Status: RUNNING
Status: RUNNING
Status: RUNNING
Status: RUNNING
Status: RUNNING
Status: RUNNING
Status: RUNNING
Status: RUNNING
Status: RUNNING
Status: RUNNING
Status: RUNNING
Status: RUNNING
Status: RUNNING
Status: RUNNING
Status: RUNNING
Status: RUNNING
Status: RUNNING
Status: RUNNING
Status: RUNNING
Status: RUNNING
Status: RUNNING
Status: RUNNING
Status: RUNNING
Status: RUNNING
Status: RUNNING
Status: COMPLETED
QMEANDisCo: 0.8012
Mutating chain A, position 52: ASP -> ARG
Submitted ./1UBQ_Results/1.pdb
Checking: https://swissmodel.expasy.org/qmean/BhMeMN.json
Status: QUEUEING
Status: QUEUEING
Status: QUEUEING
Status: QUEUEING
Status: QUEUEING
Status: QUEUEING
Status: QUEUEING
Status: RUNNING
Status: RUNNING
Status: RUNNING
Status: RUNNING
Status: RUNNING
Status: RUNNING
Status: RUNNING
Status: RUNNING
Status: RUNNING
Status: RUNNING
Status: RUNNING
Status: RUNNING
Status: RUNNING
Status: RUNNING
Status: RUNNING
Status: RUNNING
Status: RUNNING
Status: RUNNING
Status: RUNNING
Status: RUNNING
Status: RUNNING
Status: RUNNING
Status: RUNNING
Status: RUNNING
Status: RUNNING
Status: RUNNING
Status: RUNNING
Status: RUNNING
Status: RUNNING
Status: RUNNING
Status: RUNNING
Status: RUNNING
Status: RUNNING
Status: RUNNING
Status: RUNNING
Status: RUNNING
Status: RUNNING
Status: RUNNING
Status: RUNNING
Status: RUNNING
Status: RUNNING
Status: RUNNING
Status: RUNNING
Status: RUNNING
Status: RUNNING
Status: RUNNING
Status: RUNNING
Status: RUNNING
Status: RUNNING
Status: RUNNING
Status: RUNNING
Status: RUNNING
Status: RUNNING
Status: RUNNING
Status: RUNNING
Status: RUNNING
Status: RUNNING
Status: RUNNING
Status: RUNNING
Status: RUNNING
Status: COMPLETED
QMEANDisCo: 0.7941
Mutating chain A, position 65: SER -> LYS
Submitted ./1UBQ_Results/1.pdb
Checking: https://swissmodel.expasy.org/qmean/DYDbx2.json
Status: QUEUEING
Status: QUEUEING
Status: QUEUEING
Status: QUEUEING
Status: QUEUEING
Status: QUEUEING
Status: QUEUEING
Status: RUNNING
Status: RUNNING
Status: RUNNING
Status: RUNNING
Status: RUNNING
Status: RUNNING
Status: RUNNING
Status: RUNNING
Status: RUNNING
Status: RUNNING
Status: RUNNING
Status: RUNNING
Status: RUNNING
Status: RUNNING
Status: RUNNING
Status: RUNNING
Status: RUNNING
Status: RUNNING
Status: RUNNING
Status: RUNNING
Status: RUNNING
Status: RUNNING
Status: RUNNING
Status: RUNNING
Status: RUNNING
Status: RUNNING
Status: RUNNING
Status: RUNNING
Status: RUNNING
Status: RUNNING
Status: RUNNING
Status: RUNNING
Status: RUNNING
Status: RUNNING
Status: RUNNING
Status: RUNNING
Status: RUNNING
Status: RUNNING
Status: RUNNING
Status: RUNNING
Status: RUNNING
Status: RUNNING
Status: RUNNING
Status: RUNNING
Status: RUNNING
Status: RUNNING
Status: RUNNING
Status: RUNNING
Status: RUNNING
Status: RUNNING
Status: RUNNING
Status: RUNNING
Status: RUNNING
Status: RUNNING
Status: RUNNING
Status: RUNNING
Status: RUNNING
Status: RUNNING
Status: RUNNING
Status: COMPLETED
QMEANDisCo: 0.7941
Mutating chain A, position 1: MET -> LYS
Submitted ./1UBQ_Results/1.pdb
Checking: https://swissmodel.expasy.org/qmean/R9HDHm.json
Status: QUEUEING
Status: QUEUEING
Status: QUEUEING
Status: QUEUEING
Status: QUEUEING
Status: QUEUEING
Status: QUEUEING
Status: RUNNING
Status: RUNNING
Status: RUNNING
Status: RUNNING
Status: RUNNING
Status: RUNNING
Status: RUNNING
Status: RUNNING
Status: RUNNING
Status: RUNNING
Status: RUNNING
Status: RUNNING
Status: RUNNING
Status: RUNNING
Status: RUNNING
Status: RUNNING
Status: RUNNING
Status: RUNNING
Status: RUNNING
Status: RUNNING
Status: RUNNING
Status: RUNNING
Status: RUNNING
Status: RUNNING
Status: RUNNING
Status: RUNNING
Status: RUNNING
Status: RUNNING
Status: RUNNING
Status: RUNNING
Status: RUNNING
Status: RUNNING
Status: RUNNING
Status: RUNNING
Status: RUNNING
Status: RUNNING
Status: RUNNING
Status: RUNNING
Status: RUNNING
Status: RUNNING
Status: RUNNING
Status: RUNNING
Status: RUNNING
Status: RUNNING
Status: RUNNING
Status: RUNNING
Status: RUNNING
Status: RUNNING
Status: RUNNING
Status: RUNNING
Status: RUNNING
Status: RUNNING
Status: RUNNING
Status: RUNNING
Status: RUNNING
Status: RUNNING
Status: RUNNING
Status: RUNNING
Status: COMPLETED
QMEANDisCo: 0.7954
Mutating chain A, position 4: PHE -> LYS
Submitted ./1UBQ_Results/1.pdb
Checking: https://swissmodel.expasy.org/qmean/MfnT9E.json
Status: QUEUEING
Status: QUEUEING
Status: QUEUEING
Status: QUEUEING
Status: QUEUEING
Status: QUEUEING
Status: QUEUEING
Status: RUNNING
Status: RUNNING
Status: RUNNING
Status: RUNNING
Status: RUNNING
Status: RUNNING
Status: RUNNING
Status: RUNNING
Status: RUNNING
Status: RUNNING
Status: RUNNING
Status: RUNNING
Status: RUNNING
Status: RUNNING
Status: RUNNING
Status: RUNNING
Status: RUNNING
Status: RUNNING
Status: RUNNING
Status: RUNNING
Status: RUNNING
Status: RUNNING
Status: RUNNING
Status: RUNNING
Status: RUNNING
Status: RUNNING
Status: RUNNING
Status: RUNNING
Status: RUNNING
Status: COMPLETED
QMEANDisCo: 0.7911
Mutating chain A, position 14: THR -> PRO
Submitted ./1UBQ_Results/1.pdb
Checking: https://swissmodel.expasy.org/qmean/vVpCba.json
Status: QUEUEING
Status: QUEUEING
Status: QUEUEING
Status: QUEUEING
Status: QUEUEING
Status: QUEUEING
Status: QUEUEING
Status: RUNNING
Status: RUNNING
Status: RUNNING
Status: RUNNING
Status: RUNNING
Status: RUNNING
Status: RUNNING
Status: RUNNING
Status: RUNNING
Status: RUNNING
Status: RUNNING
Status: RUNNING
Status: RUNNING
Status: RUNNING
Status: RUNNING
Status: RUNNING
Status: RUNNING
Status: RUNNING
Status: RUNNING
Status: RUNNING
Status: RUNNING
Status: RUNNING
Status: RUNNING
Status: RUNNING
Status: RUNNING
Status: RUNNING
Status: RUNNING
Status: RUNNING
Status: RUNNING
Status: COMPLETED
QMEANDisCo: 0.7905
Mutating chain A, position 11: LYS -> ARG
Submitted ./1UBQ_Results/1.pdb
Checking: https://swissmodel.expasy.org/qmean/QqjYcB.json
Status: QUEUEING
Status: QUEUEING
Status: QUEUEING
Status: QUEUEING
Status: QUEUEING
Status: QUEUEING
Status: QUEUEING
Status: QUEUEING
Status: RUNNING
Status: RUNNING
Status: RUNNING
Status: RUNNING
Status: RUNNING
Status: RUNNING
Status: RUNNING
Status: RUNNING
Status: RUNNING
Status: RUNNING
Status: RUNNING
Status: RUNNING
Status: RUNNING
Status: RUNNING
Status: RUNNING
Status: RUNNING
Status: RUNNING
Status: RUNNING
Status: RUNNING
Status: RUNNING
Status: RUNNING
Status: RUNNING
Status: RUNNING
Status: RUNNING
Status: RUNNING
Status: RUNNING
Status: RUNNING
Status: RUNNING
Status: RUNNING
Status: RUNNING
Status: RUNNING
Status: RUNNING
Status: RUNNING
Status: RUNNING
Status: RUNNING
Status: RUNNING
Status: RUNNING
Status: RUNNING
Status: RUNNING
Status: RUNNING
Status: RUNNING
Status: RUNNING
Status: RUNNING
Status: RUNNING
Status: RUNNING
Status: RUNNING
Status: RUNNING
Status: RUNNING
Status: RUNNING
Status: RUNNING
Status: RUNNING
Status: RUNNING
Status: COMPLETED
QMEANDisCo: 0.7968
Mutating chain A, position 35: GLY -> LEU
Submitted ./1UBQ_Results/1.pdb
Checking: https://swissmodel.expasy.org/qmean/MgWwMW.json
Status: QUEUEING
Status: QUEUEING
Status: QUEUEING
Status: QUEUEING
Status: QUEUEING
Status: QUEUEING
Status: QUEUEING
Status: RUNNING
Status: RUNNING
Status: RUNNING
Status: RUNNING
Status: RUNNING
Status: RUNNING
Status: RUNNING
Status: RUNNING
Status: RUNNING
Status: RUNNING
Status: RUNNING
Status: RUNNING
Status: RUNNING
Status: RUNNING
Status: RUNNING
Status: RUNNING
Status: RUNNING
Status: RUNNING
Status: RUNNING
Status: RUNNING
Status: RUNNING
Status: RUNNING
Status: RUNNING
Status: RUNNING
Status: RUNNING
Status: RUNNING
Status: RUNNING
Status: RUNNING
Status: RUNNING
Status: RUNNING
Status: RUNNING
Status: RUNNING
Status: RUNNING
Status: RUNNING
Status: RUNNING
Status: RUNNING
Status: RUNNING
Status: RUNNING
Status: RUNNING
Status: RUNNING
Status: RUNNING
Status: RUNNING
Status: RUNNING
Status: RUNNING
Status: RUNNING
Status: RUNNING
Status: RUNNING
Status: RUNNING
Status: RUNNING
Status: RUNNING
Status: RUNNING
Status: COMPLETED
QMEANDisCo: 0.7912
Mutating chain A, position 8: LEU -> GLY
Submitted ./1UBQ_Results/1.pdb
Checking: https://swissmodel.expasy.org/qmean/6Y2xvy.json
Status: QUEUEING
Status: QUEUEING
Status: QUEUEING
Status: QUEUEING
Status: QUEUEING
Status: QUEUEING
Status: QUEUEING
Status: RUNNING
Status: RUNNING
Status: RUNNING
Status: RUNNING
Status: RUNNING
Status: RUNNING
Status: RUNNING
Status: RUNNING
Status: RUNNING
Status: RUNNING
Status: RUNNING
Status: RUNNING
Status: RUNNING
Status: RUNNING
Status: RUNNING
Status: RUNNING
Status: RUNNING
Status: RUNNING
Status: RUNNING
Status: RUNNING
Status: RUNNING
Status: RUNNING
Status: RUNNING
Status: RUNNING
Status: RUNNING
Status: RUNNING
Status: RUNNING
Status: RUNNING
Status: RUNNING
Status: RUNNING
Status: RUNNING
Status: RUNNING
Status: RUNNING
Status: RUNNING
Status: RUNNING
Status: RUNNING
Status: RUNNING
Status: RUNNING
Status: RUNNING
Status: RUNNING
Status: RUNNING
Status: RUNNING
Status: RUNNING
Status: RUNNING
Status: RUNNING
Status: RUNNING
Status: RUNNING
Status: RUNNING
Status: RUNNING
Status: RUNNING
Status: RUNNING
Status: RUNNING
Status: RUNNING
Status: RUNNING
Status: RUNNING
Status: RUNNING
Status: RUNNING
Status: RUNNING
Status: COMPLETED
QMEANDisCo: 0.7908
Mutating chain A, position 25: ASN -> PRO
Submitted ./1UBQ_Results/1.pdb
Checking: https://swissmodel.expasy.org/qmean/M7s7Y8.json
Status: QUEUEING
Status: QUEUEING
Status: QUEUEING
Status: QUEUEING
Status: QUEUEING
Status: QUEUEING
Status: QUEUEING
Status: RUNNING
Status: RUNNING
Status: RUNNING
Status: RUNNING
Status: RUNNING
Status: RUNNING
Status: RUNNING
Status: RUNNING
Status: RUNNING
Status: RUNNING
Status: RUNNING
Status: RUNNING
Status: RUNNING
Status: RUNNING
Status: RUNNING
Status: RUNNING
Status: RUNNING
Status: RUNNING
Status: RUNNING
Status: RUNNING
Status: RUNNING
Status: RUNNING
Status: RUNNING
Status: RUNNING
Status: RUNNING
Status: RUNNING
Status: RUNNING
Status: RUNNING
Status: RUNNING
Status: RUNNING
Status: RUNNING
Status: RUNNING
Status: RUNNING
Status: RUNNING
Status: RUNNING
Status: RUNNING
Status: RUNNING
Status: RUNNING
Status: RUNNING
Status: RUNNING
Status: RUNNING
Status: RUNNING
Status: RUNNING
Status: RUNNING
Status: RUNNING
Status: RUNNING
Status: RUNNING
Status: RUNNING
Status: RUNNING
Status: RUNNING
Status: RUNNING
Status: RUNNING
Status: RUNNING
Status: RUNNING
Status: RUNNING
Status: RUNNING
Status: RUNNING
Status: RUNNING
Status: COMPLETED
QMEANDisCo: 0.7906
Mutating chain A, position 62: GLN -> VAL
Submitted ./1UBQ_Results/1.pdb
Checking: https://swissmodel.expasy.org/qmean/ZBDcH7.json
Status: QUEUEING
Status: QUEUEING
Status: QUEUEING
Status: QUEUEING
Status: QUEUEING
Status: QUEUEING
Status: QUEUEING
Status: RUNNING
Status: RUNNING
Status: RUNNING
Status: RUNNING
Status: RUNNING
Status: RUNNING
Status: RUNNING
Status: RUNNING
Status: RUNNING
Status: RUNNING
Status: RUNNING
Status: RUNNING
Status: RUNNING
Status: RUNNING
Status: RUNNING
Status: RUNNING
Status: RUNNING
Status: RUNNING
Status: RUNNING
Status: RUNNING
Status: RUNNING
Status: RUNNING
Status: RUNNING
Status: RUNNING
Status: RUNNING
Status: RUNNING
Status: RUNNING
Status: RUNNING
Status: RUNNING
Status: RUNNING
Status: RUNNING
Status: RUNNING
Status: RUNNING
Status: RUNNING
Status: RUNNING
Status: RUNNING
Status: RUNNING
Status: RUNNING
Status: RUNNING
Status: RUNNING
Status: RUNNING
Status: RUNNING
Status: RUNNING
Status: RUNNING
Status: RUNNING
Status: RUNNING
Status: RUNNING
Status: RUNNING
Status: RUNNING
Status: RUNNING
Status: RUNNING
Status: RUNNING
Status: RUNNING
Status: RUNNING
Status: RUNNING
Status: RUNNING
Status: RUNNING
Status: RUNNING
Status: RUNNING
Status: COMPLETED
QMEANDisCo: 0.7984
Mutating chain A, position 27: LYS -> MET
Submitted ./1UBQ_Results/1.pdb
Checking: https://swissmodel.expasy.org/qmean/b3YJqL.json
Status: QUEUEING
Status: QUEUEING
Status: QUEUEING
Status: QUEUEING
Status: QUEUEING
Status: QUEUEING
Status: QUEUEING
Status: RUNNING
Status: RUNNING
Status: RUNNING
Status: RUNNING
Status: RUNNING
Status: RUNNING
Status: RUNNING
Status: RUNNING
Status: RUNNING
Status: RUNNING
Status: RUNNING
Status: RUNNING
Status: RUNNING
Status: RUNNING
Status: RUNNING
Status: RUNNING
Status: RUNNING
Status: RUNNING
Status: RUNNING
Status: RUNNING
Status: RUNNING
Status: RUNNING
Status: RUNNING
Status: RUNNING
Status: RUNNING
Status: RUNNING
Status: RUNNING
Status: RUNNING
Status: RUNNING
Status: RUNNING
Status: RUNNING
Status: RUNNING
Status: RUNNING
Status: RUNNING
Status: RUNNING
Status: RUNNING
Status: RUNNING
Status: RUNNING
Status: RUNNING
Status: RUNNING
Status: RUNNING
Status: RUNNING
Status: RUNNING
Status: RUNNING
Status: RUNNING
Status: RUNNING
Status: RUNNING
Status: RUNNING
Status: RUNNING
Status: RUNNING
Status: RUNNING
Status: RUNNING
Status: RUNNING
Status: RUNNING
Status: RUNNING
Status: RUNNING
Status: RUNNING
Status: RUNNING
Status: RUNNING
Status: COMPLETED
QMEANDisCo: 0.7889
Mutating chain A, position 42: ARG -> LEU
Submitted ./1UBQ_Results/1.pdb
Checking: https://swissmodel.expasy.org/qmean/hDjFet.json
Status: QUEUEING
Status: QUEUEING
Status: QUEUEING
Status: QUEUEING
Status: QUEUEING
Status: QUEUEING
Status: QUEUEING
Status: RUNNING
Status: RUNNING
Status: RUNNING
Status: RUNNING
Status: RUNNING
Status: RUNNING
Status: RUNNING
Status: RUNNING
Status: RUNNING
Status: RUNNING
Status: RUNNING
Status: RUNNING
Status: RUNNING
Status: RUNNING
Status: RUNNING
Status: RUNNING
Status: RUNNING
Status: RUNNING
Status: RUNNING
Status: RUNNING
Status: RUNNING
Status: RUNNING
Status: RUNNING
Status: RUNNING
Status: RUNNING
Status: RUNNING
Status: RUNNING
Status: RUNNING
Status: RUNNING
Status: RUNNING
Status: RUNNING
Status: RUNNING
Status: RUNNING
Status: RUNNING
Status: RUNNING
Status: RUNNING
Status: RUNNING
Status: RUNNING
Status: RUNNING
Status: RUNNING
Status: RUNNING
Status: RUNNING
Status: RUNNING
Status: RUNNING
Status: RUNNING
Status: RUNNING
Status: RUNNING
Status: RUNNING
Status: RUNNING
Status: RUNNING
Status: RUNNING
Status: RUNNING
Status: RUNNING
Status: RUNNING
Status: RUNNING
Status: RUNNING
Status: RUNNING
Status: RUNNING
Status: RUNNING
Status: RUNNING
Status: COMPLETED
QMEANDisCo: 0.7989
Mutating chain A, position 47: GLY -> THR
Submitted ./1UBQ_Results/1.pdb
Checking: https://swissmodel.expasy.org/qmean/mc2vGm.json
Status: QUEUEING
Status: QUEUEING
Status: QUEUEING
Status: QUEUEING
Status: QUEUEING
Status: QUEUEING
Status: QUEUEING
Status: RUNNING
Status: RUNNING
Status: RUNNING
Status: RUNNING
Status: RUNNING
Status: RUNNING
Status: RUNNING
Status: RUNNING
Status: RUNNING
Status: RUNNING
Status: RUNNING
Status: RUNNING
Status: RUNNING
Status: RUNNING
Status: RUNNING
Status: RUNNING
Status: RUNNING
Status: RUNNING
Status: RUNNING
Status: RUNNING
Status: RUNNING
Status: RUNNING
Status: RUNNING
Status: RUNNING
Status: RUNNING
Status: RUNNING
Status: RUNNING
Status: RUNNING
Status: RUNNING
Status: RUNNING
Status: RUNNING
Status: RUNNING
Status: RUNNING
Status: RUNNING
Status: RUNNING
Status: RUNNING
Status: RUNNING
Status: RUNNING
Status: RUNNING
Status: RUNNING
Status: RUNNING
Status: RUNNING
Status: RUNNING
Status: RUNNING
Status: RUNNING
Status: RUNNING
Status: RUNNING
Status: RUNNING
Status: RUNNING
Status: RUNNING
Status: RUNNING
Status: RUNNING
Status: RUNNING
Status: COMPLETED
QMEANDisCo: 0.7886
Mutating chain A, position 72: ARG -> PRO
Submitted ./1UBQ_Results/1.pdb
Checking: https://swissmodel.expasy.org/qmean/ywhVQh.json
Status: QUEUEING
Status: QUEUEING
Status: QUEUEING
Status: QUEUEING
Status: QUEUEING
Status: QUEUEING
Status: QUEUEING
Status: QUEUEING
Status: RUNNING
Status: RUNNING
Status: RUNNING
Status: RUNNING
Status: RUNNING
Status: RUNNING
Status: RUNNING
Status: RUNNING
Status: RUNNING
Status: RUNNING
Status: RUNNING
Status: RUNNING
Status: RUNNING
Status: RUNNING
Status: RUNNING
Status: RUNNING
Status: RUNNING
Status: RUNNING
Status: RUNNING
Status: RUNNING
Status: RUNNING
Status: RUNNING
Status: RUNNING
Status: RUNNING
Status: RUNNING
Status: RUNNING
Status: RUNNING
Status: RUNNING
Status: RUNNING
Status: RUNNING
Status: RUNNING
Status: RUNNING
Status: RUNNING
Status: RUNNING
Status: RUNNING
Status: RUNNING
Status: RUNNING
Status: RUNNING
Status: RUNNING
Status: RUNNING
Status: RUNNING
Status: RUNNING
Status: RUNNING
Status: RUNNING
Status: RUNNING
Status: RUNNING
Status: RUNNING
Status: RUNNING
Status: RUNNING
Status: RUNNING
Status: RUNNING
Status: RUNNING
Status: RUNNING
Status: RUNNING
Status: RUNNING
Status: RUNNING
Status: RUNNING
Status: RUNNING
Status: COMPLETED
QMEANDisCo: 0.7949
Mutating chain A, position 54: ARG -> CYS
Submitted ./1UBQ_Results/1.pdb
Checking: https://swissmodel.expasy.org/qmean/BMExdJ.json
Status: QUEUEING
Status: QUEUEING
Status: QUEUEING
Status: QUEUEING
Status: QUEUEING
Status: QUEUEING
Status: QUEUEING
Status: RUNNING
Status: RUNNING
Status: RUNNING
Status: RUNNING
Status: RUNNING
Status: RUNNING
Status: RUNNING
Status: RUNNING
Status: RUNNING
Status: RUNNING
Status: RUNNING
Status: RUNNING
Status: RUNNING
Status: RUNNING
Status: RUNNING
Status: RUNNING
Status: RUNNING
Status: RUNNING
Status: RUNNING
Status: RUNNING
Status: RUNNING
Status: RUNNING
Status: RUNNING
Status: RUNNING
Status: RUNNING
Status: RUNNING
Status: RUNNING
Status: RUNNING
Status: RUNNING
Status: RUNNING
Status: RUNNING
Status: RUNNING
Status: RUNNING
Status: RUNNING
Status: RUNNING
Status: RUNNING
Status: RUNNING
Status: RUNNING
Status: RUNNING
Status: RUNNING
Status: RUNNING
Status: RUNNING
Status: RUNNING
Status: RUNNING
Status: RUNNING
Status: RUNNING
Status: RUNNING
Status: RUNNING
Status: RUNNING
Status: RUNNING
Status: RUNNING
Status: RUNNING
Status: RUNNING
Status: RUNNING
Status: RUNNING
Status: RUNNING
Status: RUNNING
Status: RUNNING
Status: RUNNING
Status: RUNNING
Status: COMPLETED
QMEANDisCo: 0.7960
Mutating chain A, position 48: LYS -> ARG
Submitted ./1UBQ_Results/1.pdb
Checking: https://swissmodel.expasy.org/qmean/7GLCAF.json
Status: QUEUEING
Status: QUEUEING
Status: QUEUEING
Status: QUEUEING
Status: QUEUEING
Status: QUEUEING
Status: QUEUEING
Status: RUNNING
Status: RUNNING
Status: RUNNING
Status: RUNNING
Status: RUNNING
Status: RUNNING
Status: RUNNING
Status: RUNNING
Status: RUNNING
Status: RUNNING
Status: RUNNING
Status: RUNNING
Status: RUNNING
Status: RUNNING
Status: RUNNING
Status: RUNNING
Status: RUNNING
Status: RUNNING
Status: RUNNING
Status: RUNNING
Status: RUNNING
Status: RUNNING
Status: RUNNING
Status: RUNNING
Status: RUNNING
Status: RUNNING
Status: RUNNING
Status: RUNNING
Status: RUNNING
Status: RUNNING
Status: RUNNING
Status: RUNNING
Status: RUNNING
Status: RUNNING
Status: RUNNING
Status: RUNNING
Status: RUNNING
Status: RUNNING
Status: RUNNING
Status: RUNNING
Status: RUNNING
Status: RUNNING
Status: RUNNING
Status: RUNNING
Status: RUNNING
Status: RUNNING
Status: RUNNING
Status: RUNNING
Status: RUNNING
Status: RUNNING
Status: RUNNING
Status: RUNNING
Status: RUNNING
Status: RUNNING
Status: RUNNING
Status: RUNNING
Status: RUNNING
Status: RUNNING
Status: RUNNING
Status: COMPLETED
QMEANDisCo: 0.7955
Mutating chain A, position 53: GLY -> SER
Submitted ./1UBQ_Results/1.pdb
Checking: https://swissmodel.expasy.org/qmean/8G2rZg.json
Status: QUEUEING
Status: QUEUEING
Status: QUEUEING
Status: QUEUEING
Status: QUEUEING
Status: QUEUEING
Status: QUEUEING
Status: RUNNING
Status: RUNNING
Status: RUNNING
Status: RUNNING
Status: RUNNING
Status: RUNNING
Status: RUNNING
Status: RUNNING
Status: RUNNING
Status: RUNNING
Status: RUNNING
Status: RUNNING
Status: RUNNING
Status: RUNNING
Status: RUNNING
Status: RUNNING
Status: RUNNING
Status: RUNNING
Status: RUNNING
Status: RUNNING
Status: RUNNING
Status: RUNNING
Status: RUNNING
Status: RUNNING
Status: RUNNING
Status: RUNNING
Status: RUNNING
Status: RUNNING
Status: RUNNING
Status: RUNNING
Status: RUNNING
Status: RUNNING
Status: RUNNING
Status: RUNNING
Status: RUNNING
Status: RUNNING
Status: RUNNING
Status: RUNNING
Status: RUNNING
Status: RUNNING
Status: RUNNING
Status: RUNNING
Status: RUNNING
Status: RUNNING
Status: RUNNING
Status: RUNNING
Status: RUNNING
Status: RUNNING
Status: RUNNING
Status: RUNNING
Status: RUNNING
Status: RUNNING
Status: RUNNING
Status: COMPLETED
QMEANDisCo: 0.7927
Mutating chain A, position 29: LYS -> PRO
Submitted ./1UBQ_Results/1.pdb
Checking: https://swissmodel.expasy.org/qmean/EP8FHx.json
Status: QUEUEING
Status: QUEUEING
Status: QUEUEING
Status: QUEUEING
Status: QUEUEING
Status: QUEUEING
Status: QUEUEING
Status: RUNNING
Status: RUNNING
Status: RUNNING
Status: RUNNING
Status: RUNNING
Status: RUNNING
Status: RUNNING
Status: RUNNING
Status: RUNNING
Status: RUNNING
Status: RUNNING
Status: RUNNING
Status: RUNNING
Status: RUNNING
Status: RUNNING
Status: RUNNING
Status: RUNNING
Status: RUNNING
Status: RUNNING
Status: RUNNING
Status: RUNNING
Status: RUNNING
Status: RUNNING
Status: RUNNING
Status: RUNNING
Status: RUNNING
Status: RUNNING
Status: RUNNING
Status: RUNNING
Status: COMPLETED
QMEANDisCo: 0.7959
Mutating chain A, position 25: ASN -> TRP
Submitted ./1UBQ_Results/1.pdb
Checking: https://swissmodel.expasy.org/qmean/GwVuuY.json
Status: QUEUEING
Status: QUEUEING
Status: QUEUEING
Status: QUEUEING
Status: QUEUEING
Status: QUEUEING
Status: QUEUEING
Status: RUNNING
Status: RUNNING
Status: RUNNING
Status: RUNNING
Status: RUNNING
Status: RUNNING
Status: RUNNING
Status: RUNNING
Status: RUNNING
Status: RUNNING
Status: RUNNING
Status: RUNNING
Status: RUNNING
Status: RUNNING
Status: RUNNING
Status: RUNNING
Status: RUNNING
Status: RUNNING
Status: RUNNING
Status: RUNNING
Status: RUNNING
Status: RUNNING
Status: RUNNING
Status: RUNNING
Status: RUNNING
Status: RUNNING
Status: RUNNING
Status: RUNNING
Status: RUNNING
Status: RUNNING
Status: RUNNING
Status: RUNNING
Status: RUNNING
Status: RUNNING
Status: RUNNING
Status: RUNNING
Status: RUNNING
Status: RUNNING
Status: RUNNING
Status: RUNNING
Status: RUNNING
Status: RUNNING
Status: RUNNING
Status: RUNNING
Status: RUNNING
Status: RUNNING
Status: RUNNING
Status: RUNNING
Status: RUNNING
Status: RUNNING
Status: RUNNING
Status: RUNNING
Status: RUNNING
Status: RUNNING
Status: RUNNING
Status: RUNNING
Status: RUNNING
Status: RUNNING
Status: COMPLETED
QMEANDisCo: 0.7866
Mutating chain A, position 1: MET -> GLU
Submitted ./1UBQ_Results/1.pdb
Checking: https://swissmodel.expasy.org/qmean/tFvXtc.json
Status: QUEUEING
Status: QUEUEING
Status: QUEUEING
Status: QUEUEING
Status: QUEUEING
Status: QUEUEING
Status: QUEUEING
Status: RUNNING
Status: RUNNING
Status: RUNNING
Status: RUNNING
Status: RUNNING
Status: RUNNING
Status: RUNNING
Status: RUNNING
Status: RUNNING
Status: RUNNING
Status: RUNNING
Status: RUNNING
Status: RUNNING
Status: RUNNING
Status: RUNNING
Status: RUNNING
Status: RUNNING
Status: RUNNING
Status: RUNNING
Status: RUNNING
Status: RUNNING
Status: RUNNING
Status: RUNNING
Status: RUNNING
Status: RUNNING
Status: RUNNING
Status: RUNNING
Status: RUNNING
Status: RUNNING
Status: RUNNING
Status: RUNNING
Status: RUNNING
Status: RUNNING
Status: RUNNING
Status: RUNNING
Status: RUNNING
Status: RUNNING
Status: RUNNING
Status: RUNNING
Status: RUNNING
Status: RUNNING
Status: RUNNING
Status: RUNNING
Status: RUNNING
Status: RUNNING
Status: RUNNING
Status: RUNNING
Status: RUNNING
Status: RUNNING
Status: RUNNING
Status: RUNNING
Status: RUNNING
Status: RUNNING
Status: RUNNING
Status: RUNNING
Status: RUNNING
Status: RUNNING
Status: RUNNING
Status: RUNNING
Status: COMPLETED
QMEANDisCo: 0.7967
Mutating chain A, position 11: LYS -> ILE
Submitted ./1UBQ_Results/1.pdb
Checking: https://swissmodel.expasy.org/qmean/JV3TBU.json
Status: QUEUEING
Status: QUEUEING
Status: QUEUEING
Status: QUEUEING
Status: QUEUEING
Status: QUEUEING
Status: QUEUEING
Status: QUEUEING
Status: RUNNING
Status: RUNNING
Status: RUNNING
Status: RUNNING
Status: RUNNING
Status: RUNNING
Status: RUNNING
Status: RUNNING
Status: RUNNING
Status: RUNNING
Status: RUNNING
Status: RUNNING
Status: RUNNING
Status: RUNNING
Status: RUNNING
Status: RUNNING
Status: RUNNING
Status: RUNNING
Status: RUNNING
Status: RUNNING
Status: RUNNING
Status: RUNNING
Status: RUNNING
Status: RUNNING
Status: RUNNING
Status: RUNNING
Status: RUNNING
Status: RUNNING
Status: RUNNING
Status: RUNNING
Status: COMPLETED
QMEANDisCo: 0.7998
Mutating chain A, position 57: SER -> LEU
Submitted ./1UBQ_Results/1.pdb
Checking: https://swissmodel.expasy.org/qmean/YV9esV.json
Status: QUEUEING
Status: QUEUEING
Status: QUEUEING
Status: QUEUEING
Status: QUEUEING
Status: QUEUEING
Status: QUEUEING
Status: RUNNING
Status: RUNNING
Status: RUNNING
Status: RUNNING
Status: RUNNING
Status: RUNNING
Status: RUNNING
Status: RUNNING
Status: RUNNING
Status: RUNNING
Status: RUNNING
Status: RUNNING
Status: RUNNING
Status: RUNNING
Status: RUNNING
Status: RUNNING
Status: RUNNING
Status: RUNNING
Status: RUNNING
Status: RUNNING
Status: RUNNING
Status: RUNNING
Status: RUNNING
Status: RUNNING
Status: RUNNING
Status: RUNNING
Status: RUNNING
Status: RUNNING
Status: RUNNING
Status: RUNNING
Status: RUNNING
Status: RUNNING
Status: RUNNING
Status: RUNNING
Status: RUNNING
Status: RUNNING
Status: RUNNING
Status: RUNNING
Status: RUNNING
Status: RUNNING
Status: RUNNING
Status: RUNNING
Status: RUNNING
Status: RUNNING
Status: RUNNING
Status: RUNNING
Status: RUNNING
Status: RUNNING
Status: RUNNING
Status: RUNNING
Status: RUNNING
Status: RUNNING
Status: RUNNING
Status: RUNNING
Status: RUNNING
Status: RUNNING
Status: RUNNING
Status: RUNNING
Status: RUNNING
Status: RUNNING
Status: COMPLETED
QMEANDisCo: 0.7923
Mutating chain A, position 47: GLY -> ASN
Submitted ./1UBQ_Results/1.pdb
Checking: https://swissmodel.expasy.org/qmean/ckG2Tu.json
Status: QUEUEING
Status: QUEUEING
Status: QUEUEING
Status: QUEUEING
Status: QUEUEING
Status: QUEUEING
Status: QUEUEING
Status: RUNNING
Status: RUNNING
Status: RUNNING
Status: RUNNING
Status: RUNNING
Status: RUNNING
Status: RUNNING
Status: RUNNING
Status: RUNNING
Status: RUNNING
Status: RUNNING
Status: RUNNING
Status: RUNNING
Status: RUNNING
Status: RUNNING
Status: RUNNING
Status: RUNNING
Status: RUNNING
Status: RUNNING
Status: RUNNING
Status: RUNNING
Status: RUNNING
Status: RUNNING
Status: RUNNING
Status: RUNNING
Status: RUNNING
Status: RUNNING
Status: RUNNING
Status: RUNNING
Status: RUNNING
Status: RUNNING
Status: RUNNING
Status: RUNNING
Status: RUNNING
Status: RUNNING
Status: RUNNING
Status: RUNNING
Status: RUNNING
Status: RUNNING
Status: RUNNING
Status: RUNNING
Status: RUNNING
Status: RUNNING
Status: RUNNING
Status: RUNNING
Status: RUNNING
Status: RUNNING
Status: RUNNING
Status: RUNNING
Status: RUNNING
Status: RUNNING
Status: RUNNING
Status: RUNNING
Status: RUNNING
Status: RUNNING
Status: RUNNING
Status: RUNNING
Status: RUNNING
Status: RUNNING
Status: COMPLETED
QMEANDisCo: 0.7892
Mutating chain A, position 11: LYS -> TRP
Submitted ./1UBQ_Results/1.pdb
Checking: https://swissmodel.expasy.org/qmean/BfaGsD.json
Status: QUEUEING
Status: QUEUEING
Status: QUEUEING
Status: QUEUEING
Status: QUEUEING
Status: QUEUEING
Status: QUEUEING
Status: QUEUEING
Status: RUNNING
Status: RUNNING
Status: RUNNING
Status: RUNNING
Status: RUNNING
Status: RUNNING
Status: RUNNING
Status: RUNNING
Status: RUNNING
Status: RUNNING
Status: RUNNING
Status: RUNNING
Status: RUNNING
Status: RUNNING
Status: RUNNING
Status: RUNNING
Status: RUNNING
Status: RUNNING
Status: RUNNING
Status: RUNNING
Status: RUNNING
Status: RUNNING
Status: RUNNING
Status: RUNNING
Status: RUNNING
Status: RUNNING
Status: RUNNING
Status: RUNNING
Status: RUNNING
Status: RUNNING
Status: RUNNING
Status: RUNNING
Status: RUNNING
Status: RUNNING
Status: RUNNING
Status: RUNNING
Status: RUNNING
Status: RUNNING
Status: RUNNING
Status: RUNNING
Status: RUNNING
Status: RUNNING
Status: RUNNING
Status: RUNNING
Status: RUNNING
Status: RUNNING
Status: RUNNING
Status: RUNNING
Status: RUNNING
Status: RUNNING
Status: RUNNING
Status: RUNNING
Status: RUNNING
Status: RUNNING
Status: RUNNING
Status: RUNNING
Status: RUNNING
Status: RUNNING
Status: RUNNING
Status: RUNNING
Status: COMPLETED
QMEANDisCo: 0.7980
Mutating chain A, position 8: LEU -> VAL
Submitted ./1UBQ_Results/1.pdb
Checking: https://swissmodel.expasy.org/qmean/dzV4Bc.json
Status: QUEUEING
Status: QUEUEING
Status: QUEUEING
Status: QUEUEING
Status: QUEUEING
Status: QUEUEING
Status: QUEUEING
Status: RUNNING
Status: RUNNING
Status: RUNNING
Status: RUNNING
Status: RUNNING
Status: RUNNING
Status: RUNNING
Status: RUNNING
Status: RUNNING
Status: RUNNING
Status: RUNNING
Status: RUNNING
Status: RUNNING
Status: RUNNING
Status: RUNNING
Status: RUNNING
Status: RUNNING
Status: RUNNING
Status: RUNNING
Status: RUNNING
Status: RUNNING
Status: RUNNING
Status: RUNNING
Status: RUNNING
Status: RUNNING
Status: RUNNING
Status: RUNNING
Status: RUNNING
Status: RUNNING
Status: RUNNING
Status: RUNNING
Status: RUNNING
Status: RUNNING
Status: RUNNING
Status: RUNNING
Status: RUNNING
Status: RUNNING
Status: RUNNING
Status: RUNNING
Status: RUNNING
Status: RUNNING
Status: RUNNING
Status: RUNNING
Status: RUNNING
Status: RUNNING
Status: RUNNING
Status: RUNNING
Status: RUNNING
Status: RUNNING
Status: RUNNING
Status: RUNNING
Status: RUNNING
Status: RUNNING
Status: RUNNING
Status: RUNNING
Status: RUNNING
Status: RUNNING
Status: RUNNING
Status: RUNNING
Status: COMPLETED
QMEANDisCo: 0.7996
Mutating chain A, position 37: PRO -> ASP
Submitted ./1UBQ_Results/1.pdb
Checking: https://swissmodel.expasy.org/qmean/QdVYMb.json
Status: QUEUEING
Status: QUEUEING
Status: QUEUEING
Status: QUEUEING
Status: QUEUEING
Status: QUEUEING
Status: QUEUEING
Status: RUNNING
Status: RUNNING
Status: RUNNING
Status: RUNNING
Status: RUNNING
Status: RUNNING
Status: RUNNING
Status: RUNNING
Status: RUNNING
Status: RUNNING
Status: RUNNING
Status: RUNNING
Status: RUNNING
Status: RUNNING
Status: RUNNING
Status: RUNNING
Status: RUNNING
Status: RUNNING
Status: RUNNING
Status: RUNNING
Status: RUNNING
Status: RUNNING
Status: RUNNING
Status: RUNNING
Status: RUNNING
Status: RUNNING
Status: RUNNING
Status: RUNNING
Status: RUNNING
Status: RUNNING
Status: RUNNING
Status: RUNNING
Status: RUNNING
Status: RUNNING
Status: RUNNING
Status: RUNNING
Status: RUNNING
Status: RUNNING
Status: RUNNING
Status: RUNNING
Status: RUNNING
Status: RUNNING
Status: RUNNING
Status: RUNNING
Status: RUNNING
Status: RUNNING
Status: RUNNING
Status: RUNNING
Status: RUNNING
Status: RUNNING
Status: RUNNING
Status: RUNNING
Status: RUNNING
Status: RUNNING
Status: RUNNING
Status: RUNNING
Status: RUNNING
Status: RUNNING
Status: RUNNING
Status: COMPLETED
QMEANDisCo: 0.7897
Mutating chain A, position 18: GLU -> TYR
Submitted ./1UBQ_Results/1.pdb
Checking: https://swissmodel.expasy.org/qmean/sd4Qcw.json
Status: QUEUEING
Status: QUEUEING
Status: QUEUEING
Status: QUEUEING
Status: QUEUEING
Status: QUEUEING
Status: QUEUEING
Status: RUNNING
Status: RUNNING
Status: RUNNING
Status: RUNNING
Status: RUNNING
Status: RUNNING
Status: RUNNING
Status: RUNNING
Status: RUNNING
Status: RUNNING
Status: RUNNING
Status: RUNNING
Status: RUNNING
Status: RUNNING
Status: RUNNING
Status: RUNNING
Status: RUNNING
Status: RUNNING
Status: RUNNING
Status: RUNNING
Status: RUNNING
Status: RUNNING
Status: RUNNING
Status: RUNNING
Status: RUNNING
Status: RUNNING
Status: RUNNING
Status: RUNNING
Status: RUNNING
Status: RUNNING
Status: RUNNING
Status: RUNNING
Status: RUNNING
Status: RUNNING
Status: RUNNING
Status: RUNNING
Status: RUNNING
Status: RUNNING
Status: RUNNING
Status: RUNNING
Status: RUNNING
Status: RUNNING
Status: RUNNING
Status: RUNNING
Status: RUNNING
Status: RUNNING
Status: RUNNING
Status: RUNNING
Status: RUNNING
Status: RUNNING
Status: RUNNING
Status: RUNNING
Status: RUNNING
Status: RUNNING
Status: RUNNING
Status: RUNNING
Status: RUNNING
Status: RUNNING
Status: COMPLETED
QMEANDisCo: 0.7995
Mutating chain A, position 47: GLY -> ASP
Submitted ./1UBQ_Results/1.pdb
Checking: https://swissmodel.expasy.org/qmean/vEbJcS.json
Status: QUEUEING
Status: QUEUEING
Status: QUEUEING
Status: QUEUEING
Status: QUEUEING
Status: QUEUEING
Status: QUEUEING
Status: RUNNING
Status: RUNNING
Status: RUNNING
Status: RUNNING
Status: RUNNING
Status: RUNNING
Status: RUNNING
Status: RUNNING
Status: RUNNING
Status: RUNNING
Status: RUNNING
Status: RUNNING
Status: RUNNING
Status: RUNNING
Status: RUNNING
Status: RUNNING
Status: RUNNING
Status: RUNNING
Status: RUNNING
Status: RUNNING
Status: RUNNING
Status: RUNNING
Status: RUNNING
Status: RUNNING
Status: RUNNING
Status: RUNNING
Status: RUNNING
Status: RUNNING
Status: RUNNING
Status: RUNNING
Status: RUNNING
Status: RUNNING
Status: RUNNING
Status: RUNNING
Status: RUNNING
Status: RUNNING
Status: RUNNING
Status: RUNNING
Status: RUNNING
Status: RUNNING
Status: RUNNING
Status: RUNNING
Status: RUNNING
Status: RUNNING
Status: RUNNING
Status: RUNNING
Status: RUNNING
Status: RUNNING
Status: RUNNING
Status: RUNNING
Status: RUNNING
Status: RUNNING
Status: RUNNING
Status: RUNNING
Status: RUNNING
Status: RUNNING
Status: RUNNING
Status: RUNNING
Status: RUNNING
Status: COMPLETED
QMEANDisCo: 0.7890
Mutating chain A, position 19: PRO -> GLY
Submitted ./1UBQ_Results/1.pdb
Checking: https://swissmodel.expasy.org/qmean/d5u24D.json
Status: QUEUEING
Status: QUEUEING
Status: QUEUEING
Status: QUEUEING
Status: QUEUEING
Status: QUEUEING
Status: QUEUEING
Status: RUNNING
Status: RUNNING
Status: RUNNING
Status: RUNNING
Status: RUNNING
Status: RUNNING
Status: RUNNING
Status: RUNNING
Status: RUNNING
Status: RUNNING
Status: RUNNING
Status: RUNNING
Status: RUNNING
Status: RUNNING
Status: RUNNING
Status: RUNNING
Status: RUNNING
Status: RUNNING
Status: RUNNING
Status: RUNNING
Status: RUNNING
Status: RUNNING
Status: RUNNING
Status: RUNNING
Status: RUNNING
Status: RUNNING
Status: RUNNING
Status: RUNNING
Status: RUNNING
Status: RUNNING
Status: RUNNING
Status: RUNNING
Status: RUNNING
Status: RUNNING
Status: RUNNING
Status: RUNNING
Status: RUNNING
Status: RUNNING
Status: RUNNING
Status: RUNNING
Status: RUNNING
Status: RUNNING
Status: RUNNING
Status: RUNNING
Status: RUNNING
Status: RUNNING
Status: RUNNING
Status: RUNNING
Status: RUNNING
Status: RUNNING
Status: RUNNING
Status: RUNNING
Status: RUNNING
Status: RUNNING
Status: RUNNING
Status: RUNNING
Status: RUNNING
Status: RUNNING
Status: RUNNING
Status: COMPLETED
QMEANDisCo: 0.7920
Mutating chain A, position 59: TYR -> PHE
Submitted ./1UBQ_Results/1.pdb
Checking: https://swissmodel.expasy.org/qmean/fLfZwt.json
Status: QUEUEING
Status: QUEUEING
Status: QUEUEING
Status: QUEUEING
Status: QUEUEING
Status: QUEUEING
Status: QUEUEING
Status: QUEUEING
Status: RUNNING
Status: RUNNING
Status: RUNNING
Status: RUNNING
Status: RUNNING
Status: RUNNING
Status: RUNNING
Status: RUNNING
Status: RUNNING
Status: RUNNING
Status: RUNNING
Status: RUNNING
Status: RUNNING
Status: RUNNING
Status: RUNNING
Status: RUNNING
Status: RUNNING
Status: RUNNING
Status: RUNNING
Status: RUNNING
Status: RUNNING
Status: RUNNING
Status: RUNNING
Status: RUNNING
Status: RUNNING
Status: RUNNING
Status: RUNNING
Status: RUNNING
Status: RUNNING
Status: RUNNING
Status: RUNNING
Status: RUNNING
Status: RUNNING
Status: RUNNING
Status: RUNNING
Status: RUNNING
Status: RUNNING
Status: RUNNING
Status: RUNNING
Status: RUNNING
Status: RUNNING
Status: RUNNING
Status: RUNNING
Status: RUNNING
Status: RUNNING
Status: RUNNING
Status: RUNNING
Status: RUNNING
Status: RUNNING
Status: RUNNING
Status: RUNNING
Status: RUNNING
Status: RUNNING
Status: RUNNING
Status: RUNNING
Status: RUNNING
Status: RUNNING
Status: RUNNING
Status: RUNNING
Status: COMPLETED
QMEANDisCo: 0.8008
Mutating chain A, position 36: ILE -> TRP
Submitted ./1UBQ_Results/1.pdb
Checking: https://swissmodel.expasy.org/qmean/VFCEqR.json
Status: QUEUEING
Status: QUEUEING
Status: QUEUEING
Status: QUEUEING
Status: QUEUEING
Status: QUEUEING
Status: QUEUEING
Status: RUNNING
Status: RUNNING
Status: RUNNING
Status: RUNNING
Status: RUNNING
Status: RUNNING
Status: RUNNING
Status: RUNNING
Status: RUNNING
Status: RUNNING
Status: RUNNING
Status: RUNNING
Status: RUNNING
Status: RUNNING
Status: RUNNING
Status: RUNNING
Status: RUNNING
Status: RUNNING
Status: RUNNING
Status: RUNNING
Status: RUNNING
Status: RUNNING
Status: RUNNING
Status: RUNNING
Status: RUNNING
Status: RUNNING
Status: RUNNING
Status: RUNNING
Status: RUNNING
Status: RUNNING
Status: RUNNING
Status: RUNNING
Status: RUNNING
Status: RUNNING
Status: RUNNING
Status: RUNNING
Status: RUNNING
Status: RUNNING
Status: RUNNING
Status: RUNNING
Status: RUNNING
Status: RUNNING
Status: RUNNING
Status: RUNNING
Status: RUNNING
Status: RUNNING
Status: RUNNING
Status: RUNNING
Status: RUNNING
Status: RUNNING
Status: RUNNING
Status: RUNNING
Status: RUNNING
Status: RUNNING
Status: RUNNING
Status: RUNNING
Status: RUNNING
Status: RUNNING
Status: RUNNING
Status: COMPLETED
QMEANDisCo: 0.7840
Mutating chain A, position 51: GLU -> SER
Submitted ./1UBQ_Results/1.pdb
Checking: https://swissmodel.expasy.org/qmean/4bmKRc.json
Status: QUEUEING
Status: QUEUEING
Status: QUEUEING
Status: QUEUEING
Status: QUEUEING
Status: QUEUEING
Status: QUEUEING
Status: QUEUEING
Status: RUNNING
Status: RUNNING
Status: RUNNING
Status: RUNNING
Status: RUNNING
Status: RUNNING
Status: RUNNING
Status: RUNNING
Status: RUNNING
Status: RUNNING
Status: RUNNING
Status: RUNNING
Status: RUNNING
Status: RUNNING
Status: RUNNING
Status: RUNNING
Status: RUNNING
Status: RUNNING
Status: RUNNING
Status: RUNNING
Status: RUNNING
Status: RUNNING
Status: RUNNING
Status: RUNNING
Status: RUNNING
Status: RUNNING
Status: RUNNING
Status: RUNNING
Status: RUNNING
Status: RUNNING
Status: COMPLETED
QMEANDisCo: 0.7979
Mutating chain A, position 32: ASP -> ARG
Submitted ./1UBQ_Results/1.pdb
Checking: https://swissmodel.expasy.org/qmean/jFsKTK.json
Status: QUEUEING
Status: QUEUEING
Status: QUEUEING
Status: QUEUEING
Status: QUEUEING
Status: QUEUEING
Status: QUEUEING
Status: RUNNING
Status: RUNNING
Status: RUNNING
Status: RUNNING
Status: RUNNING
Status: RUNNING
Status: RUNNING
Status: RUNNING
Status: RUNNING
Status: RUNNING
Status: RUNNING
Status: RUNNING
Status: RUNNING
Status: RUNNING
Status: RUNNING
Status: RUNNING
Status: RUNNING
Status: RUNNING
Status: RUNNING
Status: RUNNING
Status: RUNNING
Status: RUNNING
Status: RUNNING
Status: RUNNING
Status: RUNNING
Status: RUNNING
Status: RUNNING
Status: RUNNING
Status: RUNNING
Status: RUNNING
Status: RUNNING
Status: RUNNING
Status: RUNNING
Status: RUNNING
Status: RUNNING
Status: RUNNING
Status: RUNNING
Status: RUNNING
Status: RUNNING
Status: RUNNING
Status: RUNNING
Status: RUNNING
Status: RUNNING
Status: RUNNING
Status: RUNNING
Status: RUNNING
Status: RUNNING
Status: RUNNING
Status: RUNNING
Status: RUNNING
Status: RUNNING
Status: RUNNING
Status: RUNNING
Status: RUNNING
Status: RUNNING
Status: RUNNING
Status: RUNNING
Status: RUNNING
Status: RUNNING
Status: COMPLETED
QMEANDisCo: 0.7976
Mutating chain A, position 28: ALA -> MET
Submitted ./1UBQ_Results/1.pdb
Checking: https://swissmodel.expasy.org/qmean/5DUxnv.json
Status: QUEUEING
Status: QUEUEING
Status: QUEUEING
Status: QUEUEING
Status: QUEUEING
Status: QUEUEING
Status: QUEUEING
Status: QUEUEING
Status: RUNNING
Status: RUNNING
Status: RUNNING
Status: RUNNING
Status: RUNNING
Status: RUNNING
Status: RUNNING
Status: RUNNING
Status: RUNNING
Status: RUNNING
Status: RUNNING
Status: RUNNING
Status: RUNNING
Status: RUNNING
Status: RUNNING
Status: RUNNING
Status: RUNNING
Status: RUNNING
Status: RUNNING
Status: RUNNING
Status: RUNNING
Status: RUNNING
Status: RUNNING
Status: RUNNING
Status: RUNNING
Status: RUNNING
Status: RUNNING
Status: RUNNING
Status: RUNNING
Status: RUNNING
Status: RUNNING
Status: RUNNING
Status: RUNNING
Status: RUNNING
Status: RUNNING
Status: RUNNING
Status: RUNNING
Status: RUNNING
Status: RUNNING
Status: RUNNING
Status: RUNNING
Status: RUNNING
Status: RUNNING
Status: RUNNING
Status: RUNNING
Status: RUNNING
Status: RUNNING
Status: RUNNING
Status: RUNNING
Status: RUNNING
Status: RUNNING
Status: COMPLETED
QMEANDisCo: 0.7958
Mutating chain A, position 23: ILE -> ASP
Network error: 503 Server Error: Service Unavailable for url: https://swissmodel.expasy.org/qmean/submit/
Retrying in 10 seconds...
Network error: 503 Server Error: Service Unavailable for url: https://swissmodel.expasy.org/qmean/submit/
Retrying in 10 seconds...
Network error: 503 Server Error: Service Unavailable for url: https://swissmodel.expasy.org/qmean/submit/
Retrying in 10 seconds...
Network error: 503 Server Error: Service Unavailable for url: https://swissmodel.expasy.org/qmean/submit/
Retrying in 10 seconds...
Network error: 503 Server Error: Service Unavailable for url: https://swissmodel.expasy.org/qmean/submit/
Retrying in 10 seconds...
Network error: 503 Server Error: Service Unavailable for url: https://swissmodel.expasy.org/qmean/submit/
Retrying in 10 seconds...
Submitted ./1UBQ_Results/1.pdb
Checking: https://swissmodel.expasy.org/qmean/mGwsBH.json
Network error: 503 Server Error: Service Unavailable for url: https://swissmodel.expasy.org/qmean/mGwsBH.json
Retrying in 10 seconds...
Network error: 503 Server Error: Service Unavailable for url: https://swissmodel.expasy.org/qmean/mGwsBH.json
Retrying in 10 seconds...
Network error: 503 Server Error: Service Unavailable for url: https://swissmodel.expasy.org/qmean/mGwsBH.json
Retrying in 10 seconds...
Network error: 503 Server Error: Service Unavailable for url: https://swissmodel.expasy.org/qmean/mGwsBH.json
Retrying in 10 seconds...
Network error: 503 Server Error: Service Unavailable for url: https://swissmodel.expasy.org/qmean/mGwsBH.json
Retrying in 10 seconds...
Network error: 503 Server Error: Service Unavailable for url: https://swissmodel.expasy.org/qmean/mGwsBH.json
Retrying in 10 seconds...
Network error: 503 Server Error: Service Unavailable for url: https://swissmodel.expasy.org/qmean/mGwsBH.json
Retrying in 10 seconds...
Network error: 503 Server Error: Service Unavailable for url: https://swissmodel.expasy.org/qmean/mGwsBH.json
Retrying in 10 seconds...
Network error: 503 Server Error: Service Unavailable for url: https://swissmodel.expasy.org/qmean/mGwsBH.json
Retrying in 10 seconds...
Network error: 503 Server Error: Service Unavailable for url: https://swissmodel.expasy.org/qmean/mGwsBH.json
Retrying in 10 seconds...
Status: COMPLETED
QMEANDisCo: 0.7874
Mutating chain A, position 10: GLY -> GLN
Submitted ./1UBQ_Results/1.pdb
Checking: https://swissmodel.expasy.org/qmean/WPeCmj.json
Status: QUEUEING
Status: RUNNING
Status: RUNNING
Status: RUNNING
Status: RUNNING
Status: RUNNING
Status: RUNNING
Status: RUNNING
Status: RUNNING
Status: RUNNING
Status: RUNNING
Status: RUNNING
Status: RUNNING
Status: RUNNING
Status: RUNNING
Status: RUNNING
Status: RUNNING
Status: RUNNING
Status: RUNNING
Status: RUNNING
Status: RUNNING
Status: RUNNING
Status: COMPLETED
QMEANDisCo: 0.7839
Mutating chain A, position 65: SER -> LYS
Submitted ./1UBQ_Results/1.pdb
Checking: https://swissmodel.expasy.org/qmean/E6CbJs.json
Status: QUEUEING
Status: QUEUEING
Status: QUEUEING
Status: QUEUEING
Status: QUEUEING
Status: QUEUEING
Status: QUEUEING
Status: RUNNING
Status: RUNNING
Status: RUNNING
Status: RUNNING
Status: RUNNING
Status: RUNNING
Status: RUNNING
Status: RUNNING
Status: RUNNING
Status: RUNNING
Status: RUNNING
Status: RUNNING
Status: RUNNING
Status: RUNNING
Status: RUNNING
Status: RUNNING
Status: RUNNING
Status: RUNNING
Status: RUNNING
Status: RUNNING
Status: RUNNING
Status: RUNNING
Status: RUNNING
Status: RUNNING
Status: RUNNING
Status: RUNNING
Status: RUNNING
Status: RUNNING
Status: RUNNING
Status: COMPLETED
QMEANDisCo: 0.7941
Mutating chain A, position 19: PRO -> ASP
Submitted ./1UBQ_Results/1.pdb
Checking: https://swissmodel.expasy.org/qmean/v6MkFL.json
Status: QUEUEING
Status: QUEUEING
Status: QUEUEING
Status: QUEUEING
Status: QUEUEING
Status: QUEUEING
Status: QUEUEING
Status: RUNNING
Status: RUNNING
Status: RUNNING
Status: RUNNING
Status: RUNNING
Status: RUNNING
Status: RUNNING
Status: RUNNING
Status: RUNNING
Status: RUNNING
Status: RUNNING
Status: RUNNING
Status: RUNNING
Status: RUNNING
Status: RUNNING
Status: RUNNING
Status: RUNNING
Status: RUNNING
Status: RUNNING
Status: RUNNING
Status: RUNNING
Status: RUNNING
Status: RUNNING
Status: RUNNING
Status: RUNNING
Status: RUNNING
Status: RUNNING
Status: RUNNING
Status: COMPLETED
QMEANDisCo: 0.7946
Mutating chain A, position 18: GLU -> PRO
Submitted ./1UBQ_Results/1.pdb
Checking: https://swissmodel.expasy.org/qmean/Sg7D8Z.json
Status: QUEUEING
Status: QUEUEING
Status: QUEUEING
Status: QUEUEING
Status: QUEUEING
Status: QUEUEING
Status: QUEUEING
Status: QUEUEING
Status: QUEUEING
Status: QUEUEING
Status: QUEUEING
Status: QUEUEING
Status: RUNNING
Status: RUNNING
Status: RUNNING
Status: RUNNING
Status: RUNNING
Status: RUNNING
Status: RUNNING
Status: RUNNING
Status: RUNNING
Status: RUNNING
Status: RUNNING
Status: RUNNING
Status: RUNNING
Status: RUNNING
Status: RUNNING
Status: RUNNING
Status: RUNNING
Status: RUNNING
Status: RUNNING
Status: RUNNING
Status: RUNNING
Status: COMPLETED
QMEANDisCo: 0.7940
Mutating chain A, position 13: ILE -> LEU
Submitted ./1UBQ_Results/1.pdb
Checking: https://swissmodel.expasy.org/qmean/5NQmJu.json
Status: QUEUEING
Status: QUEUEING
Status: QUEUEING
Status: QUEUEING
Status: QUEUEING
Status: QUEUEING
Status: QUEUEING
Status: RUNNING
Status: RUNNING
Status: RUNNING
Status: RUNNING
Status: RUNNING
Status: RUNNING
Status: RUNNING
Status: RUNNING
Status: RUNNING
Status: RUNNING
Status: RUNNING
Status: RUNNING
Status: RUNNING
Status: RUNNING
Status: RUNNING
Status: RUNNING
Status: RUNNING
Status: RUNNING
Status: RUNNING
Status: RUNNING
Status: RUNNING
Status: RUNNING
Status: RUNNING
Status: RUNNING
Status: RUNNING
Status: RUNNING
Status: RUNNING
Status: RUNNING
Status: RUNNING
Status: RUNNING
Status: RUNNING
Status: RUNNING
Status: RUNNING
Status: RUNNING
Status: RUNNING
Status: RUNNING
Status: RUNNING
Status: RUNNING
Status: RUNNING
Status: RUNNING
Status: RUNNING
Status: RUNNING
Status: RUNNING
Status: RUNNING
Status: RUNNING
Status: RUNNING
Status: RUNNING
Status: RUNNING
Status: RUNNING
Status: RUNNING
Status: RUNNING
Status: RUNNING
Status: RUNNING
Status: RUNNING
Status: RUNNING
Status: RUNNING
Status: RUNNING
Status: RUNNING
Status: COMPLETED
QMEANDisCo: 0.7970
Mutating chain A, position 8: LEU -> TRP
Submitted ./1UBQ_Results/1.pdb
Checking: https://swissmodel.expasy.org/qmean/rmPZy6.json
Status: QUEUEING
Status: QUEUEING
Status: QUEUEING
Status: QUEUEING
Status: QUEUEING
Status: QUEUEING
Status: QUEUEING
Status: RUNNING
Status: RUNNING
Status: RUNNING
Status: RUNNING
Status: RUNNING
Status: RUNNING
Status: RUNNING
Status: RUNNING
Status: RUNNING
Status: RUNNING
Status: RUNNING
Status: RUNNING
Status: RUNNING
Status: RUNNING
Status: RUNNING
Status: RUNNING
Status: RUNNING
Status: RUNNING
Status: RUNNING
Status: RUNNING
Status: RUNNING
Status: RUNNING
Status: RUNNING
Status: RUNNING
Status: RUNNING
Status: RUNNING
Status: RUNNING
Status: RUNNING
Status: RUNNING
Status: RUNNING
Status: RUNNING
Status: RUNNING
Status: RUNNING
Status: RUNNING
Status: RUNNING
Status: RUNNING
Status: RUNNING
Status: RUNNING
Status: RUNNING
Status: RUNNING
Status: RUNNING
Status: RUNNING
Status: RUNNING
Status: RUNNING
Status: RUNNING
Status: RUNNING
Status: RUNNING
Status: RUNNING
Status: RUNNING
Status: RUNNING
Status: RUNNING
Status: RUNNING
Status: RUNNING
Status: RUNNING
Status: RUNNING
Status: RUNNING
Status: COMPLETED
QMEANDisCo: 0.7933
Mutating chain A, position 76: GLY -> PRO
Submitted ./1UBQ_Results/1.pdb
Checking: https://swissmodel.expasy.org/qmean/hw4Nja.json
Status: QUEUEING
Status: QUEUEING
Status: QUEUEING
Status: QUEUEING
Status: QUEUEING
Status: QUEUEING
Status: QUEUEING
Status: RUNNING
Status: RUNNING
Status: RUNNING
Status: RUNNING
Status: RUNNING
Status: RUNNING
Status: RUNNING
Status: RUNNING
Status: RUNNING
Status: RUNNING
Status: RUNNING
Status: RUNNING
Status: RUNNING
Status: RUNNING
Status: RUNNING
Status: RUNNING
Status: RUNNING
Status: RUNNING
Status: RUNNING
Status: RUNNING
Status: RUNNING
Status: RUNNING
Status: RUNNING
Status: RUNNING
Status: RUNNING
Status: RUNNING
Status: RUNNING
Status: RUNNING
Status: RUNNING
Status: COMPLETED
QMEANDisCo: 0.7969
Mutating chain A, position 25: ASN -> TRP
Submitted ./1UBQ_Results/1.pdb
Checking: https://swissmodel.expasy.org/qmean/nvPUCJ.json
Status: QUEUEING
Status: QUEUEING
Status: QUEUEING
Status: QUEUEING
Status: QUEUEING
Status: QUEUEING
Status: QUEUEING
Status: QUEUEING
Status: RUNNING
Status: RUNNING
Status: RUNNING
Status: RUNNING
Status: RUNNING
Status: RUNNING
Status: RUNNING
Status: RUNNING
Status: RUNNING
Status: RUNNING
Status: RUNNING
Status: RUNNING
Status: RUNNING
Status: RUNNING
Status: RUNNING
Status: RUNNING
Status: RUNNING
Status: RUNNING
Status: RUNNING
Status: RUNNING
Status: RUNNING
Status: RUNNING
Status: RUNNING
Status: RUNNING
Status: RUNNING
Status: RUNNING
Status: RUNNING
Status: RUNNING
Status: RUNNING
Status: COMPLETED
QMEANDisCo: 0.7866
Mutating chain A, position 32: ASP -> TRP
Submitted ./1UBQ_Results/1.pdb
Checking: https://swissmodel.expasy.org/qmean/W7tBRe.json
Status: QUEUEING
Status: QUEUEING
Status: QUEUEING
Status: QUEUEING
Status: QUEUEING
Status: QUEUEING
Status: QUEUEING
Status: QUEUEING
Status: RUNNING
Status: RUNNING
Status: RUNNING
Status: RUNNING
Status: RUNNING
Status: RUNNING
Status: RUNNING
Status: RUNNING
Status: RUNNING
Status: RUNNING
Status: RUNNING
Status: RUNNING
Status: RUNNING
Status: RUNNING
Status: RUNNING
Status: RUNNING
Status: RUNNING
Status: RUNNING
Status: RUNNING
Status: RUNNING
Status: RUNNING
Status: RUNNING
Status: RUNNING
Status: RUNNING
Status: RUNNING
Status: RUNNING
Status: RUNNING
Status: RUNNING
Status: RUNNING
Status: RUNNING
Status: RUNNING
Status: RUNNING
Status: RUNNING
Status: RUNNING
Status: RUNNING
Status: RUNNING
Status: RUNNING
Status: RUNNING
Status: RUNNING
Status: RUNNING
Status: RUNNING
Status: RUNNING
Status: RUNNING
Status: RUNNING
Status: RUNNING
Status: RUNNING
Status: RUNNING
Status: RUNNING
Status: RUNNING
Status: RUNNING
Status: RUNNING
Status: RUNNING
Status: COMPLETED
QMEANDisCo: 0.8061
Mutating chain A, position 40: GLN -> MET
Submitted ./1UBQ_Results/1.pdb
Checking: https://swissmodel.expasy.org/qmean/fBcCQs.json
Status: QUEUEING
Status: QUEUEING
Status: QUEUEING
Status: QUEUEING
Status: QUEUEING
Status: QUEUEING
Status: QUEUEING
Status: RUNNING
Status: RUNNING
Status: RUNNING
Status: RUNNING
Status: RUNNING
Status: RUNNING
Status: RUNNING
Status: RUNNING
Status: RUNNING
Status: RUNNING
Status: RUNNING
Status: RUNNING
Status: RUNNING
Status: RUNNING
Status: RUNNING
Status: RUNNING
Status: RUNNING
Status: RUNNING
Status: RUNNING
Status: RUNNING
Status: RUNNING
Status: RUNNING
Status: RUNNING
Status: RUNNING
Status: RUNNING
Status: RUNNING
Status: RUNNING
Status: RUNNING
Status: RUNNING
Status: COMPLETED
QMEANDisCo: 0.7940
Mutating chain A, position 10: GLY -> SER
Submitted ./1UBQ_Results/1.pdb
Checking: https://swissmodel.expasy.org/qmean/nv2mGv.json
Status: QUEUEING
Status: QUEUEING
Status: QUEUEING
Status: QUEUEING
Status: QUEUEING
Status: QUEUEING
Status: QUEUEING
Status: QUEUEING
Status: RUNNING
Status: RUNNING
Status: RUNNING
Status: RUNNING
Status: RUNNING
Status: RUNNING
Status: RUNNING
Status: RUNNING
Status: RUNNING
Status: RUNNING
Status: RUNNING
Status: RUNNING
Status: RUNNING
Status: RUNNING
Status: RUNNING
Status: RUNNING
Status: RUNNING
Status: RUNNING
Status: RUNNING
Status: RUNNING
Status: RUNNING
Status: RUNNING
Status: RUNNING
Status: RUNNING
Status: RUNNING
Status: RUNNING
Status: RUNNING
Status: RUNNING
Status: COMPLETED
QMEANDisCo: 0.7936
Mutating chain A, position 62: GLN -> THR
Submitted ./1UBQ_Results/1.pdb
Checking: https://swissmodel.expasy.org/qmean/ZaTLe5.json
Status: QUEUEING
Status: QUEUEING
Status: QUEUEING
Status: QUEUEING
Status: QUEUEING
Status: QUEUEING
Status: QUEUEING
Status: QUEUEING
Status: RUNNING
Status: RUNNING
Status: RUNNING
Status: RUNNING
Status: RUNNING
Status: RUNNING
Status: RUNNING
Status: RUNNING
Status: RUNNING
Status: RUNNING
Status: RUNNING
Status: RUNNING
Status: RUNNING
Status: RUNNING
Status: RUNNING
Status: RUNNING
Status: RUNNING
Status: RUNNING
Status: RUNNING
Status: RUNNING
Status: RUNNING
Status: RUNNING
Status: RUNNING
Status: RUNNING
Status: RUNNING
Status: RUNNING
Status: RUNNING
Status: RUNNING
Status: RUNNING
Status: COMPLETED
QMEANDisCo: 0.7970
Mutating chain A, position 45: PHE -> TRP
Submitted ./1UBQ_Results/1.pdb
Checking: https://swissmodel.expasy.org/qmean/kfbgyZ.json
Status: QUEUEING
Status: QUEUEING
Status: QUEUEING
Status: QUEUEING
Status: QUEUEING
Status: QUEUEING
Status: QUEUEING
Status: RUNNING
Status: RUNNING
Status: RUNNING
Status: RUNNING
Status: RUNNING
Status: RUNNING
Status: RUNNING
Status: RUNNING
Status: RUNNING
Status: RUNNING
Status: RUNNING
Status: RUNNING
Status: RUNNING
Status: RUNNING
Status: RUNNING
Status: RUNNING
Status: RUNNING
Status: RUNNING
Status: RUNNING
Status: RUNNING
Status: RUNNING
Status: RUNNING
Status: RUNNING
Status: RUNNING
Status: RUNNING
Status: RUNNING
Status: RUNNING
Status: RUNNING
Status: RUNNING
Status: RUNNING
Status: COMPLETED
QMEANDisCo: 0.7903
Mutating chain A, position 63: LYS -> ASP
Submitted ./1UBQ_Results/1.pdb
Checking: https://swissmodel.expasy.org/qmean/sVx8Dh.json
Status: QUEUEING
Status: QUEUEING
Status: QUEUEING
Status: QUEUEING
Status: QUEUEING
Status: QUEUEING
Status: QUEUEING
Status: RUNNING
Status: RUNNING
Status: RUNNING
Status: RUNNING
Status: RUNNING
Status: RUNNING
Status: RUNNING
Status: RUNNING
Status: RUNNING
Status: RUNNING
Status: RUNNING
Status: RUNNING
Status: RUNNING
Status: RUNNING
Status: RUNNING
Status: RUNNING
Status: RUNNING
Status: RUNNING
Status: RUNNING
Status: RUNNING
Status: RUNNING
Status: RUNNING
Status: RUNNING
Status: RUNNING
Status: RUNNING
Status: RUNNING
Status: RUNNING
Status: RUNNING
Status: RUNNING
Status: RUNNING
Status: RUNNING
Status: RUNNING
Status: RUNNING
Status: RUNNING
Status: RUNNING
Status: RUNNING
Status: RUNNING
Status: RUNNING
Status: RUNNING
Status: RUNNING
Status: RUNNING
Status: RUNNING
Status: RUNNING
Status: RUNNING
Status: RUNNING
Status: RUNNING
Status: RUNNING
Status: RUNNING
Status: RUNNING
Status: RUNNING
Status: RUNNING
Status: RUNNING
Status: RUNNING
Status: RUNNING
Status: RUNNING
Status: RUNNING
Status: RUNNING
Status: RUNNING
Status: RUNNING
Status: COMPLETED
QMEANDisCo: 0.7986
Mutating chain A, position 47: GLY -> THR
Submitted ./1UBQ_Results/1.pdb
Checking: https://swissmodel.expasy.org/qmean/FYU5gr.json
Status: QUEUEING
Status: QUEUEING
Status: QUEUEING
Status: QUEUEING
Status: QUEUEING
Status: QUEUEING
Status: QUEUEING
Status: RUNNING
Status: RUNNING
Status: RUNNING
Status: RUNNING
Status: RUNNING
Status: RUNNING
Status: RUNNING
Status: RUNNING
Status: RUNNING
Status: RUNNING
Status: RUNNING
Status: RUNNING
Status: RUNNING
Status: RUNNING
Status: RUNNING
Status: RUNNING
Status: RUNNING
Status: RUNNING
Status: RUNNING
Status: RUNNING
Status: RUNNING
Status: RUNNING
Status: RUNNING
Status: RUNNING
Status: RUNNING
Status: RUNNING
Status: RUNNING
Status: RUNNING
Status: RUNNING
Status: RUNNING
Status: COMPLETED
QMEANDisCo: 0.7886
Mutating chain A, position 59: TYR -> LYS
Submitted ./1UBQ_Results/1.pdb
Checking: https://swissmodel.expasy.org/qmean/x86bV9.json
Status: QUEUEING
Status: QUEUEING
Status: QUEUEING
Status: QUEUEING
Status: QUEUEING
Status: QUEUEING
Status: QUEUEING
Status: RUNNING
Status: RUNNING
Status: RUNNING
Status: RUNNING
Status: RUNNING
Status: RUNNING
Status: RUNNING
Status: RUNNING
Status: RUNNING
Status: RUNNING
Status: RUNNING
Status: RUNNING
Status: RUNNING
Status: RUNNING
Status: RUNNING
Status: RUNNING
Status: RUNNING
Status: RUNNING
Status: RUNNING
Status: RUNNING
Status: RUNNING
Status: RUNNING
Status: RUNNING
Status: RUNNING
Status: RUNNING
Status: RUNNING
Status: RUNNING
Status: RUNNING
Status: RUNNING
Status: RUNNING
Status: COMPLETED
QMEANDisCo: 0.7903
Mutating chain A, position 60: ASN -> VAL
Submitted ./1UBQ_Results/1.pdb
Checking: https://swissmodel.expasy.org/qmean/nLWJzV.json
Status: QUEUEING
Status: QUEUEING
Status: QUEUEING
Status: QUEUEING
Status: QUEUEING
Status: QUEUEING
Status: QUEUEING
Status: RUNNING
Status: RUNNING
Status: RUNNING
Status: RUNNING
Status: RUNNING
Status: RUNNING
Status: RUNNING
Status: RUNNING
Status: RUNNING
Status: RUNNING
Status: RUNNING
Status: RUNNING
Status: RUNNING
Status: RUNNING
Status: RUNNING
Status: RUNNING
Status: RUNNING
Status: RUNNING
Status: RUNNING
Status: RUNNING
Status: RUNNING
Status: RUNNING
Status: RUNNING
Status: RUNNING
Status: RUNNING
Status: RUNNING
Status: RUNNING
Status: RUNNING
Status: RUNNING
Status: RUNNING
Status: RUNNING
Status: RUNNING
Status: RUNNING
Status: RUNNING
Status: RUNNING
Status: RUNNING
Status: RUNNING
Status: RUNNING
Status: RUNNING
Status: RUNNING
Status: RUNNING
Status: RUNNING
Status: RUNNING
Status: RUNNING
Status: RUNNING
Status: RUNNING
Status: RUNNING
Status: RUNNING
Status: RUNNING
Status: RUNNING
Status: RUNNING
Status: RUNNING
Status: RUNNING
Status: RUNNING
Status: RUNNING
Status: RUNNING
Status: RUNNING
Status: RUNNING
Status: RUNNING
Status: COMPLETED
QMEANDisCo: 0.7911
Mutating chain A, position 31: GLN -> VAL
Submitted ./1UBQ_Results/1.pdb
Checking: https://swissmodel.expasy.org/qmean/RbZFA2.json
Status: QUEUEING
Status: QUEUEING
Status: QUEUEING
Status: QUEUEING
Status: QUEUEING
Status: QUEUEING
Status: QUEUEING
Status: QUEUEING
Status: RUNNING
Status: RUNNING
Status: RUNNING
Status: RUNNING
Status: RUNNING
Status: RUNNING
Status: RUNNING
Status: RUNNING
Status: RUNNING
Status: RUNNING
Status: RUNNING
Status: RUNNING
Status: RUNNING
Status: RUNNING
Status: RUNNING
Status: RUNNING
Status: RUNNING
Status: RUNNING
Status: RUNNING
Status: RUNNING
Status: RUNNING
Status: RUNNING
Status: RUNNING
Status: RUNNING
Status: RUNNING
Status: RUNNING
Status: RUNNING
Status: RUNNING
Status: RUNNING
Status: RUNNING
Status: RUNNING
Status: RUNNING
Status: RUNNING
Status: RUNNING
Status: RUNNING
Status: RUNNING
Status: RUNNING
Status: RUNNING
Status: RUNNING
Status: RUNNING
Status: RUNNING
Status: RUNNING
Status: RUNNING
Status: RUNNING
Status: RUNNING
Status: RUNNING
Status: RUNNING
Status: RUNNING
Status: RUNNING
Status: RUNNING
Status: RUNNING
Status: RUNNING
Status: RUNNING
Status: RUNNING
Status: RUNNING
Status: RUNNING
Status: RUNNING
Status: COMPLETED
QMEANDisCo: 0.7930
Mutating chain A, position 22: THR -> PHE
Submitted ./1UBQ_Results/1.pdb
Checking: https://swissmodel.expasy.org/qmean/HZ8vgt.json
Status: QUEUEING
Status: QUEUEING
Status: QUEUEING
Status: QUEUEING
Status: QUEUEING
Status: QUEUEING
Status: QUEUEING
Status: RUNNING
Status: RUNNING
Status: RUNNING
Status: RUNNING
Status: RUNNING
Status: RUNNING
Status: RUNNING
Status: RUNNING
Status: RUNNING
Status: RUNNING
Status: RUNNING
Status: RUNNING
Status: RUNNING
Status: RUNNING
Status: RUNNING
Status: RUNNING
Status: RUNNING
Status: RUNNING
Status: RUNNING
Status: RUNNING
Status: RUNNING
Status: RUNNING
Status: RUNNING
Status: RUNNING
Status: RUNNING
Status: RUNNING
Status: RUNNING
Status: RUNNING
Status: RUNNING
Status: RUNNING
Status: RUNNING
Status: RUNNING
Status: RUNNING
Status: RUNNING
Status: RUNNING
Status: RUNNING
Status: RUNNING
Status: RUNNING
Status: RUNNING
Status: RUNNING
Status: RUNNING
Status: RUNNING
Status: RUNNING
Status: RUNNING
Status: RUNNING
Status: RUNNING
Status: RUNNING
Status: RUNNING
Status: RUNNING
Status: RUNNING
Status: RUNNING
Status: RUNNING
Status: RUNNING
Status: RUNNING
Status: RUNNING
Status: RUNNING
Status: RUNNING
Status: RUNNING
Status: RUNNING
Status: COMPLETED
QMEANDisCo: 0.7833
Mutating chain A, position 46: ALA -> ARG
Submitted ./1UBQ_Results/1.pdb
Checking: https://swissmodel.expasy.org/qmean/MwbKUg.json
Status: QUEUEING
Status: QUEUEING
Status: QUEUEING
Status: QUEUEING
Status: QUEUEING
Status: QUEUEING
Status: QUEUEING
Status: RUNNING
Status: RUNNING
Status: RUNNING
Status: RUNNING
Status: RUNNING
Status: RUNNING
Status: RUNNING
Status: RUNNING
Status: RUNNING
Status: RUNNING
Status: RUNNING
Status: RUNNING
Status: RUNNING
Status: RUNNING
Status: RUNNING
Status: RUNNING
Status: RUNNING
Status: RUNNING
Status: RUNNING
Status: RUNNING
Status: RUNNING
Status: RUNNING
Status: RUNNING
Status: RUNNING
Status: RUNNING
Status: RUNNING
Status: RUNNING
Status: RUNNING
Status: RUNNING
Status: RUNNING
Status: RUNNING
Status: RUNNING
Status: RUNNING
Status: RUNNING
Status: RUNNING
Status: RUNNING
Status: RUNNING
Status: RUNNING
Status: RUNNING
Status: RUNNING
Status: RUNNING
Status: RUNNING
Status: RUNNING
Status: RUNNING
Status: RUNNING
Status: RUNNING
Status: RUNNING
Status: RUNNING
Status: RUNNING
Status: RUNNING
Status: RUNNING
Status: RUNNING
Status: RUNNING
Status: RUNNING
Status: RUNNING
Status: RUNNING
Status: RUNNING
Status: RUNNING
Status: RUNNING
Status: RUNNING
Status: COMPLETED
QMEANDisCo: 0.7962
Mutating chain A, position 21: ASP -> TYR
Submitted ./1UBQ_Results/1.pdb
Checking: https://swissmodel.expasy.org/qmean/5Lr2xh.json
Status: QUEUEING
Status: QUEUEING
Status: QUEUEING
Status: QUEUEING
Status: QUEUEING
Status: QUEUEING
Status: QUEUEING
Status: RUNNING
Status: RUNNING
Status: RUNNING
Status: RUNNING
Status: RUNNING
Status: RUNNING
Status: RUNNING
Status: RUNNING
Status: RUNNING
Status: RUNNING
Status: RUNNING
Status: RUNNING
Status: RUNNING
Status: RUNNING
Status: RUNNING
Status: RUNNING
Status: RUNNING
Status: RUNNING
Status: RUNNING
Status: RUNNING
Status: RUNNING
Status: RUNNING
Status: RUNNING
Status: RUNNING
Status: RUNNING
Status: RUNNING
Status: RUNNING
Status: RUNNING
Status: RUNNING
Status: RUNNING
Status: RUNNING
Status: RUNNING
Status: RUNNING
Status: RUNNING
Status: RUNNING
Status: RUNNING
Status: RUNNING
Status: RUNNING
Status: RUNNING
Status: RUNNING
Status: RUNNING
Status: RUNNING
Status: RUNNING
Status: RUNNING
Status: RUNNING
Status: RUNNING
Status: RUNNING
Status: RUNNING
Status: RUNNING
Status: RUNNING
Status: RUNNING
Status: RUNNING
Status: RUNNING
Status: RUNNING
Status: RUNNING
Status: RUNNING
Status: RUNNING
Status: RUNNING
Status: RUNNING
Status: RUNNING
Status: COMPLETED
QMEANDisCo: 0.7829
Mutating chain A, position 57: SER -> HIS
Submitted ./1UBQ_Results/1.pdb
Checking: https://swissmodel.expasy.org/qmean/ZP4RR4.json
Status: QUEUEING
Status: QUEUEING
Status: QUEUEING
Status: QUEUEING
Status: QUEUEING
Status: QUEUEING
Status: QUEUEING
Status: QUEUEING
Status: RUNNING
Status: RUNNING
Status: RUNNING
Status: RUNNING
Status: RUNNING
Status: RUNNING
Status: RUNNING
Status: RUNNING
Status: RUNNING
Status: RUNNING
Status: RUNNING
Status: RUNNING
Status: RUNNING
Status: RUNNING
Status: RUNNING
Status: RUNNING
Status: RUNNING
Status: RUNNING
Status: RUNNING
Status: RUNNING
Status: RUNNING
Status: RUNNING
Status: RUNNING
Status: RUNNING
Status: RUNNING
Status: RUNNING
Status: RUNNING
Status: RUNNING
Status: RUNNING
Status: RUNNING
Status: RUNNING
Status: RUNNING
Status: RUNNING
Status: RUNNING
Status: RUNNING
Status: RUNNING
Status: RUNNING
Status: RUNNING
Status: RUNNING
Status: RUNNING
Status: RUNNING
Status: RUNNING
Status: RUNNING
Status: RUNNING
Status: RUNNING
Status: RUNNING
Status: RUNNING
Status: RUNNING
Status: RUNNING
Status: RUNNING
Status: RUNNING
Status: RUNNING
Status: RUNNING
Status: RUNNING
Status: RUNNING
Status: RUNNING
Status: RUNNING
Status: RUNNING
Status: COMPLETED
QMEANDisCo: 0.7751
Mutating chain A, position 35: GLY -> SER
Submitted ./1UBQ_Results/1.pdb
Checking: https://swissmodel.expasy.org/qmean/J8xCN5.json
Status: QUEUEING
Status: QUEUEING
Status: QUEUEING
Status: QUEUEING
Status: QUEUEING
Status: QUEUEING
Status: QUEUEING
Status: RUNNING
Status: RUNNING
Status: RUNNING
Status: RUNNING
Status: RUNNING
Status: RUNNING
Status: RUNNING
Status: RUNNING
Status: RUNNING
Status: RUNNING
Status: RUNNING
Status: RUNNING
Status: RUNNING
Status: RUNNING
Status: RUNNING
Status: RUNNING
Status: RUNNING
Status: RUNNING
Status: RUNNING
Status: RUNNING
Status: RUNNING
Status: RUNNING
Status: RUNNING
Status: RUNNING
Status: RUNNING
Status: RUNNING
Status: RUNNING
Status: RUNNING
Status: RUNNING
Status: RUNNING
Status: RUNNING
Status: RUNNING
Status: RUNNING
Status: RUNNING
Status: RUNNING
Status: RUNNING
Status: RUNNING
Status: RUNNING
Status: RUNNING
Status: RUNNING
Status: RUNNING
Status: RUNNING
Status: RUNNING
Status: RUNNING
Status: RUNNING
Status: RUNNING
Status: RUNNING
Status: RUNNING
Status: RUNNING
Status: RUNNING
Status: RUNNING
Status: RUNNING
Status: RUNNING
Status: RUNNING
Status: RUNNING
Status: RUNNING
Status: RUNNING
Status: COMPLETED
QMEANDisCo: 0.7923
Mutating chain A, position 53: GLY -> GLU
Submitted ./1UBQ_Results/1.pdb
Checking: https://swissmodel.expasy.org/qmean/QSKKuR.json
Status: QUEUEING
Status: QUEUEING
Status: QUEUEING
Status: QUEUEING
Status: QUEUEING
Status: QUEUEING
Status: QUEUEING
Status: RUNNING
Status: RUNNING
Status: RUNNING
Status: RUNNING
Status: RUNNING
Status: RUNNING
Status: RUNNING
Status: RUNNING
Status: RUNNING
Status: RUNNING
Status: RUNNING
Status: RUNNING
Status: RUNNING
Status: RUNNING
Status: RUNNING
Status: RUNNING
Status: RUNNING
Status: RUNNING
Status: RUNNING
Status: RUNNING
Status: RUNNING
Status: RUNNING
Status: RUNNING
Status: RUNNING
Status: RUNNING
Status: RUNNING
Status: RUNNING
Status: RUNNING
Status: RUNNING
Status: RUNNING
Status: RUNNING
Status: RUNNING
Status: RUNNING
Status: RUNNING
Status: RUNNING
Status: RUNNING
Status: RUNNING
Status: RUNNING
Status: RUNNING
Status: RUNNING
Status: RUNNING
Status: RUNNING
Status: RUNNING
Status: RUNNING
Status: RUNNING
Status: RUNNING
Status: RUNNING
Status: RUNNING
Status: RUNNING
Status: RUNNING
Status: RUNNING
Status: RUNNING
Status: RUNNING
Status: RUNNING
Status: RUNNING
Status: RUNNING
Status: RUNNING
Status: RUNNING
Status: COMPLETED
QMEANDisCo: 0.7898
Mutating chain A, position 68: HIS -> PRO
Submitted ./1UBQ_Results/1.pdb
Checking: https://swissmodel.expasy.org/qmean/RHc7QU.json
Status: QUEUEING
Status: QUEUEING
Status: QUEUEING
Status: QUEUEING
Status: QUEUEING
Status: QUEUEING
Status: QUEUEING
Status: RUNNING
Status: RUNNING
Status: RUNNING
Status: RUNNING
Status: RUNNING
Status: RUNNING
Status: RUNNING
Status: RUNNING
Status: RUNNING
Status: RUNNING
Status: RUNNING
Status: RUNNING
Status: RUNNING
Status: RUNNING
Status: RUNNING
Status: RUNNING
Status: RUNNING
Status: RUNNING
Status: RUNNING
Status: RUNNING
Status: RUNNING
Status: RUNNING
Status: RUNNING
Status: RUNNING
Status: RUNNING
Status: RUNNING
Status: RUNNING
Status: RUNNING
Status: RUNNING
Status: RUNNING
Status: RUNNING
Status: RUNNING
Status: RUNNING
Status: RUNNING
Status: RUNNING
Status: RUNNING
Status: RUNNING
Status: RUNNING
Status: RUNNING
Status: RUNNING
Status: RUNNING
Status: RUNNING
Status: RUNNING
Status: RUNNING
Status: RUNNING
Status: RUNNING
Status: RUNNING
Status: RUNNING
Status: RUNNING
Status: RUNNING
Status: RUNNING
Status: RUNNING
Status: RUNNING
Status: RUNNING
Status: RUNNING
Status: RUNNING
Status: RUNNING
Status: RUNNING
Status: RUNNING
Status: COMPLETED
QMEANDisCo: 0.7898
Mutating chain A, position 12: THR -> VAL
Submitted ./1UBQ_Results/1.pdb
Checking: https://swissmodel.expasy.org/qmean/7dZVHf.json
Status: QUEUEING
Status: QUEUEING
Status: QUEUEING
Status: QUEUEING
Status: QUEUEING
Status: QUEUEING
Status: QUEUEING
Status: QUEUEING
Status: RUNNING
Status: RUNNING
Status: RUNNING
Status: RUNNING
Status: RUNNING
Status: RUNNING
Status: RUNNING
Status: RUNNING
Status: RUNNING
Status: RUNNING
Status: RUNNING
Status: RUNNING
Status: RUNNING
Status: RUNNING
Status: RUNNING
Status: RUNNING
Status: RUNNING
Status: RUNNING
Status: RUNNING
Status: RUNNING
Status: RUNNING
Status: RUNNING
Status: RUNNING
Status: RUNNING
Status: RUNNING
Status: RUNNING
Status: RUNNING
Status: RUNNING
Status: RUNNING
Status: RUNNING
Status: RUNNING
Status: RUNNING
Status: RUNNING
Status: RUNNING
Status: RUNNING
Status: RUNNING
Status: RUNNING
Status: RUNNING
Status: RUNNING
Status: RUNNING
Status: RUNNING
Status: RUNNING
Status: RUNNING
Status: RUNNING
Status: RUNNING
Status: RUNNING
Status: RUNNING
Status: RUNNING
Status: RUNNING
Status: RUNNING
Status: RUNNING
Status: RUNNING
Status: RUNNING
Status: RUNNING
Status: RUNNING
Status: RUNNING
Status: RUNNING
Status: RUNNING
Status: COMPLETED
QMEANDisCo: 0.7980
Mutating chain A, position 13: ILE -> ASP
Submitted ./1UBQ_Results/1.pdb
Checking: https://swissmodel.expasy.org/qmean/d2u8p4.json
Status: QUEUEING
Status: QUEUEING
Status: QUEUEING
Status: QUEUEING
Status: QUEUEING
Status: QUEUEING
Status: QUEUEING
Status: RUNNING
Status: RUNNING
Status: RUNNING
Status: RUNNING
Status: RUNNING
Status: RUNNING
Status: RUNNING
Status: RUNNING
Status: RUNNING
Status: RUNNING
Status: RUNNING
Status: RUNNING
Status: RUNNING
Status: RUNNING
Status: RUNNING
Status: RUNNING
Status: RUNNING
Status: RUNNING
Status: RUNNING
Status: RUNNING
Status: RUNNING
Status: RUNNING
Status: RUNNING
Status: RUNNING
Status: RUNNING
Status: RUNNING
Status: RUNNING
Status: RUNNING
Status: RUNNING
Status: RUNNING
Status: RUNNING
Status: RUNNING
Status: RUNNING
Status: RUNNING
Status: RUNNING
Status: RUNNING
Status: RUNNING
Status: RUNNING
Status: RUNNING
Status: RUNNING
Status: RUNNING
Status: RUNNING
Status: RUNNING
Status: RUNNING
Status: RUNNING
Status: RUNNING
Status: RUNNING
Status: RUNNING
Status: RUNNING
Status: RUNNING
Status: RUNNING
Status: RUNNING
Status: RUNNING
Status: RUNNING
Status: RUNNING
Status: RUNNING
Status: RUNNING
Status: RUNNING
Status: COMPLETED
QMEANDisCo: 0.7898
Mutating chain A, position 30: ILE -> PRO
Submitted ./1UBQ_Results/1.pdb
Checking: https://swissmodel.expasy.org/qmean/2Y5Nmd.json
Status: QUEUEING
Status: QUEUEING
Status: QUEUEING
Status: QUEUEING
Status: QUEUEING
Status: QUEUEING
Status: QUEUEING
Status: RUNNING
Status: RUNNING
Status: RUNNING
Status: RUNNING
Status: RUNNING
Status: RUNNING
Status: RUNNING
Status: RUNNING
Status: RUNNING
Status: RUNNING
Status: RUNNING
Status: RUNNING
Status: RUNNING
Status: RUNNING
Status: RUNNING
Status: RUNNING
Status: RUNNING
Status: RUNNING
Status: RUNNING
Status: RUNNING
Status: RUNNING
Status: RUNNING
Status: RUNNING
Status: RUNNING
Status: RUNNING
Status: RUNNING
Status: RUNNING
Status: RUNNING
Status: RUNNING
Status: COMPLETED
QMEANDisCo: 0.8023
Mutating chain A, position 29: LYS -> TYR
Submitted ./1UBQ_Results/1.pdb
Checking: https://swissmodel.expasy.org/qmean/Fn2sNr.json
Status: QUEUEING
Status: QUEUEING
Status: QUEUEING
Status: QUEUEING
Status: QUEUEING
Status: QUEUEING
Status: QUEUEING
Status: RUNNING
Status: RUNNING
Status: RUNNING
Status: RUNNING
Status: RUNNING
Status: RUNNING
Status: RUNNING
Status: RUNNING
Status: RUNNING
Status: RUNNING
Status: RUNNING
Status: RUNNING
Status: RUNNING
Status: RUNNING
Status: RUNNING
Status: RUNNING
Status: RUNNING
Status: RUNNING
Status: RUNNING
Status: RUNNING
Status: RUNNING
Status: RUNNING
Status: RUNNING
Status: RUNNING
Status: RUNNING
Status: RUNNING
Status: RUNNING
Status: RUNNING
Status: RUNNING
Status: RUNNING
Status: RUNNING
Status: RUNNING
Status: RUNNING
Status: RUNNING
Status: RUNNING
Status: RUNNING
Status: RUNNING
Status: RUNNING
Status: RUNNING
Status: RUNNING
Status: RUNNING
Status: RUNNING
Status: RUNNING
Status: RUNNING
Status: RUNNING
Status: RUNNING
Status: RUNNING
Status: RUNNING
Status: RUNNING
Status: RUNNING
Status: RUNNING
Status: RUNNING
Status: RUNNING
Status: RUNNING
Status: RUNNING
Status: RUNNING
Status: RUNNING
Status: RUNNING
Status: COMPLETED
QMEANDisCo: 0.7777
Mutating chain A, position 73: LEU -> TRP
Submitted ./1UBQ_Results/1.pdb
Checking: https://swissmodel.expasy.org/qmean/phQWGm.json
Status: QUEUEING
Status: QUEUEING
Status: QUEUEING
Status: QUEUEING
Status: QUEUEING
Status: QUEUEING
Status: QUEUEING
Status: RUNNING
Status: RUNNING
Status: RUNNING
Status: RUNNING
Status: RUNNING
Status: RUNNING
Status: RUNNING
Status: RUNNING
Status: RUNNING
Status: RUNNING
Status: RUNNING
Status: RUNNING
Status: RUNNING
Status: RUNNING
Status: RUNNING
Status: RUNNING
Status: RUNNING
Status: RUNNING
Status: RUNNING
Status: RUNNING
Status: RUNNING
Status: RUNNING
Status: RUNNING
Status: RUNNING
Status: RUNNING
Status: RUNNING
Status: RUNNING
Status: RUNNING
Status: RUNNING
Status: RUNNING
Status: RUNNING
Status: RUNNING
Status: RUNNING
Status: RUNNING
Status: RUNNING
Status: RUNNING
Status: RUNNING
Status: RUNNING
Status: RUNNING
Status: RUNNING
Status: RUNNING
Status: RUNNING
Status: RUNNING
Status: RUNNING
Status: RUNNING
Status: RUNNING
Status: RUNNING
Status: RUNNING
Status: RUNNING
Status: RUNNING
Status: RUNNING
Status: RUNNING
Status: RUNNING
Status: RUNNING
Status: RUNNING
Status: RUNNING
Status: RUNNING
Status: RUNNING
Status: RUNNING
Status: RUNNING
Status: COMPLETED
QMEANDisCo: 0.7930
Mutating chain A, position 3: ILE -> PRO
Submitted ./1UBQ_Results/1.pdb
Checking: https://swissmodel.expasy.org/qmean/rqMmrZ.json
Status: QUEUEING
Status: QUEUEING
Status: QUEUEING
Status: QUEUEING
Status: QUEUEING
Status: QUEUEING
Status: QUEUEING
Status: QUEUEING
Status: RUNNING
Status: RUNNING
Status: RUNNING
Status: RUNNING
Status: RUNNING
Status: RUNNING
Status: RUNNING
Status: RUNNING
Status: RUNNING
Status: RUNNING
Status: RUNNING
Status: RUNNING
Status: RUNNING
Status: RUNNING
Status: RUNNING
Status: RUNNING
Status: RUNNING
Status: RUNNING
Status: RUNNING
Status: RUNNING
Status: RUNNING
Status: RUNNING
Status: RUNNING
Status: RUNNING
Status: RUNNING
Status: RUNNING
Status: RUNNING
Status: RUNNING
Status: RUNNING
Status: RUNNING
Status: RUNNING
Status: RUNNING
Status: RUNNING
Status: RUNNING
Status: RUNNING
Status: RUNNING
Status: RUNNING
Status: RUNNING
Status: RUNNING
Status: RUNNING
Status: RUNNING
Status: RUNNING
Status: RUNNING
Status: RUNNING
Status: RUNNING
Status: RUNNING
Status: RUNNING
Status: RUNNING
Status: RUNNING
Status: RUNNING
Status: RUNNING
Status: RUNNING
Status: RUNNING
Status: RUNNING
Status: RUNNING
Status: RUNNING
Status: RUNNING
Status: RUNNING
Status: RUNNING
Status: COMPLETED
QMEANDisCo: 0.8034
Mutating chain A, position 41: GLN -> GLY
Submitted ./1UBQ_Results/1.pdb
Checking: https://swissmodel.expasy.org/qmean/SSpVqw.json
Status: QUEUEING
Status: QUEUEING
Status: QUEUEING
Status: QUEUEING
Status: QUEUEING
Status: QUEUEING
Status: RUNNING
Status: RUNNING
Status: RUNNING
Status: RUNNING
Status: RUNNING
Status: RUNNING
Status: RUNNING
Status: RUNNING
Status: RUNNING
Status: RUNNING
Status: RUNNING
Status: RUNNING
Status: RUNNING
Status: RUNNING
Status: RUNNING
Status: RUNNING
Status: RUNNING
Status: RUNNING
Status: RUNNING
Status: RUNNING
Status: RUNNING
Status: RUNNING
Status: RUNNING
Status: RUNNING
Status: RUNNING
Status: RUNNING
Status: RUNNING
Status: RUNNING
Status: RUNNING
Status: RUNNING
Status: RUNNING
Status: RUNNING
Status: RUNNING
Status: RUNNING
Status: RUNNING
Status: RUNNING
Status: RUNNING
Status: RUNNING
Status: RUNNING
Status: RUNNING
Status: RUNNING
Status: RUNNING
Status: RUNNING
Status: RUNNING
Status: RUNNING
Status: RUNNING
Status: RUNNING
Status: RUNNING
Status: RUNNING
Status: RUNNING
Status: RUNNING
Status: RUNNING
Status: RUNNING
Status: RUNNING
Status: RUNNING
Status: RUNNING
Status: RUNNING
Status: RUNNING
Status: RUNNING
Status: COMPLETED
QMEANDisCo: 0.7932
Mutating chain A, position 65: SER -> ALA
Submitted ./1UBQ_Results/1.pdb
Checking: https://swissmodel.expasy.org/qmean/EwafWq.json
Status: QUEUEING
Status: QUEUEING
Status: QUEUEING
Status: QUEUEING
Status: QUEUEING
Status: QUEUEING
Status: QUEUEING
Status: RUNNING
Status: RUNNING
Status: RUNNING
Status: RUNNING
Status: RUNNING
Status: RUNNING
Status: RUNNING
Status: RUNNING
Status: RUNNING
Status: RUNNING
Status: RUNNING
Status: RUNNING
Status: RUNNING
Status: RUNNING
Status: RUNNING
Status: RUNNING
Status: RUNNING
Status: RUNNING
Status: RUNNING
Status: RUNNING
Status: RUNNING
Status: RUNNING
Status: RUNNING
Status: RUNNING
Status: RUNNING
Status: RUNNING
Status: RUNNING
Status: RUNNING
Status: RUNNING
Status: RUNNING
Status: RUNNING
Status: RUNNING
Status: RUNNING
Status: RUNNING
Status: RUNNING
Status: RUNNING
Status: RUNNING
Status: RUNNING
Status: RUNNING
Status: RUNNING
Status: RUNNING
Status: RUNNING
Status: RUNNING
Status: RUNNING
Status: RUNNING
Status: RUNNING
Status: RUNNING
Status: RUNNING
Status: RUNNING
Status: RUNNING
Status: RUNNING
Status: RUNNING
Status: RUNNING
Status: RUNNING
Status: RUNNING
Status: RUNNING
Status: RUNNING
Status: RUNNING
Status: COMPLETED
QMEANDisCo: 0.8013
Mutating chain A, position 53: GLY -> PHE
Submitted ./1UBQ_Results/1.pdb
Checking: https://swissmodel.expasy.org/qmean/R8t8yR.json
Status: QUEUEING
Status: QUEUEING
Status: QUEUEING
Status: QUEUEING
Status: QUEUEING
Status: QUEUEING
Status: QUEUEING
Status: RUNNING
Status: RUNNING
Status: RUNNING
Status: RUNNING
Status: RUNNING
Status: RUNNING
Status: RUNNING
Status: RUNNING
Status: RUNNING
Status: RUNNING
Status: RUNNING
Status: RUNNING
Status: RUNNING
Status: RUNNING
Status: RUNNING
Status: RUNNING
Status: RUNNING
Status: RUNNING
Status: RUNNING
Status: RUNNING
Status: RUNNING
Status: RUNNING
Status: RUNNING
Status: RUNNING
Status: RUNNING
Status: RUNNING
Status: RUNNING
Status: RUNNING
Status: RUNNING
Status: RUNNING
Status: RUNNING
Status: RUNNING
Status: RUNNING
Status: RUNNING
Status: RUNNING
Status: RUNNING
Status: RUNNING
Status: RUNNING
Status: RUNNING
Status: RUNNING
Status: RUNNING
Status: RUNNING
Status: RUNNING
Status: RUNNING
Status: RUNNING
Status: RUNNING
Status: RUNNING
Status: RUNNING
Status: RUNNING
Status: RUNNING
Status: RUNNING
Status: RUNNING
Status: RUNNING
Status: RUNNING
Status: RUNNING
Status: RUNNING
Status: RUNNING
Status: RUNNING
Status: RUNNING
Status: COMPLETED
QMEANDisCo: 0.7918
Mutating chain A, position 18: GLU -> GLN
Submitted ./1UBQ_Results/1.pdb
Checking: https://swissmodel.expasy.org/qmean/GbjDSt.json
Status: QUEUEING
Status: QUEUEING
Status: QUEUEING
Status: QUEUEING
Status: QUEUEING
Status: QUEUEING
Status: QUEUEING
Status: QUEUEING
Status: RUNNING
Status: RUNNING
Status: RUNNING
Status: RUNNING
Status: RUNNING
Status: RUNNING
Status: RUNNING
Status: RUNNING
Status: RUNNING
Status: RUNNING
Status: RUNNING
Status: RUNNING
Status: RUNNING
Status: RUNNING
Status: RUNNING
Status: RUNNING
Status: RUNNING
Status: RUNNING
Status: RUNNING
Status: RUNNING
Status: RUNNING
Status: RUNNING
Status: RUNNING
Status: RUNNING
Status: RUNNING
Status: RUNNING
Status: RUNNING
Status: RUNNING
Status: RUNNING
Status: RUNNING
Status: RUNNING
Status: RUNNING
Status: RUNNING
Status: RUNNING
Status: RUNNING
Status: RUNNING
Status: RUNNING
Status: RUNNING
Status: RUNNING
Status: RUNNING
Status: RUNNING
Status: RUNNING
Status: RUNNING
Status: RUNNING
Status: RUNNING
Status: RUNNING
Status: RUNNING
Status: RUNNING
Status: RUNNING
Status: RUNNING
Status: RUNNING
Status: RUNNING
Status: RUNNING
Status: RUNNING
Status: RUNNING
Status: RUNNING
Status: RUNNING
Status: RUNNING
Status: RUNNING
Status: COMPLETED
QMEANDisCo: 0.8035
Mutating chain A, position 19: PRO -> ILE
Submitted ./1UBQ_Results/1.pdb
Checking: https://swissmodel.expasy.org/qmean/9pRx7X.json
Status: QUEUEING
Status: QUEUEING
Status: QUEUEING
Status: QUEUEING
Status: QUEUEING
Status: QUEUEING
Status: QUEUEING
Status: RUNNING
Status: RUNNING
Status: RUNNING
Status: RUNNING
Status: RUNNING
Status: RUNNING
Status: RUNNING
Status: RUNNING
Status: RUNNING
Status: RUNNING
Status: RUNNING
Status: RUNNING
Status: RUNNING
Status: RUNNING
Status: RUNNING
Status: RUNNING
Status: RUNNING
Status: RUNNING
Status: RUNNING
Status: RUNNING
Status: RUNNING
Status: RUNNING
Status: RUNNING
Status: RUNNING
Status: RUNNING
Status: RUNNING
Status: RUNNING
Status: RUNNING
Status: RUNNING
Status: RUNNING
Status: COMPLETED
QMEANDisCo: 0.7927
Mutating chain A, position 59: TYR -> ARG
Submitted ./1UBQ_Results/1.pdb
Checking: https://swissmodel.expasy.org/qmean/C9vyTz.json
Status: QUEUEING
Status: QUEUEING
Status: QUEUEING
Status: QUEUEING
Status: QUEUEING
Status: QUEUEING
Status: QUEUEING
Status: RUNNING
Status: RUNNING
Status: RUNNING
Status: RUNNING
Status: RUNNING
Status: RUNNING
Status: RUNNING
Status: RUNNING
Status: RUNNING
Status: RUNNING
Status: RUNNING
Status: RUNNING
Status: RUNNING
Status: RUNNING
Status: RUNNING
Status: RUNNING
Status: RUNNING
Status: RUNNING
Status: RUNNING
Status: RUNNING
Status: RUNNING
Status: RUNNING
Status: RUNNING
Status: RUNNING
Status: RUNNING
Status: RUNNING
Status: RUNNING
Status: RUNNING
Status: RUNNING
Status: RUNNING
Status: COMPLETED
QMEANDisCo: 0.7958
Mutating chain A, position 54: ARG -> ILE
Submitted ./1UBQ_Results/1.pdb
Checking: https://swissmodel.expasy.org/qmean/XyHeyK.json
Status: QUEUEING
Status: QUEUEING
Status: QUEUEING
Status: QUEUEING
Status: QUEUEING
Status: QUEUEING
Status: QUEUEING
Status: RUNNING
Status: RUNNING
Status: RUNNING
Status: RUNNING
Status: RUNNING
Status: RUNNING
Status: RUNNING
Status: RUNNING
Status: RUNNING
Status: RUNNING
Status: RUNNING
Status: RUNNING
Status: RUNNING
Status: RUNNING
Status: RUNNING
Status: RUNNING
Status: RUNNING
Status: RUNNING
Status: RUNNING
Status: RUNNING
Status: RUNNING
Status: RUNNING
Status: RUNNING
Status: RUNNING
Status: RUNNING
Status: RUNNING
Status: RUNNING
Status: RUNNING
Status: RUNNING
Status: RUNNING
Status: RUNNING
Status: RUNNING
Status: RUNNING
Status: RUNNING
Status: RUNNING
Status: RUNNING
Status: RUNNING
Status: RUNNING
Status: RUNNING
Status: RUNNING
Status: RUNNING
Status: RUNNING
Status: RUNNING
Status: RUNNING
Status: RUNNING
Status: RUNNING
Status: RUNNING
Status: RUNNING
Status: RUNNING
Status: RUNNING
Status: RUNNING
Status: RUNNING
Status: RUNNING
Status: RUNNING
Status: RUNNING
Status: RUNNING
Status: RUNNING
Status: RUNNING
Status: RUNNING
Status: COMPLETED
QMEANDisCo: 0.7916
Mutating chain A, position 28: ALA -> ILE
Submitted ./1UBQ_Results/1.pdb
Checking: https://swissmodel.expasy.org/qmean/844EmG.json
Status: QUEUEING
Status: QUEUEING
Status: QUEUEING
Status: QUEUEING
Status: QUEUEING
Status: QUEUEING
Status: QUEUEING
Status: RUNNING
Status: RUNNING
Status: RUNNING
Status: RUNNING
Status: RUNNING
Status: RUNNING
Status: RUNNING
Status: RUNNING
Status: RUNNING
Status: RUNNING
Status: RUNNING
Status: RUNNING
Status: RUNNING
Status: RUNNING
Status: RUNNING
Status: RUNNING
Status: RUNNING
Status: RUNNING
Status: RUNNING
Status: RUNNING
Status: RUNNING
Status: RUNNING
Status: RUNNING
Status: RUNNING
Status: RUNNING
Status: RUNNING
Status: RUNNING
Status: RUNNING
Status: RUNNING
Status: RUNNING
Status: RUNNING
Status: RUNNING
Status: RUNNING
Status: RUNNING
Status: RUNNING
Status: RUNNING
Status: RUNNING
Status: RUNNING
Status: RUNNING
Status: RUNNING
Status: RUNNING
Status: RUNNING
Status: RUNNING
Status: RUNNING
Status: RUNNING
Status: RUNNING
Status: RUNNING
Status: RUNNING
Status: RUNNING
Status: RUNNING
Status: RUNNING
Status: RUNNING
Status: RUNNING
Status: RUNNING
Status: RUNNING
Status: RUNNING
Status: RUNNING
Status: RUNNING
Status: RUNNING
Status: RUNNING
Status: COMPLETED
QMEANDisCo: 0.7958
Mutating chain A, position 28: ALA -> SER
Submitted ./1UBQ_Results/1.pdb
Checking: https://swissmodel.expasy.org/qmean/WBuuzh.json
Status: QUEUEING
Status: QUEUEING
Status: QUEUEING
Status: QUEUEING
Status: QUEUEING
Status: QUEUEING
Status: QUEUEING
Status: RUNNING
Status: RUNNING
Status: RUNNING
Status: RUNNING
Status: RUNNING
Status: RUNNING
Status: RUNNING
Status: RUNNING
Status: RUNNING
Status: RUNNING
Status: RUNNING
Status: RUNNING
Status: RUNNING
Status: RUNNING
Status: RUNNING
Status: RUNNING
Status: RUNNING
Status: RUNNING
Status: RUNNING
Status: RUNNING
Status: RUNNING
Status: RUNNING
Status: RUNNING
Status: RUNNING
Status: RUNNING
Status: RUNNING
Status: RUNNING
Status: RUNNING
Status: RUNNING
Status: RUNNING
Status: RUNNING
Status: RUNNING
Status: RUNNING
Status: RUNNING
Status: RUNNING
Status: RUNNING
Status: RUNNING
Status: RUNNING
Status: RUNNING
Status: RUNNING
Status: RUNNING
Status: RUNNING
Status: RUNNING
Status: RUNNING
Status: RUNNING
Status: RUNNING
Status: RUNNING
Status: RUNNING
Status: RUNNING
Status: RUNNING
Status: RUNNING
Status: RUNNING
Status: RUNNING
Status: RUNNING
Status: RUNNING
Status: RUNNING
Status: RUNNING
Status: RUNNING
Status: COMPLETED
QMEANDisCo: 0.8010
Mutating chain A, position 26: VAL -> HIS
Submitted ./1UBQ_Results/1.pdb
Checking: https://swissmodel.expasy.org/qmean/THqXD3.json
Status: QUEUEING
Status: QUEUEING
Status: QUEUEING
Status: QUEUEING
Status: QUEUEING
Status: QUEUEING
Status: QUEUEING
Status: RUNNING
Status: RUNNING
Status: RUNNING
Status: RUNNING
Status: RUNNING
Status: RUNNING
Status: RUNNING
Status: RUNNING
Status: RUNNING
Status: RUNNING
Status: RUNNING
Status: RUNNING
Status: RUNNING
Status: RUNNING
Status: RUNNING
Status: RUNNING
Status: RUNNING
Status: RUNNING
Status: RUNNING
Status: RUNNING
Status: RUNNING
Status: RUNNING
Status: RUNNING
Status: RUNNING
Status: RUNNING
Status: RUNNING
Status: RUNNING
Status: RUNNING
Status: RUNNING
Status: RUNNING
Status: COMPLETED
QMEANDisCo: 0.7945
Mutating chain A, position 66: THR -> PRO
Submitted ./1UBQ_Results/1.pdb
Checking: https://swissmodel.expasy.org/qmean/UV2spV.json
Status: QUEUEING
Status: QUEUEING
Status: QUEUEING
Status: QUEUEING
Status: QUEUEING
Status: QUEUEING
Status: QUEUEING
Status: RUNNING
Status: RUNNING
Status: RUNNING
Status: RUNNING
Status: RUNNING
Status: RUNNING
Status: RUNNING
Status: RUNNING
Status: RUNNING
Status: RUNNING
Status: RUNNING
Status: RUNNING
Status: RUNNING
Status: RUNNING
Status: RUNNING
Status: RUNNING
Status: RUNNING
Status: RUNNING
Status: RUNNING
Status: RUNNING
Status: RUNNING
Status: RUNNING
Status: RUNNING
Status: RUNNING
Status: RUNNING
Status: RUNNING
Status: RUNNING
Status: RUNNING
Status: RUNNING
Status: RUNNING
Status: RUNNING
Status: RUNNING
Status: RUNNING
Status: RUNNING
Status: RUNNING
Status: RUNNING
Status: RUNNING
Status: RUNNING
Status: RUNNING
Status: RUNNING
Status: RUNNING
Status: RUNNING
Status: RUNNING
Status: RUNNING
Status: RUNNING
Status: RUNNING
Status: RUNNING
Status: RUNNING
Status: RUNNING
Status: RUNNING
Status: RUNNING
Status: RUNNING
Status: COMPLETED
QMEANDisCo: 0.7904
Mutating chain A, position 33: LYS -> SER
Submitted ./1UBQ_Results/1.pdb
Checking: https://swissmodel.expasy.org/qmean/WSMwzD.json
Status: QUEUEING
Status: QUEUEING
Status: QUEUEING
Status: QUEUEING
Status: QUEUEING
Status: QUEUEING
Status: QUEUEING
Status: QUEUEING
Status: RUNNING
Status: RUNNING
Status: RUNNING
Status: RUNNING
Status: RUNNING
Status: RUNNING
Status: RUNNING
Status: RUNNING
Status: RUNNING
Status: RUNNING
Status: RUNNING
Status: RUNNING
Status: RUNNING
Status: RUNNING
Status: RUNNING
Status: RUNNING
Status: RUNNING
Status: RUNNING
Status: RUNNING
Status: RUNNING
Status: RUNNING
Status: RUNNING
Status: RUNNING
Status: RUNNING
Status: RUNNING
Status: RUNNING
Status: RUNNING
Status: RUNNING
Status: RUNNING
Status: RUNNING
Status: RUNNING
Status: RUNNING
Status: RUNNING
Status: RUNNING
Status: RUNNING
Status: RUNNING
Status: RUNNING
Status: RUNNING
Status: RUNNING
Status: RUNNING
Status: RUNNING
Status: RUNNING
Status: RUNNING
Status: RUNNING
Status: RUNNING
Status: RUNNING
Status: RUNNING
Status: RUNNING
Status: RUNNING
Status: RUNNING
Status: RUNNING
Status: RUNNING
Status: RUNNING
Status: RUNNING
Status: RUNNING
Status: RUNNING
Status: RUNNING
Status: RUNNING
Status: RUNNING
Status: COMPLETED
QMEANDisCo: 0.7978
Mutating chain A, position 66: THR -> MET
Submitted ./1UBQ_Results/1.pdb
Checking: https://swissmodel.expasy.org/qmean/NksJ6y.json
Status: QUEUEING
Status: QUEUEING
Status: QUEUEING
Status: QUEUEING
Status: QUEUEING
Status: QUEUEING
Status: QUEUEING
Status: RUNNING
Status: RUNNING
Status: RUNNING
Status: RUNNING
Status: RUNNING
Status: RUNNING
Status: RUNNING
Status: RUNNING
Status: RUNNING
Status: RUNNING
Status: RUNNING
Status: RUNNING
Status: RUNNING
Status: RUNNING
Status: RUNNING
Status: RUNNING
Status: RUNNING
Status: RUNNING
Status: RUNNING
Status: RUNNING
Status: RUNNING
Status: RUNNING
Status: RUNNING
Status: RUNNING
Status: RUNNING
Status: RUNNING
Status: RUNNING
Status: RUNNING
Status: RUNNING
Status: RUNNING
Status: RUNNING
Status: RUNNING
Status: RUNNING
Status: RUNNING
Status: RUNNING
Status: RUNNING
Status: RUNNING
Status: RUNNING
Status: RUNNING
Status: RUNNING
Status: RUNNING
Status: RUNNING
Status: RUNNING
Status: RUNNING
Status: RUNNING
Status: RUNNING
Status: RUNNING
Status: RUNNING
Status: RUNNING
Status: RUNNING
Status: RUNNING
Status: RUNNING
Status: RUNNING
Status: RUNNING
Status: RUNNING
Status: RUNNING
Status: RUNNING
Status: RUNNING
Status: COMPLETED
QMEANDisCo: 0.7930
Mutating chain A, position 72: ARG -> GLU
Submitted ./1UBQ_Results/1.pdb
Checking: https://swissmodel.expasy.org/qmean/Qs6qpY.json
Status: QUEUEING
Status: QUEUEING
Status: QUEUEING
Status: QUEUEING
Status: QUEUEING
Status: QUEUEING
Status: QUEUEING
Status: RUNNING
Status: RUNNING
Status: RUNNING
Status: RUNNING
Status: RUNNING
Status: RUNNING
Status: RUNNING
Status: RUNNING
Status: RUNNING
Status: RUNNING
Status: RUNNING
Status: RUNNING
Status: RUNNING
Status: RUNNING
Status: RUNNING
Status: RUNNING
Status: RUNNING
Status: RUNNING
Status: RUNNING
Status: RUNNING
Status: RUNNING
Status: RUNNING
Status: RUNNING
Status: RUNNING
Status: RUNNING
Status: RUNNING
Status: RUNNING
Status: RUNNING
Status: RUNNING
Status: RUNNING
Status: RUNNING
Status: RUNNING
Status: RUNNING
Status: RUNNING
Status: RUNNING
Status: RUNNING
Status: RUNNING
Status: RUNNING
Status: RUNNING
Status: RUNNING
Status: RUNNING
Status: RUNNING
Status: RUNNING
Status: RUNNING
Status: RUNNING
Status: RUNNING
Status: RUNNING
Status: RUNNING
Status: RUNNING
Status: RUNNING
Status: RUNNING
Status: RUNNING
Status: RUNNING
Status: RUNNING
Status: RUNNING
Status: RUNNING
Status: RUNNING
Status: RUNNING
Status: RUNNING
Status: COMPLETED
QMEANDisCo: 0.7944
Mutating chain A, position 13: ILE -> CYS
Submitted ./1UBQ_Results/1.pdb
Checking: https://swissmodel.expasy.org/qmean/MV63XS.json
Status: QUEUEING
Status: QUEUEING
Status: QUEUEING
Status: QUEUEING
Status: QUEUEING
Status: QUEUEING
Status: QUEUEING
Status: RUNNING
Status: RUNNING
Status: RUNNING
Status: RUNNING
Status: RUNNING
Status: RUNNING
Status: RUNNING
Status: RUNNING
Status: RUNNING
Status: RUNNING
Status: RUNNING
Status: RUNNING
Status: RUNNING
Status: RUNNING
Status: RUNNING
Status: RUNNING
Status: RUNNING
Status: RUNNING
Status: RUNNING
Status: RUNNING
Status: RUNNING
Status: RUNNING
Status: RUNNING
Status: RUNNING
Status: RUNNING
Status: RUNNING
Status: RUNNING
Status: RUNNING
Status: RUNNING
Status: RUNNING
Status: RUNNING
Status: RUNNING
Status: RUNNING
Status: RUNNING
Status: RUNNING
Status: RUNNING
Status: RUNNING
Status: RUNNING
Status: RUNNING
Status: RUNNING
Status: RUNNING
Status: RUNNING
Status: RUNNING
Status: RUNNING
Status: RUNNING
Status: RUNNING
Status: RUNNING
Status: RUNNING
Status: RUNNING
Status: RUNNING
Status: RUNNING
Status: RUNNING
Status: RUNNING
Status: RUNNING
Status: RUNNING
Status: RUNNING
Status: COMPLETED
QMEANDisCo: 0.7952
Mutating chain A, position 75: GLY -> ALA
Submitted ./1UBQ_Results/1.pdb
Checking: https://swissmodel.expasy.org/qmean/fVWvMr.json
Status: QUEUEING
Status: QUEUEING
Status: QUEUEING
Status: QUEUEING
Status: QUEUEING
Status: QUEUEING
Status: QUEUEING
Status: QUEUEING
Status: QUEUEING
Status: QUEUEING
Status: QUEUEING
Status: QUEUEING
Status: QUEUEING
Status: QUEUEING
Status: QUEUEING
Status: RUNNING
Status: RUNNING
Status: RUNNING
Status: RUNNING
Status: RUNNING
Status: RUNNING
Status: RUNNING
Status: RUNNING
Status: RUNNING
Status: RUNNING
Status: RUNNING
Status: RUNNING
Status: RUNNING
Status: RUNNING
Status: RUNNING
Status: RUNNING
Status: RUNNING
Status: RUNNING
Status: RUNNING
Status: RUNNING
Status: RUNNING
Status: RUNNING
Status: RUNNING
Status: RUNNING
Status: RUNNING
Status: RUNNING
Status: RUNNING
Status: RUNNING
Status: RUNNING
Status: RUNNING
Status: RUNNING
Status: RUNNING
Status: RUNNING
Status: RUNNING
Status: RUNNING
Status: RUNNING
Status: RUNNING
Status: RUNNING
Status: RUNNING
Status: RUNNING
Status: RUNNING
Status: RUNNING
Status: RUNNING
Status: RUNNING
Status: RUNNING
Status: RUNNING
Status: RUNNING
Status: RUNNING
Status: RUNNING
Status: RUNNING
Status: RUNNING
Status: COMPLETED
QMEANDisCo: 0.8048
Mutating chain A, position 57: SER -> THR
Submitted ./1UBQ_Results/1.pdb
Checking: https://swissmodel.expasy.org/qmean/xVzKHT.json
Status: QUEUEING
Status: QUEUEING
Status: QUEUEING
Status: QUEUEING
Status: QUEUEING
Status: QUEUEING
Status: QUEUEING
Status: RUNNING
Status: RUNNING
Status: RUNNING
Status: RUNNING
Status: RUNNING
Status: RUNNING
Status: RUNNING
Status: RUNNING
Status: RUNNING
Status: RUNNING
Status: RUNNING
Status: RUNNING
Status: RUNNING
Status: RUNNING
Status: RUNNING
Status: RUNNING
Status: RUNNING
Status: RUNNING
Status: RUNNING
Status: RUNNING
Status: RUNNING
Status: RUNNING
Status: RUNNING
Status: RUNNING
Status: RUNNING
Status: RUNNING
Status: RUNNING
Status: RUNNING
Status: RUNNING
Status: RUNNING
Status: RUNNING
Status: COMPLETED
QMEANDisCo: 0.7965
Mutating chain A, position 75: GLY -> MET
Submitted ./1UBQ_Results/1.pdb
Checking: https://swissmodel.expasy.org/qmean/5Xs98U.json
Status: QUEUEING
Status: QUEUEING
Status: QUEUEING
Status: QUEUEING
Status: QUEUEING
Status: QUEUEING
Status: QUEUEING
Status: QUEUEING
Status: QUEUEING
Status: QUEUEING
Status: QUEUEING
Status: QUEUEING
Status: QUEUEING
Status: QUEUEING
Status: RUNNING
Status: RUNNING
Status: RUNNING
Status: RUNNING
Status: RUNNING
Status: RUNNING
Status: RUNNING
Status: RUNNING
Status: RUNNING
Status: RUNNING
Status: RUNNING
Status: RUNNING
Status: RUNNING
Status: RUNNING
Status: RUNNING
Status: RUNNING
Status: RUNNING
Status: RUNNING
Status: RUNNING
Status: RUNNING
Status: RUNNING
Status: RUNNING
Status: RUNNING
Status: RUNNING
Status: RUNNING
Status: RUNNING
Status: RUNNING
Status: RUNNING
Status: RUNNING
Status: RUNNING
Status: RUNNING
Status: RUNNING
Status: RUNNING
Status: RUNNING
Status: RUNNING
Status: RUNNING
Status: RUNNING
Status: RUNNING
Status: RUNNING
Status: RUNNING
Status: RUNNING
Status: RUNNING
Status: RUNNING
Status: RUNNING
Status: RUNNING
Status: RUNNING
Status: RUNNING
Status: RUNNING
Status: RUNNING
Status: RUNNING
Status: COMPLETED
QMEANDisCo: 0.7972
Mutating chain A, position 13: ILE -> PHE
Submitted ./1UBQ_Results/1.pdb
Checking: https://swissmodel.expasy.org/qmean/gWXNBB.json
Status: QUEUEING
Status: QUEUEING
Status: QUEUEING
Status: QUEUEING
Status: QUEUEING
Status: QUEUEING
Status: QUEUEING
Status: RUNNING
Status: RUNNING
Status: RUNNING
Status: RUNNING
Status: RUNNING
Status: RUNNING
Status: RUNNING
Status: RUNNING
Status: RUNNING
Status: RUNNING
Status: RUNNING
Status: RUNNING
Status: RUNNING
Status: RUNNING
Status: RUNNING
Status: RUNNING
Status: RUNNING
Status: RUNNING
Status: RUNNING
Status: RUNNING
Status: RUNNING
Status: RUNNING
Status: RUNNING
Status: RUNNING
Status: RUNNING
Status: RUNNING
Status: RUNNING
Status: RUNNING
Status: RUNNING
Status: RUNNING
Status: RUNNING
Status: RUNNING
Status: RUNNING
Status: RUNNING
Status: RUNNING
Status: RUNNING
Status: RUNNING
Status: RUNNING
Status: RUNNING
Status: RUNNING
Status: RUNNING
Status: RUNNING
Status: RUNNING
Status: RUNNING
Status: RUNNING
Status: RUNNING
Status: RUNNING
Status: RUNNING
Status: RUNNING
Status: RUNNING
Status: RUNNING
Status: RUNNING
Status: RUNNING
Status: RUNNING
Status: RUNNING
Status: RUNNING
Status: RUNNING
Status: COMPLETED
QMEANDisCo: 0.7915
Mutating chain A, position 38: PRO -> LEU
Submitted ./1UBQ_Results/1.pdb
Checking: https://swissmodel.expasy.org/qmean/Bswstu.json
Status: QUEUEING
Status: QUEUEING
Status: QUEUEING
Status: QUEUEING
Status: QUEUEING
Status: QUEUEING
Status: QUEUEING
Status: RUNNING
Status: RUNNING
Status: RUNNING
Status: RUNNING
Status: RUNNING
Status: RUNNING
Status: RUNNING
Status: RUNNING
Status: RUNNING
Status: RUNNING
Status: RUNNING
Status: RUNNING
Status: RUNNING
Status: RUNNING
Status: RUNNING
Status: RUNNING
Status: RUNNING
Status: RUNNING
Status: RUNNING
Status: RUNNING
Status: RUNNING
Status: RUNNING
Status: RUNNING
Status: RUNNING
Status: RUNNING
Status: RUNNING
Status: RUNNING
Status: RUNNING
Status: RUNNING
Status: RUNNING
Status: RUNNING
Status: RUNNING
Status: RUNNING
Status: RUNNING
Status: RUNNING
Status: RUNNING
Status: RUNNING
Status: RUNNING
Status: RUNNING
Status: RUNNING
Status: RUNNING
Status: RUNNING
Status: RUNNING
Status: RUNNING
Status: RUNNING
Status: RUNNING
Status: RUNNING
Status: RUNNING
Status: RUNNING
Status: RUNNING
Status: RUNNING
Status: RUNNING
Status: RUNNING
Status: RUNNING
Status: RUNNING
Status: RUNNING
Status: RUNNING
Status: COMPLETED
QMEANDisCo: 0.7926
Mutating chain A, position 19: PRO -> GLU
Submitted ./1UBQ_Results/1.pdb
Checking: https://swissmodel.expasy.org/qmean/88tdJ3.json
Status: QUEUEING
Status: QUEUEING
Status: QUEUEING
Status: QUEUEING
Status: QUEUEING
Status: QUEUEING
Status: QUEUEING
Status: RUNNING
Status: RUNNING
Status: RUNNING
Status: RUNNING
Status: RUNNING
Status: RUNNING
Status: RUNNING
Status: RUNNING
Status: RUNNING
Status: RUNNING
Status: RUNNING
Status: RUNNING
Status: RUNNING
Status: RUNNING
Status: RUNNING
Status: RUNNING
Status: RUNNING
Status: RUNNING
Status: RUNNING
Status: RUNNING
Status: RUNNING
Status: RUNNING
Status: RUNNING
Status: RUNNING
Status: RUNNING
Status: RUNNING
Status: RUNNING
Status: RUNNING
Status: RUNNING
Status: RUNNING
Status: RUNNING
Status: RUNNING
Status: RUNNING
Status: RUNNING
Status: RUNNING
Status: RUNNING
Status: RUNNING
Status: RUNNING
Status: RUNNING
Status: RUNNING
Status: RUNNING
Status: RUNNING
Status: RUNNING
Status: RUNNING
Status: RUNNING
Status: RUNNING
Status: RUNNING
Status: RUNNING
Status: RUNNING
Status: RUNNING
Status: RUNNING
Status: RUNNING
Status: RUNNING
Status: RUNNING
Status: RUNNING
Status: RUNNING
Status: RUNNING
Status: RUNNING
Status: RUNNING
Status: RUNNING
Status: COMPLETED
QMEANDisCo: 0.7964
Mutating chain A, position 73: LEU -> GLN
Submitted ./1UBQ_Results/1.pdb
Checking: https://swissmodel.expasy.org/qmean/wv256G.json
Status: QUEUEING
Status: QUEUEING
Status: QUEUEING
Status: QUEUEING
Status: QUEUEING
Status: QUEUEING
Status: QUEUEING
Status: RUNNING
Status: RUNNING
Status: RUNNING
Status: RUNNING
Status: RUNNING
Status: RUNNING
Status: RUNNING
Status: RUNNING
Status: RUNNING
Status: RUNNING
Status: RUNNING
Status: RUNNING
Status: RUNNING
Status: RUNNING
Status: RUNNING
Status: RUNNING
Status: RUNNING
Status: RUNNING
Status: RUNNING
Status: RUNNING
Status: RUNNING
Status: RUNNING
Status: RUNNING
Status: RUNNING
Status: RUNNING
Status: RUNNING
Status: RUNNING
Status: RUNNING
Status: RUNNING
Status: RUNNING
Status: RUNNING
Status: RUNNING
Status: RUNNING
Status: RUNNING
Status: RUNNING
Status: RUNNING
Status: RUNNING
Status: RUNNING
Status: RUNNING
Status: RUNNING
Status: RUNNING
Status: RUNNING
Status: RUNNING
Status: RUNNING
Status: RUNNING
Status: RUNNING
Status: RUNNING
Status: RUNNING
Status: RUNNING
Status: RUNNING
Status: RUNNING
Status: RUNNING
Status: COMPLETED
QMEANDisCo: 0.7891
Mutating chain A, position 24: GLU -> LYS
Submitted ./1UBQ_Results/1.pdb
Checking: https://swissmodel.expasy.org/qmean/QKTBPp.json
Status: QUEUEING
Status: QUEUEING
Status: QUEUEING
Status: QUEUEING
Status: QUEUEING
Status: QUEUEING
Status: QUEUEING
Status: RUNNING
Status: RUNNING
Status: RUNNING
Status: RUNNING
Status: RUNNING
Status: RUNNING
Status: RUNNING
Status: RUNNING
Status: RUNNING
Status: RUNNING
Status: RUNNING
Status: RUNNING
Status: RUNNING
Status: RUNNING
Status: RUNNING
Status: RUNNING
Status: RUNNING
Status: RUNNING
Status: RUNNING
Status: RUNNING
Status: RUNNING
Status: RUNNING
Status: RUNNING
Status: RUNNING
Status: RUNNING
Status: RUNNING
Status: RUNNING
Status: RUNNING
Status: RUNNING
Status: COMPLETED
QMEANDisCo: 0.7975
Mutating chain A, position 32: ASP -> LEU
Submitted ./1UBQ_Results/1.pdb
Checking: https://swissmodel.expasy.org/qmean/xLfEEp.json
Status: QUEUEING
Status: QUEUEING
Status: QUEUEING
Status: QUEUEING
Status: QUEUEING
Status: QUEUEING
Status: QUEUEING
Status: RUNNING
Status: RUNNING
Status: RUNNING
Status: RUNNING
Status: RUNNING
Status: RUNNING
Status: RUNNING
Status: RUNNING
Status: RUNNING
Status: RUNNING
Status: RUNNING
Status: RUNNING
Status: RUNNING
Status: RUNNING
Status: RUNNING
Status: RUNNING
Status: RUNNING
Status: RUNNING
Status: RUNNING
Status: RUNNING
Status: RUNNING
Status: RUNNING
Status: RUNNING
Status: RUNNING
Status: RUNNING
Status: RUNNING
Status: RUNNING
Status: RUNNING
Status: RUNNING
Status: RUNNING
Status: RUNNING
Status: RUNNING
Status: RUNNING
Status: RUNNING
Status: RUNNING
Status: RUNNING
Status: RUNNING
Status: RUNNING
Status: RUNNING
Status: RUNNING
Status: RUNNING
Status: RUNNING
Status: RUNNING
Status: RUNNING
Status: RUNNING
Status: RUNNING
Status: RUNNING
Status: RUNNING
Status: RUNNING
Status: RUNNING
Status: RUNNING
Status: RUNNING
Status: RUNNING
Status: RUNNING
Status: RUNNING
Status: RUNNING
Status: RUNNING
Status: RUNNING
Status: RUNNING
Status: COMPLETED
QMEANDisCo: 0.8054
Mutating chain A, position 53: GLY -> PRO
Submitted ./1UBQ_Results/1.pdb
Checking: https://swissmodel.expasy.org/qmean/CTSN6Z.json
Status: QUEUEING
Status: QUEUEING
Status: QUEUEING
Status: QUEUEING
Status: QUEUEING
Status: QUEUEING
Status: QUEUEING
Status: RUNNING
Status: RUNNING
Status: RUNNING
Status: RUNNING
Status: RUNNING
Status: RUNNING
Status: RUNNING
Status: RUNNING
Status: RUNNING
Status: RUNNING
Status: RUNNING
Status: RUNNING
Status: RUNNING
Status: RUNNING
Status: RUNNING
Status: RUNNING
Status: RUNNING
Status: RUNNING
Status: RUNNING
Status: RUNNING
Status: RUNNING
Status: RUNNING
Status: RUNNING
Status: RUNNING
Status: RUNNING
Status: RUNNING
Status: RUNNING
Status: RUNNING
Status: RUNNING
Status: RUNNING
Status: RUNNING
Status: RUNNING
Status: RUNNING
Status: RUNNING
Status: RUNNING
Status: RUNNING
Status: RUNNING
Status: RUNNING
Status: RUNNING
Status: RUNNING
Status: RUNNING
Status: RUNNING
Status: RUNNING
Status: RUNNING
Status: RUNNING
Status: RUNNING
Status: RUNNING
Status: RUNNING
Status: RUNNING
Status: RUNNING
Status: RUNNING
Status: RUNNING
Status: RUNNING
Status: RUNNING
Status: RUNNING
Status: RUNNING
Status: RUNNING
Status: RUNNING
Status: RUNNING
Status: RUNNING
Status: COMPLETED
QMEANDisCo: 0.7943
Mutating chain A, position 55: THR -> ASN
Submitted ./1UBQ_Results/1.pdb
Checking: https://swissmodel.expasy.org/qmean/HmbaP4.json
Status: QUEUEING
Status: QUEUEING
Status: QUEUEING
Status: QUEUEING
Status: QUEUEING
Status: QUEUEING
Status: QUEUEING
Status: RUNNING
Status: RUNNING
Status: RUNNING
Status: RUNNING
Status: RUNNING
Status: RUNNING
Status: RUNNING
Status: RUNNING
Status: RUNNING
Status: RUNNING
Status: RUNNING
Status: RUNNING
Status: RUNNING
Status: RUNNING
Status: RUNNING
Status: RUNNING
Status: RUNNING
Status: RUNNING
Status: RUNNING
Status: RUNNING
Status: RUNNING
Status: RUNNING
Status: RUNNING
Status: RUNNING
Status: RUNNING
Status: RUNNING
Status: RUNNING
Status: RUNNING
Status: RUNNING
Status: RUNNING
Status: RUNNING
Status: RUNNING
Status: RUNNING
Status: RUNNING
Status: RUNNING
Status: RUNNING
Status: RUNNING
Status: RUNNING
Status: RUNNING
Status: RUNNING
Status: RUNNING
Status: RUNNING
Status: RUNNING
Status: RUNNING
Status: RUNNING
Status: RUNNING
Status: RUNNING
Status: RUNNING
Status: RUNNING
Status: RUNNING
Status: RUNNING
Status: RUNNING
Status: RUNNING
Status: RUNNING
Status: RUNNING
Status: RUNNING
Status: RUNNING
Status: RUNNING
Status: COMPLETED
QMEANDisCo: 0.7940
Mutating chain A, position 4: PHE -> THR
Submitted ./1UBQ_Results/1.pdb
Checking: https://swissmodel.expasy.org/qmean/GDr2cD.json
Status: QUEUEING
Status: QUEUEING
Status: QUEUEING
Status: QUEUEING
Status: QUEUEING
Status: QUEUEING
Status: QUEUEING
Status: RUNNING
Status: RUNNING
Status: RUNNING
Status: RUNNING
Status: RUNNING
Status: RUNNING
Status: RUNNING
Status: RUNNING
Status: RUNNING
Status: RUNNING
Status: RUNNING
Status: RUNNING
Status: RUNNING
Status: RUNNING
Status: RUNNING
Status: RUNNING
Status: RUNNING
Status: RUNNING
Status: RUNNING
Status: RUNNING
Status: RUNNING
Status: RUNNING
Status: RUNNING
Status: RUNNING
Status: RUNNING
Status: RUNNING
Status: RUNNING
Status: RUNNING
Status: RUNNING
Status: RUNNING
Status: RUNNING
Status: RUNNING
Status: RUNNING
Status: RUNNING
Status: RUNNING
Status: RUNNING
Status: RUNNING
Status: RUNNING
Status: RUNNING
Status: RUNNING
Status: RUNNING
Status: RUNNING
Status: RUNNING
Status: RUNNING
Status: RUNNING
Status: RUNNING
Status: RUNNING
Status: RUNNING
Status: RUNNING
Status: RUNNING
Status: RUNNING
Status: RUNNING
Status: RUNNING
Status: RUNNING
Status: RUNNING
Status: RUNNING
Status: RUNNING
Status: RUNNING
Status: COMPLETED
QMEANDisCo: 0.7927
Mutating chain A, position 70: VAL -> HIS
Submitted ./1UBQ_Results/1.pdb
Checking: https://swissmodel.expasy.org/qmean/ZzkWq6.json
Status: QUEUEING
Status: QUEUEING
Status: QUEUEING
Status: QUEUEING
Status: QUEUEING
Status: QUEUEING
Status: QUEUEING
Status: RUNNING
Status: RUNNING
Status: RUNNING
Status: RUNNING
Status: RUNNING
Status: RUNNING
Status: RUNNING
Status: RUNNING
Status: RUNNING
Status: RUNNING
Status: RUNNING
Status: RUNNING
Status: RUNNING
Status: RUNNING
Status: RUNNING
Status: RUNNING
Status: RUNNING
Status: RUNNING
Status: RUNNING
Status: RUNNING
Status: RUNNING
Status: RUNNING
Status: RUNNING
Status: RUNNING
Status: RUNNING
Status: RUNNING
Status: RUNNING
Status: RUNNING
Status: RUNNING
Status: COMPLETED
QMEANDisCo: 0.7935
Mutating chain A, position 60: ASN -> ALA
Submitted ./1UBQ_Results/1.pdb
Checking: https://swissmodel.expasy.org/qmean/3VVdzK.json
Status: QUEUEING
Status: QUEUEING
Status: QUEUEING
Status: QUEUEING
Status: QUEUEING
Status: QUEUEING
Status: QUEUEING
Status: RUNNING
Status: RUNNING
Status: RUNNING
Status: RUNNING
Status: RUNNING
Status: RUNNING
Status: RUNNING
Status: RUNNING
Status: RUNNING
Status: RUNNING
Status: RUNNING
Status: RUNNING
Status: RUNNING
Status: RUNNING
Status: RUNNING
Status: RUNNING
Status: RUNNING
Status: RUNNING
Status: RUNNING
Status: RUNNING
Status: RUNNING
Status: RUNNING
Status: RUNNING
Status: RUNNING
Status: RUNNING
Status: RUNNING
Status: RUNNING
Status: RUNNING
Status: RUNNING
Status: RUNNING
Status: RUNNING
Status: RUNNING
Status: RUNNING
Status: RUNNING
Status: RUNNING
Status: RUNNING
Status: RUNNING
Status: RUNNING
Status: RUNNING
Status: RUNNING
Status: RUNNING
Status: RUNNING
Status: RUNNING
Status: RUNNING
Status: RUNNING
Status: RUNNING
Status: RUNNING
Status: RUNNING
Status: RUNNING
Status: RUNNING
Status: RUNNING
Status: RUNNING
Status: RUNNING
Status: RUNNING
Status: RUNNING
Status: RUNNING
Status: RUNNING
Status: RUNNING
Status: RUNNING
Status: COMPLETED
QMEANDisCo: 0.7960
Mutating chain A, position 21: ASP -> CYS
Submitted ./1UBQ_Results/1.pdb
Checking: https://swissmodel.expasy.org/qmean/KY4Hnb.json
Status: QUEUEING
Status: QUEUEING
Status: QUEUEING
Status: QUEUEING
Status: QUEUEING
Status: QUEUEING
Status: QUEUEING
Status: RUNNING
Status: RUNNING
Status: RUNNING
Status: RUNNING
Status: RUNNING
Status: RUNNING
Status: RUNNING
Status: RUNNING
Status: RUNNING
Status: RUNNING
Status: RUNNING
Status: RUNNING
Status: RUNNING
Status: RUNNING
Status: RUNNING
Status: RUNNING
Status: RUNNING
Status: RUNNING
Status: RUNNING
Status: RUNNING
Status: RUNNING
Status: RUNNING
Status: RUNNING
Status: RUNNING
Status: RUNNING
Status: RUNNING
Status: RUNNING
Status: RUNNING
Status: RUNNING
Status: RUNNING
Status: COMPLETED
QMEANDisCo: 0.7868
Mutating chain A, position 24: GLU -> PHE
Submitted ./1UBQ_Results/1.pdb
Checking: https://swissmodel.expasy.org/qmean/qZ9pVz.json
Status: QUEUEING
Status: QUEUEING
Status: QUEUEING
Status: QUEUEING
Status: QUEUEING
Status: QUEUEING
Status: QUEUEING
Status: RUNNING
Status: RUNNING
Status: RUNNING
Status: RUNNING
Status: RUNNING
Status: RUNNING
Status: RUNNING
Status: RUNNING
Status: RUNNING
Status: RUNNING
Status: RUNNING
Status: RUNNING
Status: RUNNING
Status: RUNNING
Status: RUNNING
Status: RUNNING
Status: RUNNING
Status: RUNNING
Status: RUNNING
Status: RUNNING
Status: RUNNING
Status: RUNNING
Status: RUNNING
Status: RUNNING
Status: RUNNING
Status: RUNNING
Status: RUNNING
Status: RUNNING
Status: RUNNING
Status: RUNNING
Status: RUNNING
Status: RUNNING
Status: RUNNING
Status: RUNNING
Status: RUNNING
Status: RUNNING
Status: RUNNING
Status: RUNNING
Status: RUNNING
Status: RUNNING
Status: RUNNING
Status: RUNNING
Status: RUNNING
Status: RUNNING
Status: RUNNING
Status: RUNNING
Status: RUNNING
Status: RUNNING
Status: RUNNING
Status: RUNNING
Status: RUNNING
Status: RUNNING
Status: RUNNING
Status: RUNNING
Status: RUNNING
Status: RUNNING
Status: RUNNING
Status: RUNNING
Status: RUNNING
Status: RUNNING
Status: COMPLETED
QMEANDisCo: 0.7996
Mutating chain A, position 35: GLY -> TRP
Submitted ./1UBQ_Results/1.pdb
Checking: https://swissmodel.expasy.org/qmean/my4JRT.json
Status: QUEUEING
Status: QUEUEING
Status: QUEUEING
Status: QUEUEING
Status: QUEUEING
Status: QUEUEING
Status: QUEUEING
Status: RUNNING
Status: RUNNING
Status: RUNNING
Status: RUNNING
Status: RUNNING
Status: RUNNING
Status: RUNNING
Status: RUNNING
Status: RUNNING
Status: RUNNING
Status: RUNNING
Status: RUNNING
Status: RUNNING
Status: RUNNING
Status: RUNNING
Status: RUNNING
Status: RUNNING
Status: RUNNING
Status: RUNNING
Status: RUNNING
Status: RUNNING
Status: RUNNING
Status: RUNNING
Status: RUNNING
Status: RUNNING
Status: RUNNING
Status: RUNNING
Status: RUNNING
Status: RUNNING
Status: RUNNING
Status: COMPLETED
QMEANDisCo: 0.7816
Mutating chain A, position 54: ARG -> ASN
Submitted ./1UBQ_Results/1.pdb
Checking: https://swissmodel.expasy.org/qmean/sfApZ9.json
Status: QUEUEING
Status: QUEUEING
Status: QUEUEING
Status: QUEUEING
Status: QUEUEING
Status: QUEUEING
Status: QUEUEING
Status: QUEUEING
Status: RUNNING
Status: RUNNING
Status: RUNNING
Status: RUNNING
Status: RUNNING
Status: RUNNING
Status: RUNNING
Status: RUNNING
Status: RUNNING
Status: RUNNING
Status: RUNNING
Status: RUNNING
Status: RUNNING
Status: RUNNING
Status: RUNNING
Status: RUNNING
Status: RUNNING
Status: RUNNING
Status: RUNNING
Status: RUNNING
Status: RUNNING
Status: RUNNING
Status: RUNNING
Status: RUNNING
Status: RUNNING
Status: RUNNING
Status: RUNNING
Status: RUNNING
Status: RUNNING
Status: RUNNING
Status: RUNNING
Status: RUNNING
Status: RUNNING
Status: RUNNING
Status: RUNNING
Status: RUNNING
Status: RUNNING
Status: RUNNING
Status: RUNNING
Status: RUNNING
Status: RUNNING
Status: RUNNING
Status: RUNNING
Status: RUNNING
Status: RUNNING
Status: RUNNING
Status: RUNNING
Status: RUNNING
Status: RUNNING
Status: RUNNING
Status: RUNNING
Status: RUNNING
Status: RUNNING
Status: RUNNING
Status: RUNNING
Status: RUNNING
Status: RUNNING
Status: RUNNING
Status: RUNNING
Status: COMPLETED
QMEANDisCo: 0.8000
Mutating chain A, position 74: ARG -> PHE
Submitted ./1UBQ_Results/1.pdb
Checking: https://swissmodel.expasy.org/qmean/ZNBvVq.json
Status: QUEUEING
Status: QUEUEING
Status: QUEUEING
Status: QUEUEING
Status: QUEUEING
Status: QUEUEING
Status: QUEUEING
Status: RUNNING
Status: RUNNING
Status: RUNNING
Status: RUNNING
Status: RUNNING
Status: RUNNING
Status: RUNNING
Status: RUNNING
Status: RUNNING
Status: RUNNING
Status: RUNNING
Status: RUNNING
Status: RUNNING
Status: RUNNING
Status: RUNNING
Status: RUNNING
Status: RUNNING
Status: RUNNING
Status: RUNNING
Status: RUNNING
Status: RUNNING
Status: RUNNING
Status: RUNNING
Status: RUNNING
Status: RUNNING
Status: RUNNING
Status: RUNNING
Status: RUNNING
Status: RUNNING
Status: RUNNING
Status: RUNNING
Status: RUNNING
Status: RUNNING
Status: RUNNING
Status: RUNNING
Status: RUNNING
Status: RUNNING
Status: RUNNING
Status: RUNNING
Status: RUNNING
Status: RUNNING
Status: RUNNING
Status: RUNNING
Status: RUNNING
Status: RUNNING
Status: RUNNING
Status: RUNNING
Status: RUNNING
Status: RUNNING
Status: RUNNING
Status: RUNNING
Status: RUNNING
Status: RUNNING
Status: RUNNING
Status: RUNNING
Status: RUNNING
Status: RUNNING
Status: RUNNING
Status: COMPLETED
QMEANDisCo: 0.8016
Mutating chain A, position 51: GLU -> ARG
Submitted ./1UBQ_Results/1.pdb
Checking: https://swissmodel.expasy.org/qmean/KJ9UZE.json
Status: QUEUEING
Status: QUEUEING
Status: QUEUEING
Status: QUEUEING
Status: QUEUEING
Status: QUEUEING
Status: QUEUEING
Status: RUNNING
Status: RUNNING
Status: RUNNING
Status: RUNNING
Status: RUNNING
Status: RUNNING
Status: RUNNING
Status: RUNNING
Status: RUNNING
Status: RUNNING
Status: RUNNING
Status: RUNNING
Status: RUNNING
Status: RUNNING
Status: RUNNING
Status: RUNNING
Status: RUNNING
Status: RUNNING
Status: RUNNING
Status: RUNNING
Status: RUNNING
Status: RUNNING
Status: RUNNING
Status: RUNNING
Status: RUNNING
Status: RUNNING
Status: RUNNING
Status: RUNNING
Status: RUNNING
Status: RUNNING
Status: RUNNING
Status: RUNNING
Status: RUNNING
Status: RUNNING
Status: RUNNING
Status: RUNNING
Status: RUNNING
Status: RUNNING
Status: RUNNING
Status: RUNNING
Status: RUNNING
Status: RUNNING
Status: RUNNING
Status: RUNNING
Status: RUNNING
Status: RUNNING
Status: RUNNING
Status: RUNNING
Status: RUNNING
Status: RUNNING
Status: RUNNING
Status: RUNNING
Status: RUNNING
Status: RUNNING
Status: RUNNING
Status: RUNNING
Status: RUNNING
Status: RUNNING
Status: COMPLETED
QMEANDisCo: 0.7968
Mutating chain A, position 56: LEU -> ASN
Submitted ./1UBQ_Results/1.pdb
Checking: https://swissmodel.expasy.org/qmean/URDn7d.json
Status: QUEUEING
Status: QUEUEING
Status: QUEUEING
Status: QUEUEING
Status: QUEUEING
Status: QUEUEING
Status: QUEUEING
Status: RUNNING
Status: RUNNING
Status: RUNNING
Status: RUNNING
Status: RUNNING
Status: RUNNING
Status: RUNNING
Status: RUNNING
Status: RUNNING
Status: RUNNING
Status: RUNNING
Status: RUNNING
Status: RUNNING
Status: RUNNING
Status: RUNNING
Status: RUNNING
Status: RUNNING
Status: RUNNING
Status: RUNNING
Status: RUNNING
Status: RUNNING
Status: RUNNING
Status: RUNNING
Status: RUNNING
Status: RUNNING
Status: RUNNING
Status: RUNNING
Status: RUNNING
Status: RUNNING
Status: RUNNING
Status: RUNNING
Status: RUNNING
Status: RUNNING
Status: RUNNING
Status: RUNNING
Status: RUNNING
Status: RUNNING
Status: RUNNING
Status: RUNNING
Status: RUNNING
Status: RUNNING
Status: RUNNING
Status: RUNNING
Status: RUNNING
Status: RUNNING
Status: RUNNING
Status: RUNNING
Status: RUNNING
Status: RUNNING
Status: RUNNING
Status: RUNNING
Status: RUNNING
Status: RUNNING
Status: RUNNING
Status: RUNNING
Status: RUNNING
Status: RUNNING
Status: RUNNING
Status: RUNNING
Status: COMPLETED
QMEANDisCo: 0.7988
Mutating chain A, position 17: VAL -> ASN
Submitted ./1UBQ_Results/1.pdb
Checking: https://swissmodel.expasy.org/qmean/uvS4uy.json
Status: QUEUEING
Status: QUEUEING
Status: QUEUEING
Status: QUEUEING
Status: QUEUEING
Status: QUEUEING
Status: QUEUEING
Status: QUEUEING
Status: RUNNING
Status: RUNNING
Status: RUNNING
Status: RUNNING
Status: RUNNING
Status: RUNNING
Status: RUNNING
Status: RUNNING
Status: RUNNING
Status: RUNNING
Status: RUNNING
Status: RUNNING
Status: RUNNING
Status: RUNNING
Network error: 504 Server Error: Gateway Timeout for url: https://swissmodel.expasy.org/qmean/uvS4uy.json
Retrying in 10 seconds...
Status: RUNNING
Status: RUNNING
Status: RUNNING
Status: RUNNING
Status: RUNNING
Status: RUNNING
Status: RUNNING
Status: RUNNING
Status: RUNNING
Status: RUNNING
Status: RUNNING
Status: RUNNING
Status: COMPLETED
QMEANDisCo: 0.7941
Mutating chain A, position 68: HIS -> MET
Submitted ./1UBQ_Results/1.pdb
Checking: https://swissmodel.expasy.org/qmean/hARfsp.json
Status: QUEUEING
Status: QUEUEING
Status: QUEUEING
Status: QUEUEING
Status: QUEUEING
Status: QUEUEING
Status: QUEUEING
Status: QUEUEING
Status: RUNNING
Status: RUNNING
Status: RUNNING
Status: RUNNING
Status: RUNNING
Status: RUNNING
Status: RUNNING
Status: RUNNING
Status: RUNNING
Status: RUNNING
Status: RUNNING
Status: RUNNING
Status: RUNNING
Status: RUNNING
Status: RUNNING
Status: RUNNING
Status: RUNNING
Status: RUNNING
Status: RUNNING
Status: RUNNING
Status: RUNNING
Status: RUNNING
Status: RUNNING
Status: RUNNING
Status: RUNNING
Status: RUNNING
Status: RUNNING
Status: RUNNING
Status: RUNNING
Status: RUNNING
Status: RUNNING
Status: RUNNING
Status: RUNNING
Status: RUNNING
Status: RUNNING
Status: RUNNING
Status: RUNNING
Status: RUNNING
Status: RUNNING
Status: RUNNING
Status: RUNNING
Status: RUNNING
Status: RUNNING
Status: RUNNING
Status: RUNNING
Status: RUNNING
Status: RUNNING
Status: RUNNING
Status: RUNNING
Status: RUNNING
Status: RUNNING
Status: RUNNING
Status: RUNNING
Status: RUNNING
Status: RUNNING
Status: RUNNING
Status: RUNNING
Status: RUNNING
Status: COMPLETED
QMEANDisCo: 0.7995
Mutating chain A, position 45: PHE -> CYS
Submitted ./1UBQ_Results/1.pdb
Checking: https://swissmodel.expasy.org/qmean/VNBN8c.json
Status: QUEUEING
Status: QUEUEING
Status: QUEUEING
Status: QUEUEING
Status: QUEUEING
Status: QUEUEING
Status: QUEUEING
Status: RUNNING
Status: RUNNING
Status: RUNNING
Status: RUNNING
Status: RUNNING
Status: RUNNING
Status: RUNNING
Status: RUNNING
Status: RUNNING
Status: RUNNING
Status: RUNNING
Status: RUNNING
Status: RUNNING
Status: RUNNING
Status: RUNNING
Status: RUNNING
Status: RUNNING
Status: RUNNING
Status: RUNNING
Status: RUNNING
Status: RUNNING
Status: RUNNING
Status: RUNNING
Status: RUNNING
Status: RUNNING
Status: RUNNING
Status: RUNNING
Status: RUNNING
Status: RUNNING
Status: RUNNING
Status: RUNNING
Status: RUNNING
Status: RUNNING
Status: RUNNING
Status: RUNNING
Status: RUNNING
Status: RUNNING
Status: RUNNING
Status: RUNNING
Status: RUNNING
Status: RUNNING
Status: RUNNING
Status: RUNNING
Status: RUNNING
Status: RUNNING
Status: RUNNING
Status: RUNNING
Status: RUNNING
Status: RUNNING
Status: RUNNING
Status: RUNNING
Status: COMPLETED
QMEANDisCo: 0.7933
Mutating chain A, position 31: GLN -> ILE
Submitted ./1UBQ_Results/1.pdb
Checking: https://swissmodel.expasy.org/qmean/jYWzRV.json
Status: QUEUEING
Status: QUEUEING
Status: QUEUEING
Status: QUEUEING
Status: QUEUEING
Status: QUEUEING
Status: QUEUEING
Status: QUEUEING
Status: QUEUEING
Status: QUEUEING
Status: QUEUEING
Status: QUEUEING
Status: QUEUEING
Status: QUEUEING
Status: QUEUEING
Status: RUNNING
Status: RUNNING
Status: RUNNING
Status: RUNNING
Status: RUNNING
Status: RUNNING
Status: RUNNING
Status: RUNNING
Status: RUNNING
Status: RUNNING
Status: RUNNING
Status: RUNNING
Status: RUNNING
Status: RUNNING
Status: RUNNING
Status: RUNNING
Status: RUNNING
Status: RUNNING
Status: RUNNING
Status: RUNNING
Status: RUNNING
Status: RUNNING
Status: RUNNING
Status: RUNNING
Status: RUNNING
Status: RUNNING
Status: RUNNING
Status: RUNNING
Status: RUNNING
Status: RUNNING
Status: RUNNING
Status: RUNNING
Status: RUNNING
Status: RUNNING
Status: RUNNING
Status: RUNNING
Status: RUNNING
Status: RUNNING
Status: RUNNING
Status: RUNNING
Status: RUNNING
Status: RUNNING
Status: RUNNING
Status: RUNNING
Status: RUNNING
Status: RUNNING
Status: RUNNING
Status: RUNNING
Status: RUNNING
Status: RUNNING
Status: RUNNING
Status: COMPLETED
QMEANDisCo: 0.7954
Mutating chain A, position 49: GLN -> TRP
Submitted ./1UBQ_Results/1.pdb
Checking: https://swissmodel.expasy.org/qmean/uHMGNY.json
Status: QUEUEING
Status: QUEUEING
Status: QUEUEING
Status: QUEUEING
Status: QUEUEING
Status: QUEUEING
Status: QUEUEING
Status: RUNNING
Status: RUNNING
Status: RUNNING
Status: RUNNING
Status: RUNNING
Status: RUNNING
Status: RUNNING
Status: RUNNING
Status: RUNNING
Status: RUNNING
Status: RUNNING
Status: RUNNING
Status: RUNNING
Status: RUNNING
Status: RUNNING
Status: RUNNING
Status: RUNNING
Status: RUNNING
Status: RUNNING
Status: RUNNING
Status: RUNNING
Status: RUNNING
Status: RUNNING
Status: RUNNING
Status: RUNNING
Status: RUNNING
Status: RUNNING
Status: RUNNING
Status: RUNNING
Status: RUNNING
Status: RUNNING
Status: RUNNING
Status: RUNNING
Status: RUNNING
Status: RUNNING
Status: RUNNING
Status: RUNNING
Status: RUNNING
Status: RUNNING
Status: RUNNING
Status: RUNNING
Status: RUNNING
Status: RUNNING
Status: RUNNING
Status: RUNNING
Status: RUNNING
Status: RUNNING
Status: RUNNING
Status: RUNNING
Status: RUNNING
Status: RUNNING
Status: RUNNING
Status: RUNNING
Status: RUNNING
Status: RUNNING
Status: RUNNING
Status: RUNNING
Status: RUNNING
Status: RUNNING
Status: RUNNING
Status: COMPLETED
QMEANDisCo: 0.8000
Mutating chain A, position 16: GLU -> ARG
Submitted ./1UBQ_Results/1.pdb
Checking: https://swissmodel.expasy.org/qmean/uVybFC.json
Status: QUEUEING
Status: QUEUEING
Status: QUEUEING
Status: QUEUEING
Status: QUEUEING
Status: QUEUEING
Status: QUEUEING
Status: RUNNING
Status: RUNNING
Status: RUNNING
Status: RUNNING
Status: RUNNING
Status: RUNNING
Status: RUNNING
Status: RUNNING
Status: RUNNING
Status: RUNNING
Status: RUNNING
Status: RUNNING
Status: RUNNING
Status: RUNNING
Status: RUNNING
Status: RUNNING
Status: RUNNING
Status: RUNNING
Status: RUNNING
Status: RUNNING
Status: RUNNING
Status: RUNNING
Status: RUNNING
Status: RUNNING
Status: RUNNING
Status: RUNNING
Status: RUNNING
Status: RUNNING
Status: RUNNING
Status: RUNNING
Status: COMPLETED
QMEANDisCo: 0.7955
Mutating chain A, position 13: ILE -> GLU
Submitted ./1UBQ_Results/1.pdb
Checking: https://swissmodel.expasy.org/qmean/gH7wYr.json
Status: QUEUEING
Status: QUEUEING
Status: QUEUEING
Status: QUEUEING
Status: QUEUEING
Status: QUEUEING
Status: QUEUEING
Status: RUNNING
Status: RUNNING
Status: RUNNING
Status: RUNNING
Status: RUNNING
Status: RUNNING
Status: RUNNING
Status: RUNNING
Status: RUNNING
Status: RUNNING
Status: RUNNING
Status: RUNNING
Status: RUNNING
Status: RUNNING
Status: RUNNING
Status: RUNNING
Status: RUNNING
Status: RUNNING
Status: RUNNING
Status: RUNNING
Status: RUNNING
Status: RUNNING
Status: RUNNING
Status: RUNNING
Status: RUNNING
Status: RUNNING
Status: RUNNING
Status: RUNNING
Status: RUNNING
Status: RUNNING
Status: RUNNING
Status: RUNNING
Status: RUNNING
Status: RUNNING
Status: RUNNING
Status: RUNNING
Status: RUNNING
Status: RUNNING
Status: RUNNING
Status: RUNNING
Status: RUNNING
Status: RUNNING
Status: RUNNING
Status: RUNNING
Status: RUNNING
Status: RUNNING
Status: RUNNING
Status: RUNNING
Status: RUNNING
Status: RUNNING
Status: RUNNING
Status: RUNNING
Status: RUNNING
Status: RUNNING
Status: RUNNING
Status: RUNNING
Status: RUNNING
Status: RUNNING
Status: RUNNING
Status: COMPLETED
QMEANDisCo: 0.7850
Mutating chain A, position 62: GLN -> VAL
Submitted ./1UBQ_Results/1.pdb
Checking: https://swissmodel.expasy.org/qmean/7F9z73.json
Status: QUEUEING
Status: QUEUEING
Status: QUEUEING
Status: QUEUEING
Status: QUEUEING
Status: QUEUEING
Status: QUEUEING
Status: QUEUEING
Status: RUNNING
Status: RUNNING
Status: RUNNING
Status: RUNNING
Status: RUNNING
Status: RUNNING
Status: RUNNING
Status: RUNNING
Status: RUNNING
Status: RUNNING
Status: RUNNING
Status: RUNNING
Status: RUNNING
Status: RUNNING
Status: RUNNING
Status: RUNNING
Status: RUNNING
Status: RUNNING
Status: RUNNING
Status: RUNNING
Status: RUNNING
Status: RUNNING
Status: RUNNING
Status: RUNNING
Status: RUNNING
Status: RUNNING
Status: RUNNING
Status: RUNNING
Status: RUNNING
Status: COMPLETED
QMEANDisCo: 0.7984
Mutating chain A, position 10: GLY -> LEU
Submitted ./1UBQ_Results/1.pdb
Checking: https://swissmodel.expasy.org/qmean/838eGT.json
Status: QUEUEING
Status: QUEUEING
Status: QUEUEING
Status: QUEUEING
Status: QUEUEING
Status: QUEUEING
Status: QUEUEING
Status: QUEUEING
Status: RUNNING
Status: RUNNING
Status: RUNNING
Status: RUNNING
Status: RUNNING
Status: RUNNING
Status: RUNNING
Status: RUNNING
Status: RUNNING
Status: RUNNING
Status: RUNNING
Status: RUNNING
Status: RUNNING
Status: RUNNING
Status: RUNNING
Status: RUNNING
Status: RUNNING
Status: RUNNING
Status: RUNNING
Status: RUNNING
Status: RUNNING
Status: RUNNING
Status: RUNNING
Status: RUNNING
Status: RUNNING
Status: RUNNING
Status: RUNNING
Status: RUNNING
Status: RUNNING
Status: RUNNING
Status: RUNNING
Status: RUNNING
Status: RUNNING
Status: RUNNING
Status: RUNNING
Status: RUNNING
Status: RUNNING
Status: RUNNING
Status: RUNNING
Status: RUNNING
Status: RUNNING
Status: RUNNING
Status: RUNNING
Status: RUNNING
Status: RUNNING
Status: RUNNING
Status: RUNNING
Status: RUNNING
Status: RUNNING
Status: RUNNING
Status: RUNNING
Status: RUNNING
Status: RUNNING
Status: RUNNING
Status: RUNNING
Status: RUNNING
Status: RUNNING
Status: RUNNING
Status: COMPLETED
QMEANDisCo: 0.7970
Mutating chain A, position 18: GLU -> MET
Submitted ./1UBQ_Results/1.pdb
Checking: https://swissmodel.expasy.org/qmean/AA267Y.json
Status: QUEUEING
Status: QUEUEING
Status: QUEUEING
Status: QUEUEING
Status: QUEUEING
Status: QUEUEING
Status: QUEUEING
Status: RUNNING
Status: RUNNING
Status: RUNNING
Status: RUNNING
Status: RUNNING
Status: RUNNING
Status: RUNNING
Status: RUNNING
Status: RUNNING
Status: RUNNING
Status: RUNNING
Status: RUNNING
Status: RUNNING
Status: RUNNING
Status: RUNNING
Status: RUNNING
Status: RUNNING
Status: RUNNING
Status: RUNNING
Status: RUNNING
Status: RUNNING
Status: RUNNING
Status: RUNNING
Status: RUNNING
Status: RUNNING
Status: RUNNING
Status: RUNNING
Status: RUNNING
Status: RUNNING
Status: RUNNING
Status: RUNNING
Status: RUNNING
Status: RUNNING
Status: RUNNING
Status: RUNNING
Status: RUNNING
Status: RUNNING
Status: RUNNING
Status: RUNNING
Status: RUNNING
Status: RUNNING
Status: RUNNING
Status: RUNNING
Status: RUNNING
Status: RUNNING
Status: RUNNING
Status: RUNNING
Status: RUNNING
Status: RUNNING
Status: RUNNING
Status: RUNNING
Status: RUNNING
Status: RUNNING
Status: RUNNING
Status: RUNNING
Status: RUNNING
Status: RUNNING
Status: RUNNING
Status: RUNNING
Status: COMPLETED
QMEANDisCo: 0.7982
Mutating chain A, position 43: LEU -> LYS
Submitted ./1UBQ_Results/1.pdb
Checking: https://swissmodel.expasy.org/qmean/uyFKX2.json
Status: QUEUEING
Status: QUEUEING
Status: QUEUEING
Status: QUEUEING
Status: QUEUEING
Status: QUEUEING
Status: QUEUEING
Status: RUNNING
Status: RUNNING
Status: RUNNING
Status: RUNNING
Status: RUNNING
Status: RUNNING
Status: RUNNING
Status: RUNNING
Status: RUNNING
Status: RUNNING
Status: RUNNING
Status: RUNNING
Status: RUNNING
Status: RUNNING
Status: RUNNING
Status: RUNNING
Status: RUNNING
Status: RUNNING
Status: RUNNING
Status: RUNNING
Status: RUNNING
Status: RUNNING
Status: RUNNING
Status: RUNNING
Status: RUNNING
Status: RUNNING
Status: RUNNING
Status: RUNNING
Status: RUNNING
Status: COMPLETED
QMEANDisCo: 0.7969
Mutating chain A, position 18: GLU -> PHE
Submitted ./1UBQ_Results/1.pdb
Checking: https://swissmodel.expasy.org/qmean/mDc2Lm.json
Status: QUEUEING
Status: QUEUEING
Status: QUEUEING
Status: QUEUEING
Status: QUEUEING
Status: QUEUEING
Status: QUEUEING
Status: RUNNING
Status: RUNNING
Status: RUNNING
Status: RUNNING
Status: RUNNING
Status: RUNNING
Status: RUNNING
Status: RUNNING
Status: RUNNING
Status: RUNNING
Status: RUNNING
Status: RUNNING
Status: RUNNING
Status: RUNNING
Status: RUNNING
Status: RUNNING
Status: RUNNING
Status: RUNNING
Status: RUNNING
Status: RUNNING
Status: RUNNING
Status: RUNNING
Status: RUNNING
Status: RUNNING
Status: RUNNING
Status: RUNNING
Status: RUNNING
Status: RUNNING
Status: RUNNING
Status: RUNNING
Status: RUNNING
Status: RUNNING
Status: RUNNING
Status: RUNNING
Status: RUNNING
Status: RUNNING
Status: RUNNING
Status: RUNNING
Status: RUNNING
Status: RUNNING
Status: RUNNING
Status: RUNNING
Status: RUNNING
Status: RUNNING
Status: RUNNING
Status: RUNNING
Status: RUNNING
Status: RUNNING
Status: RUNNING
Status: RUNNING
Status: RUNNING
Status: RUNNING
Status: RUNNING
Status: RUNNING
Status: RUNNING
Status: RUNNING
Status: RUNNING
Status: RUNNING
Status: RUNNING
Status: COMPLETED
QMEANDisCo: 0.7973
Mutating chain A, position 44: ILE -> CYS
Submitted ./1UBQ_Results/1.pdb
Checking: https://swissmodel.expasy.org/qmean/wPj2RD.json
Status: QUEUEING
Status: QUEUEING
Status: QUEUEING
Status: QUEUEING
Status: QUEUEING
Status: QUEUEING
Status: QUEUEING
Status: RUNNING
Status: RUNNING
Status: RUNNING
Status: RUNNING
Status: RUNNING
Status: RUNNING
Status: RUNNING
Status: RUNNING
Status: RUNNING
Status: RUNNING
Status: RUNNING
Status: RUNNING
Status: RUNNING
Status: RUNNING
Status: RUNNING
Status: RUNNING
Status: RUNNING
Status: RUNNING
Status: RUNNING
Status: RUNNING
Status: RUNNING
Status: RUNNING
Status: RUNNING
Status: RUNNING
Status: RUNNING
Status: RUNNING
Status: RUNNING
Status: RUNNING
Status: RUNNING
Status: RUNNING
Status: RUNNING
Status: RUNNING
Status: RUNNING
Status: RUNNING
Status: RUNNING
Status: RUNNING
Status: RUNNING
Status: RUNNING
Status: RUNNING
Status: RUNNING
Status: RUNNING
Status: RUNNING
Status: RUNNING
Status: RUNNING
Status: RUNNING
Status: RUNNING
Status: RUNNING
Status: RUNNING
Status: RUNNING
Status: RUNNING
Status: RUNNING
Status: RUNNING
Status: RUNNING
Status: RUNNING
Status: RUNNING
Status: RUNNING
Status: RUNNING
Status: RUNNING
Status: RUNNING
Status: COMPLETED
QMEANDisCo: 0.7979
Mutating chain A, position 47: GLY -> THR
Submitted ./1UBQ_Results/1.pdb
Checking: https://swissmodel.expasy.org/qmean/hbtpHW.json
Status: QUEUEING
Status: QUEUEING
Status: QUEUEING
Status: QUEUEING
Status: QUEUEING
Status: QUEUEING
Status: QUEUEING
Status: QUEUEING
Status: RUNNING
Status: RUNNING
Status: RUNNING
Status: RUNNING
Status: RUNNING
Status: RUNNING
Status: RUNNING
Status: RUNNING
Status: RUNNING
Status: RUNNING
Status: RUNNING
Status: RUNNING
Status: RUNNING
Status: RUNNING
Status: RUNNING
Status: RUNNING
Status: RUNNING
Status: RUNNING
Status: RUNNING
Status: RUNNING
Status: RUNNING
Status: RUNNING
Status: RUNNING
Status: RUNNING
Status: RUNNING
Status: RUNNING
Status: RUNNING
Status: RUNNING
Status: RUNNING
Status: COMPLETED
QMEANDisCo: 0.7886
Mutating chain A, position 11: LYS -> VAL
Submitted ./1UBQ_Results/1.pdb
Checking: https://swissmodel.expasy.org/qmean/4qSejR.json
Status: QUEUEING
Status: QUEUEING
Status: QUEUEING
Status: QUEUEING
Status: QUEUEING
Status: QUEUEING
Status: QUEUEING
Status: RUNNING
Status: RUNNING
Status: RUNNING
Status: RUNNING
Status: RUNNING
Status: RUNNING
Status: RUNNING
Status: RUNNING
Status: RUNNING
Status: RUNNING
Status: RUNNING
Status: RUNNING
Status: RUNNING
Status: RUNNING
Status: RUNNING
Status: RUNNING
Status: RUNNING
Status: RUNNING
Status: RUNNING
Status: RUNNING
Status: RUNNING
Status: RUNNING
Status: RUNNING
Status: RUNNING
Status: RUNNING
Status: RUNNING
Status: RUNNING
Status: RUNNING
Status: RUNNING
Status: RUNNING
Status: RUNNING
Status: RUNNING
Status: RUNNING
Status: RUNNING
Status: RUNNING
Status: RUNNING
Status: RUNNING
Status: RUNNING
Status: RUNNING
Status: RUNNING
Status: RUNNING
Status: RUNNING
Status: RUNNING
Status: RUNNING
Status: RUNNING
Status: RUNNING
Status: RUNNING
Status: RUNNING
Status: RUNNING
Status: RUNNING
Status: RUNNING
Status: RUNNING
Status: RUNNING
Status: RUNNING
Status: RUNNING
Status: RUNNING
Status: RUNNING
Status: COMPLETED
QMEANDisCo: 0.8023
Mutating chain A, position 31: GLN -> GLU
Submitted ./1UBQ_Results/1.pdb
Checking: https://swissmodel.expasy.org/qmean/AA48pP.json
Status: QUEUEING
Status: QUEUEING
Status: QUEUEING
Status: QUEUEING
Status: QUEUEING
Status: QUEUEING
Status: QUEUEING
Status: RUNNING
Status: RUNNING
Status: RUNNING
Status: RUNNING
Status: RUNNING
Status: RUNNING
Status: RUNNING
Status: RUNNING
Status: RUNNING
Status: RUNNING
Status: RUNNING
Status: RUNNING
Status: RUNNING
Status: RUNNING
Status: RUNNING
Status: RUNNING
Status: RUNNING
Status: RUNNING
Status: RUNNING
Status: RUNNING
Status: RUNNING
Status: RUNNING
Status: RUNNING
Status: RUNNING
Status: RUNNING
Status: RUNNING
Status: RUNNING
Status: RUNNING
Status: RUNNING
Status: RUNNING
Status: RUNNING
Status: RUNNING
Status: RUNNING
Status: RUNNING
Status: RUNNING
Status: RUNNING
Status: RUNNING
Status: RUNNING
Status: RUNNING
Status: RUNNING
Status: RUNNING
Status: RUNNING
Status: RUNNING
Status: RUNNING
Status: RUNNING
Status: RUNNING
Status: RUNNING
Status: RUNNING
Status: RUNNING
Status: RUNNING
Status: RUNNING
Status: RUNNING
Status: RUNNING
Status: RUNNING
Status: RUNNING
Status: RUNNING
Status: RUNNING
Status: RUNNING
Status: COMPLETED
QMEANDisCo: 0.8008
Mutating chain A, position 5: VAL -> MET
Submitted ./1UBQ_Results/1.pdb
Checking: https://swissmodel.expasy.org/qmean/Qc6x6Z.json
Status: QUEUEING
Status: QUEUEING
Status: QUEUEING
Status: QUEUEING
Status: QUEUEING
Status: QUEUEING
Status: QUEUEING
Status: RUNNING
Status: RUNNING
Status: RUNNING
Status: RUNNING
Status: RUNNING
Status: RUNNING
Status: RUNNING
Status: RUNNING
Status: RUNNING
Status: RUNNING
Status: RUNNING
Status: RUNNING
Status: RUNNING
Status: RUNNING
Status: RUNNING
Status: RUNNING
Status: RUNNING
Status: RUNNING
Status: RUNNING
Status: RUNNING
Status: RUNNING
Status: RUNNING
Status: RUNNING
Status: RUNNING
Status: RUNNING
Status: RUNNING
Status: RUNNING
Status: RUNNING
Status: RUNNING
Status: RUNNING
Status: RUNNING
Status: RUNNING
Status: RUNNING
Status: RUNNING
Status: RUNNING
Status: RUNNING
Status: RUNNING
Status: RUNNING
Status: RUNNING
Status: RUNNING
Status: RUNNING
Status: RUNNING
Status: RUNNING
Status: RUNNING
Status: RUNNING
Status: RUNNING
Status: RUNNING
Status: RUNNING
Status: RUNNING
Status: RUNNING
Status: RUNNING
Status: RUNNING
Status: RUNNING
Status: RUNNING
Status: RUNNING
Status: RUNNING
Status: RUNNING
Status: RUNNING
Status: RUNNING
Status: COMPLETED
QMEANDisCo: 0.7970
Mutating chain A, position 55: THR -> TYR
Submitted ./1UBQ_Results/1.pdb
Checking: https://swissmodel.expasy.org/qmean/ydWvnr.json
Status: QUEUEING
Status: QUEUEING
Status: QUEUEING
Status: QUEUEING
Status: QUEUEING
Status: QUEUEING
Status: QUEUEING
Status: QUEUEING
Status: RUNNING
Status: RUNNING
Status: RUNNING
Status: RUNNING
Status: RUNNING
Status: RUNNING
Status: RUNNING
Status: RUNNING
Status: RUNNING
Status: RUNNING
Status: RUNNING
Status: RUNNING
Status: RUNNING
Status: RUNNING
Status: RUNNING
Status: RUNNING
Status: RUNNING
Status: RUNNING
Status: RUNNING
Status: RUNNING
Status: RUNNING
Status: RUNNING
Status: RUNNING
Status: RUNNING
Status: RUNNING
Status: RUNNING
Status: RUNNING
Status: RUNNING
Status: RUNNING
Status: RUNNING
Status: RUNNING
Status: RUNNING
Status: RUNNING
Status: RUNNING
Status: RUNNING
Status: RUNNING
Status: RUNNING
Status: RUNNING
Status: RUNNING
Status: RUNNING
Status: RUNNING
Status: RUNNING
Status: RUNNING
Status: RUNNING
Status: RUNNING
Status: RUNNING
Status: RUNNING
Status: RUNNING
Status: RUNNING
Status: RUNNING
Status: RUNNING
Status: RUNNING
Status: RUNNING
Status: RUNNING
Status: RUNNING
Status: RUNNING
Status: RUNNING
Status: RUNNING
Status: RUNNING
Status: RUNNING
Status: COMPLETED
QMEANDisCo: 0.7890
Mutating chain A, position 14: THR -> GLU
Submitted ./1UBQ_Results/1.pdb
Checking: https://swissmodel.expasy.org/qmean/LcmGmd.json
Status: QUEUEING
Status: QUEUEING
Status: QUEUEING
Status: QUEUEING
Status: QUEUEING
Status: QUEUEING
Status: QUEUEING
Status: RUNNING
Status: RUNNING
Status: RUNNING
Status: RUNNING
Status: RUNNING
Status: RUNNING
Status: RUNNING
Status: RUNNING
Status: RUNNING
Status: RUNNING
Status: RUNNING
Status: RUNNING
Status: RUNNING
Status: RUNNING
Status: RUNNING
Status: RUNNING
Status: RUNNING
Status: RUNNING
Status: RUNNING
Status: RUNNING
Status: RUNNING
Status: RUNNING
Status: RUNNING
Status: RUNNING
Status: RUNNING
Status: RUNNING
Status: RUNNING
Status: RUNNING
Status: RUNNING
Status: RUNNING
Status: COMPLETED
QMEANDisCo: 0.7883
Mutating chain A, position 11: LYS -> ALA
Submitted ./1UBQ_Results/1.pdb
Checking: https://swissmodel.expasy.org/qmean/tdv8uk.json
Status: QUEUEING
Status: QUEUEING
Status: QUEUEING
Status: QUEUEING
Status: QUEUEING
Status: QUEUEING
Status: QUEUEING
Status: RUNNING
Status: RUNNING
Status: RUNNING
Status: RUNNING
Status: RUNNING
Status: RUNNING
Status: RUNNING
Status: RUNNING
Status: RUNNING
Status: RUNNING
Status: RUNNING
Status: RUNNING
Status: RUNNING
Status: RUNNING
Status: RUNNING
Status: RUNNING
Status: RUNNING
Status: RUNNING
Status: RUNNING
Status: RUNNING
Status: RUNNING
Status: RUNNING
Status: RUNNING
Status: RUNNING
Status: RUNNING
Status: RUNNING
Status: RUNNING
Status: RUNNING
Status: RUNNING
Status: RUNNING
Status: RUNNING
Status: RUNNING
Status: RUNNING
Status: RUNNING
Status: RUNNING
Status: RUNNING
Status: RUNNING
Status: RUNNING
Status: RUNNING
Status: RUNNING
Status: RUNNING
Status: RUNNING
Status: RUNNING
Status: RUNNING
Status: RUNNING
Status: RUNNING
Status: RUNNING
Status: RUNNING
Status: RUNNING
Status: RUNNING
Status: RUNNING
Status: RUNNING
Status: RUNNING
Status: RUNNING
Status: RUNNING
Status: RUNNING
Status: RUNNING
Status: RUNNING
Status: COMPLETED
QMEANDisCo: 0.7959
Mutating chain A, position 41: GLN -> ALA
Submitted ./1UBQ_Results/1.pdb
Checking: https://swissmodel.expasy.org/qmean/CnBRYG.json
Status: QUEUEING
Status: QUEUEING
Status: QUEUEING
Status: QUEUEING
Status: QUEUEING
Status: QUEUEING
Status: QUEUEING
Status: RUNNING
Status: RUNNING
Status: RUNNING
Status: RUNNING
Status: RUNNING
Status: RUNNING
Status: RUNNING
Status: RUNNING
Status: RUNNING
Status: RUNNING
Status: RUNNING
Status: RUNNING
Status: RUNNING
Status: RUNNING
Status: RUNNING
Status: RUNNING
Status: RUNNING
Status: RUNNING
Status: RUNNING
Status: RUNNING
Status: RUNNING
Status: RUNNING
Status: RUNNING
Status: RUNNING
Status: RUNNING
Status: RUNNING
Status: RUNNING
Status: RUNNING
Status: RUNNING
Status: RUNNING
Status: RUNNING
Status: RUNNING
Status: RUNNING
Status: RUNNING
Status: RUNNING
Status: RUNNING
Status: RUNNING
Status: RUNNING
Status: RUNNING
Status: RUNNING
Status: RUNNING
Status: RUNNING
Status: RUNNING
Status: RUNNING
Status: RUNNING
Status: RUNNING
Status: RUNNING
Status: RUNNING
Status: RUNNING
Status: RUNNING
Status: RUNNING
Status: RUNNING
Status: RUNNING
Status: RUNNING
Status: RUNNING
Status: RUNNING
Status: COMPLETED
QMEANDisCo: 0.7950
Mutating chain A, position 9: THR -> GLN
Submitted ./1UBQ_Results/1.pdb
Checking: https://swissmodel.expasy.org/qmean/8EJcGe.json
Status: QUEUEING
Status: QUEUEING
Status: QUEUEING
Status: QUEUEING
Status: QUEUEING
Status: QUEUEING
Status: QUEUEING
Status: RUNNING
Status: RUNNING
Status: RUNNING
Status: RUNNING
Status: RUNNING
Status: RUNNING
Status: RUNNING
Status: RUNNING
Status: RUNNING
Status: RUNNING
Status: RUNNING
Status: RUNNING
Status: RUNNING
Status: RUNNING
Status: RUNNING
Status: RUNNING
Status: RUNNING
Status: RUNNING
Status: RUNNING
Status: RUNNING
Status: RUNNING
Status: RUNNING
Status: RUNNING
Status: RUNNING
Status: RUNNING
Status: RUNNING
Status: RUNNING
Status: RUNNING
Status: RUNNING
Status: RUNNING
Status: COMPLETED
QMEANDisCo: 0.7886
Mutating chain A, position 11: LYS -> VAL
Submitted ./1UBQ_Results/1.pdb
Checking: https://swissmodel.expasy.org/qmean/CSA8n6.json
Status: QUEUEING
Status: QUEUEING
Status: QUEUEING
Status: QUEUEING
Status: QUEUEING
Status: QUEUEING
Status: QUEUEING
Status: RUNNING
Status: RUNNING
Status: RUNNING
Status: RUNNING
Status: RUNNING
Status: RUNNING
Status: RUNNING
Status: RUNNING
Status: RUNNING
Status: RUNNING
Status: RUNNING
Status: RUNNING
Status: RUNNING
Status: RUNNING
Status: RUNNING
Status: RUNNING
Status: RUNNING
Status: RUNNING
Status: RUNNING
Status: RUNNING
Status: RUNNING
Status: RUNNING
Status: RUNNING
Status: RUNNING
Status: RUNNING
Status: RUNNING
Status: RUNNING
Status: RUNNING
Status: RUNNING
Status: COMPLETED
QMEANDisCo: 0.8023
Mutating chain A, position 43: LEU -> GLN
Submitted ./1UBQ_Results/1.pdb
Checking: https://swissmodel.expasy.org/qmean/GRUnvn.json
Status: QUEUEING
Status: QUEUEING
Status: QUEUEING
Status: QUEUEING
Status: QUEUEING
Status: QUEUEING
Status: QUEUEING
Status: RUNNING
Status: RUNNING
Status: RUNNING
Status: RUNNING
Status: RUNNING
Status: RUNNING
Status: RUNNING
Status: RUNNING
Status: RUNNING
Status: RUNNING
Status: RUNNING
Status: RUNNING
Status: RUNNING
Status: RUNNING
Status: RUNNING
Status: RUNNING
Status: RUNNING
Status: RUNNING
Status: RUNNING
Status: RUNNING
Status: RUNNING
Status: RUNNING
Status: RUNNING
Status: RUNNING
Status: RUNNING
Status: RUNNING
Status: RUNNING
Status: RUNNING
Status: RUNNING
Status: RUNNING
Status: RUNNING
Status: RUNNING
Status: RUNNING
Status: RUNNING
Status: RUNNING
Status: RUNNING
Status: RUNNING
Status: RUNNING
Status: RUNNING
Status: RUNNING
Status: RUNNING
Status: RUNNING
Status: RUNNING
Status: RUNNING
Status: RUNNING
Status: RUNNING
Status: RUNNING
Status: RUNNING
Status: RUNNING
Status: RUNNING
Status: RUNNING
Status: RUNNING
Status: RUNNING
Status: RUNNING
Status: RUNNING
Status: RUNNING
Status: RUNNING
Status: RUNNING
Status: COMPLETED
QMEANDisCo: 0.7935
Mutating chain A, position 38: PRO -> GLN
Submitted ./1UBQ_Results/1.pdb
Checking: https://swissmodel.expasy.org/qmean/GxPExD.json
Status: QUEUEING
Status: QUEUEING
Status: QUEUEING
Status: QUEUEING
Status: QUEUEING
Status: QUEUEING
Status: QUEUEING
Status: RUNNING
Status: RUNNING
Status: RUNNING
Status: RUNNING
Status: RUNNING
Status: RUNNING
Status: RUNNING
Status: RUNNING
Status: RUNNING
Status: RUNNING
Status: RUNNING
Status: RUNNING
Status: RUNNING
Status: RUNNING
Status: RUNNING
Status: RUNNING
Status: RUNNING
Status: RUNNING
Status: RUNNING
Status: RUNNING
Status: RUNNING
Status: RUNNING
Status: RUNNING
Status: RUNNING
Status: RUNNING
Status: RUNNING
Status: RUNNING
Status: RUNNING
Status: RUNNING
Status: RUNNING
Status: RUNNING
Status: RUNNING
Status: RUNNING
Status: RUNNING
Status: RUNNING
Status: RUNNING
Status: RUNNING
Status: RUNNING
Status: RUNNING
Status: RUNNING
Status: RUNNING
Status: RUNNING
Status: RUNNING
Status: RUNNING
Status: RUNNING
Status: RUNNING
Status: RUNNING
Status: RUNNING
Status: RUNNING
Status: RUNNING
Status: RUNNING
Status: RUNNING
Status: RUNNING
Status: RUNNING
Status: RUNNING
Status: RUNNING
Status: RUNNING
Status: RUNNING
Status: COMPLETED
QMEANDisCo: 0.7962
Mutating chain A, position 33: LYS -> GLN
Submitted ./1UBQ_Results/1.pdb
Checking: https://swissmodel.expasy.org/qmean/9EsqzS.json
Status: QUEUEING
Status: QUEUEING
Status: QUEUEING
Status: QUEUEING
Status: QUEUEING
Status: QUEUEING
Status: QUEUEING
Status: RUNNING
Status: RUNNING
Status: RUNNING
Status: RUNNING
Status: RUNNING
Status: RUNNING
Status: RUNNING
Status: RUNNING
Status: RUNNING
Status: RUNNING
Status: RUNNING
Status: RUNNING
Status: RUNNING
Status: RUNNING
Status: RUNNING
Status: RUNNING
Status: RUNNING
Status: RUNNING
Status: RUNNING
Status: RUNNING
Status: RUNNING
Status: RUNNING
Status: RUNNING
Status: RUNNING
Status: RUNNING
Status: RUNNING
Status: RUNNING
Status: RUNNING
Status: RUNNING
Status: RUNNING
Status: RUNNING
Status: RUNNING
Status: RUNNING
Status: RUNNING
Status: RUNNING
Status: RUNNING
Status: RUNNING
Status: RUNNING
Status: RUNNING
Status: RUNNING
Status: RUNNING
Status: RUNNING
Status: RUNNING
Status: RUNNING
Status: RUNNING
Status: RUNNING
Status: RUNNING
Status: RUNNING
Status: RUNNING
Status: RUNNING
Status: RUNNING
Status: RUNNING
Status: RUNNING
Status: RUNNING
Status: RUNNING
Status: RUNNING
Status: RUNNING
Status: RUNNING
Status: COMPLETED
QMEANDisCo: 0.8021
Mutating chain A, position 45: PHE -> ILE
Submitted ./1UBQ_Results/1.pdb
Checking: https://swissmodel.expasy.org/qmean/4UcUFr.json
Status: QUEUEING
Status: QUEUEING
Status: QUEUEING
Status: QUEUEING
Status: QUEUEING
Status: QUEUEING
Status: QUEUEING
Status: RUNNING
Status: RUNNING
Status: RUNNING
Status: RUNNING
Status: RUNNING
Status: RUNNING
Status: RUNNING
Status: RUNNING
Status: RUNNING
Status: RUNNING
Status: RUNNING
Status: RUNNING
Status: RUNNING
Status: RUNNING
Status: RUNNING
Status: RUNNING
Status: RUNNING
Status: RUNNING
Status: RUNNING
Status: RUNNING
Status: RUNNING
Status: RUNNING
Status: RUNNING
Status: RUNNING
Status: RUNNING
Status: RUNNING
Status: RUNNING
Status: RUNNING
Status: RUNNING
Status: RUNNING
Status: RUNNING
Status: RUNNING
Status: RUNNING
Status: RUNNING
Status: RUNNING
Status: RUNNING
Status: RUNNING
Status: RUNNING
Status: RUNNING
Status: RUNNING
Status: RUNNING
Status: RUNNING
Status: RUNNING
Status: RUNNING
Status: RUNNING
Status: RUNNING
Status: RUNNING
Status: RUNNING
Status: RUNNING
Status: RUNNING
Status: RUNNING
Status: RUNNING
Status: RUNNING
Status: RUNNING
Status: RUNNING
Status: RUNNING
Status: RUNNING
Status: RUNNING
Status: RUNNING
Status: COMPLETED
QMEANDisCo: 0.7919
Mutating chain A, position 39: ASP -> TRP
Submitted ./1UBQ_Results/1.pdb
Checking: https://swissmodel.expasy.org/qmean/regmg5.json
Status: QUEUEING
Status: QUEUEING
Status: QUEUEING
Status: QUEUEING
Status: QUEUEING
Status: QUEUEING
Status: QUEUEING
Status: RUNNING
Status: RUNNING
Status: RUNNING
Status: RUNNING
Status: RUNNING
Status: RUNNING
Status: RUNNING
Status: RUNNING
Status: RUNNING
Status: RUNNING
Status: RUNNING
Status: RUNNING
Status: RUNNING
Status: RUNNING
Status: RUNNING
Status: RUNNING
Status: RUNNING
Status: RUNNING
Status: RUNNING
Status: RUNNING
Status: RUNNING
Status: RUNNING
Status: RUNNING
Status: RUNNING
Status: RUNNING
Status: RUNNING
Status: RUNNING
Status: RUNNING
Status: RUNNING
Status: RUNNING
Status: RUNNING
Status: RUNNING
Status: RUNNING
Status: RUNNING
Status: RUNNING
Status: RUNNING
Status: RUNNING
Status: RUNNING
Status: RUNNING
Status: RUNNING
Status: RUNNING
Status: RUNNING
Status: RUNNING
Status: RUNNING
Status: RUNNING
Status: RUNNING
Status: RUNNING
Status: RUNNING
Status: RUNNING
Status: RUNNING
Status: RUNNING
Status: RUNNING
Status: RUNNING
Status: RUNNING
Status: RUNNING
Status: RUNNING
Status: RUNNING
Status: RUNNING
Status: COMPLETED
QMEANDisCo: 0.7949
Mutating chain A, position 6: LYS -> ASN
Submitted ./1UBQ_Results/1.pdb
Checking: https://swissmodel.expasy.org/qmean/Ma8PxV.json
Status: QUEUEING
Status: QUEUEING
Status: QUEUEING
Status: QUEUEING
Status: QUEUEING
Status: QUEUEING
Status: QUEUEING
Status: RUNNING
Status: RUNNING
Status: RUNNING
Status: RUNNING
Status: RUNNING
Status: RUNNING
Status: RUNNING
Status: RUNNING
Status: RUNNING
Status: RUNNING
Status: RUNNING
Status: RUNNING
Status: RUNNING
Status: RUNNING
Status: RUNNING
Status: RUNNING
Status: RUNNING
Status: RUNNING
Status: RUNNING
Status: RUNNING
Status: RUNNING
Status: RUNNING
Status: RUNNING
Status: RUNNING
Status: RUNNING
Status: RUNNING
Status: RUNNING
Status: RUNNING
Status: RUNNING
Status: RUNNING
Status: RUNNING
Status: RUNNING
Status: RUNNING
Status: RUNNING
Status: RUNNING
Status: RUNNING
Status: RUNNING
Status: RUNNING
Status: RUNNING
Status: RUNNING
Status: RUNNING
Status: RUNNING
Status: RUNNING
Status: RUNNING
Status: RUNNING
Status: RUNNING
Status: RUNNING
Status: RUNNING
Status: RUNNING
Status: RUNNING
Status: RUNNING
Status: RUNNING
Status: RUNNING
Status: RUNNING
Status: RUNNING
Status: RUNNING
Status: RUNNING
Status: RUNNING
Status: RUNNING
Status: COMPLETED
QMEANDisCo: 0.8004
Mutating chain A, position 2: GLN -> ASN
Submitted ./1UBQ_Results/1.pdb
Checking: https://swissmodel.expasy.org/qmean/hhhP4c.json
Status: QUEUEING
Status: QUEUEING
Status: QUEUEING
Status: QUEUEING
Status: QUEUEING
Status: QUEUEING
Status: QUEUEING
Status: RUNNING
Status: RUNNING
Status: RUNNING
Status: RUNNING
Status: RUNNING
Status: RUNNING
Status: RUNNING
Status: RUNNING
Status: RUNNING
Status: RUNNING
Status: RUNNING
Status: RUNNING
Status: RUNNING
Status: RUNNING
Status: RUNNING
Status: RUNNING
Status: RUNNING
Status: RUNNING
Status: RUNNING
Status: RUNNING
Status: RUNNING
Status: RUNNING
Status: RUNNING
Status: RUNNING
Status: RUNNING
Status: RUNNING
Status: RUNNING
Status: RUNNING
Status: RUNNING
Status: RUNNING
Status: RUNNING
Status: RUNNING
Status: RUNNING
Status: RUNNING
Status: RUNNING
Status: RUNNING
Status: COMPLETED
QMEANDisCo: 0.7970
Mutating chain A, position 57: SER -> HIS
Submitted ./1UBQ_Results/1.pdb
Checking: https://swissmodel.expasy.org/qmean/ACKRdZ.json
Status: QUEUEING
Status: QUEUEING
Status: QUEUEING
Status: QUEUEING
Status: QUEUEING
Status: QUEUEING
Status: QUEUEING
Status: RUNNING
Status: RUNNING
Status: RUNNING
Status: RUNNING
Status: RUNNING
Status: RUNNING
Status: RUNNING
Status: RUNNING
Status: RUNNING
Status: RUNNING
Status: RUNNING
Status: RUNNING
Status: RUNNING
Status: RUNNING
Status: RUNNING
Status: RUNNING
Status: RUNNING
Status: RUNNING
Status: RUNNING
Status: RUNNING
Status: RUNNING
Status: RUNNING
Status: RUNNING
Status: RUNNING
Status: RUNNING
Status: RUNNING
Status: RUNNING
Status: RUNNING
Status: RUNNING
Status: RUNNING
Status: COMPLETED
QMEANDisCo: 0.7751
Mutating chain A, position 9: THR -> LEU
Submitted ./1UBQ_Results/1.pdb
Checking: https://swissmodel.expasy.org/qmean/NGy5zy.json
Status: QUEUEING
Status: QUEUEING
Status: QUEUEING
Status: QUEUEING
Status: QUEUEING
Status: QUEUEING
Status: QUEUEING
Status: RUNNING
Status: RUNNING
Status: RUNNING
Status: RUNNING
Status: RUNNING
Status: RUNNING
Status: RUNNING
Status: RUNNING
Status: RUNNING
Status: RUNNING
Status: RUNNING
Status: RUNNING
Status: RUNNING
Status: RUNNING
Status: RUNNING
Status: RUNNING
Status: RUNNING
Status: RUNNING
Status: RUNNING
Status: RUNNING
Status: RUNNING
Status: RUNNING
Status: RUNNING
Status: RUNNING
Status: RUNNING
Status: RUNNING
Status: RUNNING
Status: RUNNING
Status: RUNNING
Status: RUNNING
Status: RUNNING
Status: RUNNING
Status: RUNNING
Status: RUNNING
Status: RUNNING
Status: RUNNING
Status: RUNNING
Status: RUNNING
Status: RUNNING
Status: RUNNING
Status: RUNNING
Status: RUNNING
Status: RUNNING
Status: RUNNING
Status: RUNNING
Status: RUNNING
Status: RUNNING
Status: RUNNING
Status: RUNNING
Status: RUNNING
Status: RUNNING
Status: RUNNING
Status: RUNNING
Status: RUNNING
Status: RUNNING
Status: RUNNING
Status: RUNNING
Status: RUNNING
Status: COMPLETED
QMEANDisCo: 0.7920
Mutating chain A, position 47: GLY -> VAL
Submitted ./1UBQ_Results/1.pdb
Checking: https://swissmodel.expasy.org/qmean/JGJCH8.json
Status: QUEUEING
Status: QUEUEING
Status: QUEUEING
Status: QUEUEING
Status: QUEUEING
Status: QUEUEING
Status: QUEUEING
Status: RUNNING
Status: RUNNING
Status: RUNNING
Status: RUNNING
Status: RUNNING
Status: RUNNING
Status: RUNNING
Status: RUNNING
Status: RUNNING
Status: RUNNING
Status: RUNNING
Status: RUNNING
Status: RUNNING
Status: RUNNING
Status: RUNNING
Status: RUNNING
Status: RUNNING
Status: RUNNING
Status: RUNNING
Status: RUNNING
Status: RUNNING
Status: RUNNING
Status: RUNNING
Status: RUNNING
Status: RUNNING
Status: RUNNING
Status: RUNNING
Status: RUNNING
Status: RUNNING
Status: COMPLETED
QMEANDisCo: 0.7919
Mutating chain A, position 34: GLU -> LYS
Submitted ./1UBQ_Results/1.pdb
Checking: https://swissmodel.expasy.org/qmean/S9N4cB.json
Status: QUEUEING
Status: QUEUEING
Status: QUEUEING
Status: QUEUEING
Status: QUEUEING
Status: QUEUEING
Status: QUEUEING
Status: QUEUEING
Status: RUNNING
Status: RUNNING
Status: RUNNING
Status: RUNNING
Status: RUNNING
Status: RUNNING
Status: RUNNING
Status: RUNNING
Status: RUNNING
Status: RUNNING
Status: RUNNING
Status: RUNNING
Status: RUNNING
Status: RUNNING
Status: RUNNING
Status: RUNNING
Status: RUNNING
Status: RUNNING
Status: RUNNING
Status: RUNNING
Status: RUNNING
Status: RUNNING
Status: RUNNING
Status: RUNNING
Status: RUNNING
Status: RUNNING
Status: RUNNING
Status: RUNNING
Status: RUNNING
Status: COMPLETED
QMEANDisCo: 0.7985
Mutating chain A, position 7: THR -> HIS
Submitted ./1UBQ_Results/1.pdb
Checking: https://swissmodel.expasy.org/qmean/VEkh6j.json
Status: QUEUEING
Status: QUEUEING
Status: QUEUEING
Status: QUEUEING
Status: QUEUEING
Status: QUEUEING
Status: QUEUEING
Status: QUEUEING
Status: RUNNING
Status: RUNNING
Status: RUNNING
Status: RUNNING
Status: RUNNING
Status: RUNNING
Status: RUNNING
Status: RUNNING
Status: RUNNING
Status: RUNNING
Status: RUNNING
Status: RUNNING
Status: RUNNING
Status: RUNNING
Status: RUNNING
Status: RUNNING
Status: RUNNING
Status: RUNNING
Status: RUNNING
Status: RUNNING
Status: RUNNING
Status: RUNNING
Status: RUNNING
Status: RUNNING
Status: RUNNING
Status: RUNNING
Status: RUNNING
Status: RUNNING
Status: RUNNING
Status: RUNNING
Status: RUNNING
Status: RUNNING
Status: RUNNING
Status: RUNNING
Status: RUNNING
Status: RUNNING
Status: RUNNING
Status: RUNNING
Status: RUNNING
Status: RUNNING
Status: RUNNING
Status: RUNNING
Status: RUNNING
Status: RUNNING
Status: RUNNING
Status: RUNNING
Status: RUNNING
Status: RUNNING
Status: RUNNING
Status: RUNNING
Status: RUNNING
Status: RUNNING
Status: RUNNING
Status: RUNNING
Status: RUNNING
Status: RUNNING
Status: RUNNING
Status: RUNNING
Status: COMPLETED
QMEANDisCo: 0.7891
Mutating chain A, position 46: ALA -> SER
Submitted ./1UBQ_Results/1.pdb
Checking: https://swissmodel.expasy.org/qmean/hbwVY9.json
Status: QUEUEING
Status: QUEUEING
Status: QUEUEING
Status: QUEUEING
Status: QUEUEING
Status: QUEUEING
Status: QUEUEING
Status: QUEUEING
Status: RUNNING
Status: RUNNING
Status: RUNNING
Status: RUNNING
Status: RUNNING
Status: RUNNING
Status: RUNNING
Status: RUNNING
Status: RUNNING
Status: RUNNING
Status: RUNNING
Status: RUNNING
Status: RUNNING
Status: RUNNING
Status: RUNNING
Status: RUNNING
Status: RUNNING
Status: RUNNING
Status: RUNNING
Status: RUNNING
Status: RUNNING
Status: RUNNING
Status: RUNNING
Status: RUNNING
Status: RUNNING
Status: RUNNING
Status: RUNNING
Status: RUNNING
Status: RUNNING
Status: RUNNING
Status: RUNNING
Status: RUNNING
Status: RUNNING
Status: RUNNING
Status: RUNNING
Status: RUNNING
Status: RUNNING
Status: RUNNING
Status: RUNNING
Status: RUNNING
Status: RUNNING
Status: RUNNING
Status: RUNNING
Status: RUNNING
Status: RUNNING
Status: RUNNING
Status: RUNNING
Status: RUNNING
Status: RUNNING
Status: RUNNING
Status: RUNNING
Status: RUNNING
Status: RUNNING
Status: RUNNING
Status: RUNNING
Status: RUNNING
Status: RUNNING
Status: RUNNING
Status: RUNNING
Status: COMPLETED
QMEANDisCo: 0.8002
Mutating chain A, position 59: TYR -> ASP
Submitted ./1UBQ_Results/1.pdb
Checking: https://swissmodel.expasy.org/qmean/ccumZ3.json
Status: QUEUEING
Status: QUEUEING
Status: QUEUEING
Status: QUEUEING
Status: QUEUEING
Status: QUEUEING
Status: QUEUEING
Status: RUNNING
Status: RUNNING
Status: RUNNING
Status: RUNNING
Status: RUNNING
Status: RUNNING
Status: RUNNING
Status: RUNNING
Status: RUNNING
Status: RUNNING
Status: RUNNING
Status: RUNNING
Status: RUNNING
Status: RUNNING
Status: RUNNING
Status: RUNNING
Status: RUNNING
Status: RUNNING
Status: RUNNING
Status: RUNNING
Status: RUNNING
Status: RUNNING
Status: RUNNING
Status: RUNNING
Status: RUNNING
Status: RUNNING
Status: RUNNING
Status: RUNNING
Status: RUNNING
Status: RUNNING
Status: COMPLETED
QMEANDisCo: 0.7981
Mutating chain A, position 37: PRO -> ARG
Submitted ./1UBQ_Results/1.pdb
Checking: https://swissmodel.expasy.org/qmean/6g6ZKL.json
Status: QUEUEING
Status: QUEUEING
Status: QUEUEING
Status: QUEUEING
Status: QUEUEING
Status: QUEUEING
Status: QUEUEING
Status: QUEUEING
Status: QUEUEING
Status: QUEUEING
Status: QUEUEING
Status: QUEUEING
Status: QUEUEING
Status: QUEUEING
Status: RUNNING
Status: RUNNING
Status: RUNNING
Status: RUNNING
Status: RUNNING
Status: RUNNING
Status: RUNNING
Status: RUNNING
Status: RUNNING
Status: RUNNING
Status: RUNNING
Status: RUNNING
Status: RUNNING
Status: RUNNING
Status: RUNNING
Status: RUNNING
Status: RUNNING
Status: RUNNING
Status: RUNNING
Status: RUNNING
Status: RUNNING
Status: RUNNING
Status: RUNNING
Status: RUNNING
Status: RUNNING
Status: RUNNING
Status: RUNNING
Status: RUNNING
Status: RUNNING
Status: RUNNING
Status: RUNNING
Status: RUNNING
Status: RUNNING
Status: RUNNING
Status: RUNNING
Status: RUNNING
Status: RUNNING
Status: RUNNING
Status: RUNNING
Status: RUNNING
Status: RUNNING
Status: RUNNING
Status: RUNNING
Status: RUNNING
Status: RUNNING
Status: RUNNING
Status: RUNNING
Status: RUNNING
Status: RUNNING
Status: RUNNING
Status: RUNNING
Status: RUNNING
Status: RUNNING
Status: RUNNING
Status: RUNNING
Status: RUNNING
Status: RUNNING
Status: RUNNING
Status: RUNNING
Status: COMPLETED
QMEANDisCo: 0.7835
Mutating chain A, position 32: ASP -> LYS
Submitted ./1UBQ_Results/1.pdb
Checking: https://swissmodel.expasy.org/qmean/4YFLtF.json
Status: QUEUEING
Status: QUEUEING
Status: QUEUEING
Status: QUEUEING
Status: QUEUEING
Status: QUEUEING
Status: QUEUEING
Status: RUNNING
Status: RUNNING
Status: RUNNING
Status: RUNNING
Status: RUNNING
Status: RUNNING
Status: RUNNING
Status: RUNNING
Status: RUNNING
Status: RUNNING
Status: RUNNING
Status: RUNNING
Status: RUNNING
Status: RUNNING
Status: RUNNING
Status: RUNNING
Status: RUNNING
Status: RUNNING
Status: RUNNING
Status: RUNNING
Status: RUNNING
Status: RUNNING
Status: RUNNING
Status: RUNNING
Status: RUNNING
Status: RUNNING
Status: RUNNING
Status: RUNNING
Status: RUNNING
Status: RUNNING
Status: COMPLETED
QMEANDisCo: 0.7947
Mutating chain A, position 34: GLU -> LYS
Submitted ./1UBQ_Results/1.pdb
Checking: https://swissmodel.expasy.org/qmean/6QxEdV.json
Status: QUEUEING
Status: QUEUEING
Status: QUEUEING
Status: QUEUEING
Status: QUEUEING
Status: QUEUEING
Status: QUEUEING
Status: RUNNING
Status: RUNNING
Status: RUNNING
Status: RUNNING
Status: RUNNING
Status: RUNNING
Status: RUNNING
Status: RUNNING
Status: RUNNING
Status: RUNNING
Status: RUNNING
Status: RUNNING
Status: RUNNING
Status: RUNNING
Status: RUNNING
Status: RUNNING
Status: RUNNING
Status: RUNNING
Status: RUNNING
Status: RUNNING
Status: RUNNING
Status: RUNNING
Status: RUNNING
Status: RUNNING
Status: RUNNING
Status: RUNNING
Status: RUNNING
Status: RUNNING
Status: RUNNING
Status: COMPLETED
QMEANDisCo: 0.7985
Mutating chain A, position 11: LYS -> VAL
Submitted ./1UBQ_Results/1.pdb
Checking: https://swissmodel.expasy.org/qmean/ftPMED.json
Status: QUEUEING
Status: QUEUEING
Status: QUEUEING
Status: QUEUEING
Status: QUEUEING
Status: QUEUEING
Status: QUEUEING
Status: RUNNING
Status: RUNNING
Status: RUNNING
Status: RUNNING
Status: RUNNING
Status: RUNNING
Status: RUNNING
Status: RUNNING
Status: RUNNING
Status: RUNNING
Status: RUNNING
Status: RUNNING
Status: RUNNING
Status: RUNNING
Status: RUNNING
Status: RUNNING
Status: RUNNING
Status: RUNNING
Status: RUNNING
Status: RUNNING
Status: RUNNING
Status: RUNNING
Status: RUNNING
Status: RUNNING
Status: RUNNING
Status: RUNNING
Status: RUNNING
Status: RUNNING
Status: RUNNING
Status: RUNNING
Status: COMPLETED
QMEANDisCo: 0.8023
Mutating chain A, position 12: THR -> LYS
Submitted ./1UBQ_Results/1.pdb
Checking: https://swissmodel.expasy.org/qmean/33Pp9V.json
Status: QUEUEING
Status: QUEUEING
Status: QUEUEING
Status: QUEUEING
Status: QUEUEING
Status: QUEUEING
Status: QUEUEING
Status: RUNNING
Status: RUNNING
Status: RUNNING
Status: RUNNING
Status: RUNNING
Status: RUNNING
Status: RUNNING
Status: RUNNING
Status: RUNNING
Status: RUNNING
Status: RUNNING
Status: RUNNING
Status: RUNNING
Status: RUNNING
Status: RUNNING
Status: RUNNING
Status: RUNNING
Status: RUNNING
Status: RUNNING
Status: RUNNING
Status: RUNNING
Status: RUNNING
Status: RUNNING
Status: RUNNING
Status: RUNNING
Status: RUNNING
Status: RUNNING
Status: RUNNING
Status: RUNNING
Status: RUNNING
Status: COMPLETED
QMEANDisCo: 0.7944
Mutating chain A, position 51: GLU -> ASN
Submitted ./1UBQ_Results/1.pdb
Checking: https://swissmodel.expasy.org/qmean/FNEXYN.json
Status: QUEUEING
Status: QUEUEING
Status: QUEUEING
Status: QUEUEING
Status: QUEUEING
Status: QUEUEING
Status: QUEUEING
Status: RUNNING
Status: RUNNING
Status: RUNNING
Status: RUNNING
Status: RUNNING
Status: RUNNING
Status: RUNNING
Status: RUNNING
Status: RUNNING
Status: RUNNING
Status: RUNNING
Status: RUNNING
Status: RUNNING
Status: RUNNING
Status: RUNNING
Status: RUNNING
Status: RUNNING
Status: RUNNING
Status: RUNNING
Status: RUNNING
Status: RUNNING
Status: RUNNING
Status: RUNNING
Status: RUNNING
Status: RUNNING
Status: RUNNING
Status: RUNNING
Status: RUNNING
Status: RUNNING
Status: RUNNING
Status: RUNNING
Status: RUNNING
Status: RUNNING
Status: RUNNING
Status: RUNNING
Status: RUNNING
Status: RUNNING
Status: RUNNING
Status: RUNNING
Status: RUNNING
Status: RUNNING
Status: RUNNING
Status: RUNNING
Status: RUNNING
Status: RUNNING
Status: RUNNING
Status: RUNNING
Status: RUNNING
Status: RUNNING
Status: RUNNING
Status: RUNNING
Status: RUNNING
Status: RUNNING
Status: RUNNING
Status: RUNNING
Status: RUNNING
Status: RUNNING
Status: RUNNING
Status: RUNNING
Status: RUNNING
Status: COMPLETED
QMEANDisCo: 0.7961
Mutating chain A, position 71: LEU -> TYR
Submitted ./1UBQ_Results/1.pdb
Checking: https://swissmodel.expasy.org/qmean/kZHukx.json
Status: QUEUEING
Status: QUEUEING
Status: QUEUEING
Status: QUEUEING
Status: QUEUEING
Status: QUEUEING
Status: QUEUEING
Status: RUNNING
Status: RUNNING
Status: RUNNING
Status: RUNNING
Status: RUNNING
Status: RUNNING
Status: RUNNING
Status: RUNNING
Status: RUNNING
Status: RUNNING
Status: RUNNING
Status: RUNNING
Status: RUNNING
Status: RUNNING
Status: RUNNING
Status: RUNNING
Status: RUNNING
Status: RUNNING
Status: RUNNING
Status: RUNNING
Status: RUNNING
Status: RUNNING
Status: RUNNING
Status: RUNNING
Status: RUNNING
Status: RUNNING
Status: RUNNING
Status: RUNNING
Status: RUNNING
Status: RUNNING
Status: RUNNING
Status: RUNNING
Status: RUNNING
Status: RUNNING
Status: RUNNING
Status: RUNNING
Status: RUNNING
Status: RUNNING
Status: RUNNING
Status: RUNNING
Status: RUNNING
Status: RUNNING
Status: RUNNING
Status: RUNNING
Status: RUNNING
Status: RUNNING
Status: RUNNING
Status: RUNNING
Status: RUNNING
Status: RUNNING
Status: RUNNING
Status: RUNNING
Status: RUNNING
Status: RUNNING
Status: RUNNING
Status: RUNNING
Status: RUNNING
Status: RUNNING
Status: RUNNING
Status: RUNNING
Status: RUNNING
Status: RUNNING
Status: RUNNING
Status: RUNNING
Status: RUNNING
Status: RUNNING
Status: RUNNING
Status: RUNNING
Status: COMPLETED
QMEANDisCo: 0.7882
Mutating chain A, position 30: ILE -> CYS
Submitted ./1UBQ_Results/1.pdb
Checking: https://swissmodel.expasy.org/qmean/nNGK9V.json
Status: QUEUEING
Status: QUEUEING
Status: QUEUEING
Status: QUEUEING
Status: QUEUEING
Status: QUEUEING
Status: QUEUEING
Status: RUNNING
Status: RUNNING
Status: RUNNING
Status: RUNNING
Status: RUNNING
Status: RUNNING
Status: RUNNING
Status: RUNNING
Status: RUNNING
Status: RUNNING
Status: RUNNING
Status: RUNNING
Status: RUNNING
Status: RUNNING
Status: RUNNING
Status: RUNNING
Status: RUNNING
Status: RUNNING
Status: RUNNING
Status: RUNNING
Status: RUNNING
Status: RUNNING
Status: RUNNING
Status: RUNNING
Status: RUNNING
Status: RUNNING
Status: RUNNING
Status: RUNNING
Status: RUNNING
Status: RUNNING
Status: RUNNING
Status: RUNNING
Status: RUNNING
Status: RUNNING
Status: RUNNING
Status: RUNNING
Status: RUNNING
Status: RUNNING
Status: RUNNING
Status: RUNNING
Status: RUNNING
Status: RUNNING
Status: RUNNING
Status: RUNNING
Status: RUNNING
Status: RUNNING
Status: RUNNING
Status: RUNNING
Status: RUNNING
Status: RUNNING
Status: RUNNING
Status: RUNNING
Status: RUNNING
Status: RUNNING
Status: RUNNING
Status: RUNNING
Status: RUNNING
Status: RUNNING
Status: RUNNING
Status: RUNNING
Status: RUNNING
Status: RUNNING
Status: RUNNING
Status: RUNNING
Status: RUNNING
Status: RUNNING
Status: RUNNING
Status: COMPLETED
QMEANDisCo: 0.7986
Mutating chain A, position 9: THR -> ARG
Submitted ./1UBQ_Results/1.pdb
Checking: https://swissmodel.expasy.org/qmean/uY3S83.json
Status: QUEUEING
Status: QUEUEING
Status: QUEUEING
Status: QUEUEING
Status: QUEUEING
Status: QUEUEING
Status: QUEUEING
Status: QUEUEING
Status: RUNNING
Status: RUNNING
Status: RUNNING
Status: RUNNING
Status: RUNNING
Status: RUNNING
Status: RUNNING
Status: RUNNING
Status: RUNNING
Status: RUNNING
Status: RUNNING
Status: RUNNING
Status: RUNNING
Status: RUNNING
Status: RUNNING
Status: RUNNING
Status: RUNNING
Status: RUNNING
Status: RUNNING
Status: RUNNING
Status: RUNNING
Status: RUNNING
Status: RUNNING
Status: RUNNING
Status: RUNNING
Status: RUNNING
Status: RUNNING
Status: RUNNING
Status: RUNNING
Status: RUNNING
Status: RUNNING
Status: RUNNING
Status: RUNNING
Status: RUNNING
Status: RUNNING
Status: RUNNING
Status: RUNNING
Status: RUNNING
Status: RUNNING
Status: RUNNING
Status: RUNNING
Status: RUNNING
Status: RUNNING
Status: RUNNING
Status: RUNNING
Status: RUNNING
Status: RUNNING
Status: RUNNING
Status: RUNNING
Status: RUNNING
Status: RUNNING
Status: RUNNING
Status: RUNNING
Status: RUNNING
Status: RUNNING
Status: RUNNING
Status: RUNNING
Status: RUNNING
Status: RUNNING
Status: RUNNING
Status: RUNNING
Status: RUNNING
Status: RUNNING
Status: RUNNING
Status: RUNNING
Status: COMPLETED
QMEANDisCo: 0.7884
Mutating chain A, position 76: GLY -> TYR
Submitted ./1UBQ_Results/1.pdb
Checking: https://swissmodel.expasy.org/qmean/9ACWGF.json
Status: QUEUEING
Status: QUEUEING
Status: QUEUEING
Status: QUEUEING
Status: QUEUEING
Status: QUEUEING
Status: QUEUEING
Status: RUNNING
Status: RUNNING
Status: RUNNING
Status: RUNNING
Status: RUNNING
Status: RUNNING
Status: RUNNING
Status: RUNNING
Status: RUNNING
Status: RUNNING
Status: RUNNING
Status: RUNNING
Status: RUNNING
Status: RUNNING
Status: RUNNING
Status: RUNNING
Status: RUNNING
Status: RUNNING
Status: RUNNING
Status: RUNNING
Status: RUNNING
Status: RUNNING
Status: RUNNING
Status: RUNNING
Status: RUNNING
Status: RUNNING
Status: RUNNING
Status: RUNNING
Status: RUNNING
Status: RUNNING
Status: RUNNING
Status: RUNNING
Status: RUNNING
Status: RUNNING
Status: RUNNING
Status: RUNNING
Status: RUNNING
Status: RUNNING
Status: RUNNING
Status: RUNNING
Status: RUNNING
Status: RUNNING
Status: RUNNING
Status: RUNNING
Status: RUNNING
Status: RUNNING
Status: RUNNING
Status: RUNNING
Status: RUNNING
Status: RUNNING
Status: RUNNING
Status: RUNNING
Status: RUNNING
Status: RUNNING
Status: RUNNING
Status: RUNNING
Status: RUNNING
Status: RUNNING
Status: RUNNING
Status: RUNNING
Status: RUNNING
Status: RUNNING
Status: RUNNING
Status: RUNNING
Status: RUNNING
Status: RUNNING
Status: COMPLETED
QMEANDisCo: 0.8116
Mutating chain A, position 13: ILE -> GLN
Submitted ./1UBQ_Results/2.pdb
Checking: https://swissmodel.expasy.org/qmean/jcKsrm.json
Status: QUEUEING
Status: QUEUEING
Status: QUEUEING
Status: QUEUEING
Status: QUEUEING
Status: QUEUEING
Status: RUNNING
Status: RUNNING
Status: RUNNING
Status: RUNNING
Status: RUNNING
Status: RUNNING
Status: RUNNING
Status: RUNNING
Status: RUNNING
Status: RUNNING
Status: RUNNING
Status: RUNNING
Status: RUNNING
Status: RUNNING
Status: RUNNING
Status: RUNNING
Status: RUNNING
Status: RUNNING
Status: RUNNING
Status: RUNNING
Status: RUNNING
Status: RUNNING
Status: RUNNING
Status: RUNNING
Status: RUNNING
Status: RUNNING
Status: RUNNING
Status: RUNNING
Status: RUNNING
Status: RUNNING
Status: RUNNING
Status: RUNNING
Status: RUNNING
Status: RUNNING
Status: RUNNING
Status: RUNNING
Status: RUNNING
Status: RUNNING
Status: RUNNING
Status: RUNNING
Status: RUNNING
Status: RUNNING
Status: RUNNING
Status: RUNNING
Status: RUNNING
Status: RUNNING
Status: RUNNING
Status: RUNNING
Status: RUNNING
Status: RUNNING
Status: RUNNING
Status: RUNNING
Status: RUNNING
Status: RUNNING
Status: RUNNING
Status: RUNNING
Status: RUNNING
Status: RUNNING
Status: RUNNING
Status: RUNNING
Status: RUNNING
Status: RUNNING
Status: RUNNING
Status: RUNNING
Status: RUNNING
Status: RUNNING
Status: COMPLETED
QMEANDisCo: 0.7984
Mutating chain A, position 32: ASP -> ARG
Submitted ./1UBQ_Results/2.pdb
Checking: https://swissmodel.expasy.org/qmean/PzPh5k.json
Status: QUEUEING
Status: QUEUEING
Status: QUEUEING
Status: QUEUEING
Status: QUEUEING
Status: QUEUEING
Status: QUEUEING
Status: RUNNING
Status: RUNNING
Status: RUNNING
Status: RUNNING
Status: RUNNING
Status: RUNNING
Status: RUNNING
Status: RUNNING
Status: RUNNING
Status: RUNNING
Status: RUNNING
Status: RUNNING
Status: RUNNING
Status: RUNNING
Status: RUNNING
Status: RUNNING
Status: RUNNING
Status: RUNNING
Status: RUNNING
Status: RUNNING
Status: RUNNING
Status: RUNNING
Status: RUNNING
Status: RUNNING
Status: RUNNING
Status: RUNNING
Status: RUNNING
Status: RUNNING
Status: RUNNING
Status: RUNNING
Status: RUNNING
Status: RUNNING
Status: RUNNING
Status: RUNNING
Status: RUNNING
Status: RUNNING
Status: RUNNING
Status: RUNNING
Status: RUNNING
Status: RUNNING
Status: RUNNING
Status: RUNNING
Status: RUNNING
Status: RUNNING
Status: RUNNING
Status: RUNNING
Status: RUNNING
Status: RUNNING
Status: RUNNING
Status: RUNNING
Status: RUNNING
Status: RUNNING
Status: RUNNING
Status: RUNNING
Status: RUNNING
Status: RUNNING
Status: RUNNING
Status: RUNNING
Status: RUNNING
Status: RUNNING
Status: RUNNING
Status: RUNNING
Status: RUNNING
Status: RUNNING
Status: RUNNING
Status: COMPLETED
QMEANDisCo: 0.8021
Mutating chain A, position 57: SER -> CYS
Submitted ./1UBQ_Results/2.pdb
Checking: https://swissmodel.expasy.org/qmean/xY4sFa.json
Status: QUEUEING
Status: QUEUEING
Status: QUEUEING
Status: QUEUEING
Status: QUEUEING
Status: QUEUEING
Status: QUEUEING
Status: QUEUEING
Status: QUEUEING
Status: QUEUEING
Status: QUEUEING
Status: QUEUEING
Status: QUEUEING
Status: QUEUEING
Status: RUNNING
Status: RUNNING
Status: RUNNING
Status: RUNNING
Status: RUNNING
Status: RUNNING
Status: RUNNING
Status: RUNNING
Status: RUNNING
Status: RUNNING
Status: RUNNING
Status: RUNNING
Status: RUNNING
Status: RUNNING
Status: RUNNING
Status: RUNNING
Status: RUNNING
Status: RUNNING
Status: RUNNING
Status: RUNNING
Status: RUNNING
Status: RUNNING
Status: RUNNING
Status: RUNNING
Status: RUNNING
Status: RUNNING
Status: RUNNING
Status: RUNNING
Status: RUNNING
Status: RUNNING
Status: RUNNING
Status: RUNNING
Status: RUNNING
Status: RUNNING
Status: RUNNING
Status: RUNNING
Status: RUNNING
Status: RUNNING
Status: RUNNING
Status: RUNNING
Status: RUNNING
Status: RUNNING
Status: RUNNING
Status: RUNNING
Status: RUNNING
Status: RUNNING
Status: RUNNING
Status: RUNNING
Status: RUNNING
Status: RUNNING
Status: RUNNING
Status: RUNNING
Status: RUNNING
Status: RUNNING
Status: RUNNING
Status: RUNNING
Status: RUNNING
Status: RUNNING
Status: RUNNING
Status: COMPLETED
QMEANDisCo: 0.8051
Mutating chain A, position 76: TYR -> PRO
Submitted ./1UBQ_Results/2.pdb
Checking: https://swissmodel.expasy.org/qmean/GL3rR2.json
Status: QUEUEING
Status: QUEUEING
Status: QUEUEING
Status: QUEUEING
Status: QUEUEING
Status: QUEUEING
Status: QUEUEING
Status: RUNNING
Status: RUNNING
Status: RUNNING
Status: RUNNING
Status: RUNNING
Status: RUNNING
Status: RUNNING
Status: RUNNING
Status: RUNNING
Status: RUNNING
Status: RUNNING
Status: RUNNING
Status: RUNNING
Status: RUNNING
Status: RUNNING
Status: RUNNING
Status: RUNNING
Status: RUNNING
Status: RUNNING
Status: RUNNING
Status: RUNNING
Status: RUNNING
Status: RUNNING
Status: RUNNING
Status: RUNNING
Status: RUNNING
Status: RUNNING
Status: RUNNING
Status: RUNNING
Status: COMPLETED
QMEANDisCo: 0.7969
Mutating chain A, position 70: VAL -> THR
Submitted ./1UBQ_Results/2.pdb
Checking: https://swissmodel.expasy.org/qmean/eTLTHa.json
Status: QUEUEING
Status: QUEUEING
Status: QUEUEING
Status: QUEUEING
Status: QUEUEING
Status: QUEUEING
Status: QUEUEING
Status: RUNNING
Status: RUNNING
Status: RUNNING
Status: RUNNING
Status: RUNNING
Status: RUNNING
Status: RUNNING
Status: RUNNING
Status: RUNNING
Status: RUNNING
Status: RUNNING
Status: RUNNING
Status: RUNNING
Status: RUNNING
Status: RUNNING
Status: RUNNING
Status: RUNNING
Status: RUNNING
Status: RUNNING
Status: RUNNING
Status: RUNNING
Status: RUNNING
Status: RUNNING
Status: RUNNING
Status: RUNNING
Status: RUNNING
Status: RUNNING
Status: RUNNING
Status: RUNNING
Status: RUNNING
Status: RUNNING
Status: RUNNING
Status: RUNNING
Status: RUNNING
Status: RUNNING
Status: RUNNING
Status: RUNNING
Status: RUNNING
Status: RUNNING
Status: RUNNING
Status: RUNNING
Status: RUNNING
Status: RUNNING
Status: RUNNING
Status: RUNNING
Status: RUNNING
Status: RUNNING
Status: RUNNING
Status: RUNNING
Status: RUNNING
Status: RUNNING
Status: RUNNING
Status: RUNNING
Status: RUNNING
Status: RUNNING
Status: RUNNING
Status: RUNNING
Status: RUNNING
Status: COMPLETED
QMEANDisCo: 0.8074
Mutating chain A, position 70: VAL -> GLN
Submitted ./1UBQ_Results/2.pdb
Checking: https://swissmodel.expasy.org/qmean/Pfn76A.json
Status: QUEUEING
Status: QUEUEING
Status: QUEUEING
Status: QUEUEING
Status: QUEUEING
Status: QUEUEING
Status: QUEUEING
Status: RUNNING
Status: RUNNING
Status: RUNNING
Status: RUNNING
Status: RUNNING
Status: RUNNING
Status: RUNNING
Status: RUNNING
Status: RUNNING
Status: RUNNING
Status: RUNNING
Status: RUNNING
Status: RUNNING
Status: RUNNING
Status: RUNNING
Status: RUNNING
Status: RUNNING
Status: RUNNING
Status: RUNNING
Status: RUNNING
Status: RUNNING
Status: RUNNING
Status: RUNNING
Status: RUNNING
Status: RUNNING
Status: RUNNING
Status: RUNNING
Status: RUNNING
Status: RUNNING
Status: RUNNING
Status: RUNNING
Status: RUNNING
Status: RUNNING
Status: RUNNING
Status: RUNNING
Status: RUNNING
Status: RUNNING
Status: RUNNING
Status: RUNNING
Status: RUNNING
Status: RUNNING
Status: RUNNING
Status: RUNNING
Status: RUNNING
Status: RUNNING
Status: RUNNING
Status: RUNNING
Status: RUNNING
Status: RUNNING
Status: RUNNING
Status: RUNNING
Status: RUNNING
Status: RUNNING
Status: RUNNING
Status: RUNNING
Status: RUNNING
Status: RUNNING
Status: RUNNING
Status: RUNNING
Status: COMPLETED
QMEANDisCo: 0.7966
Mutating chain A, position 64: HIS -> SER
Submitted ./1UBQ_Results/2.pdb
Checking: https://swissmodel.expasy.org/qmean/RdGdQE.json
Status: QUEUEING
Status: QUEUEING
Status: QUEUEING
Status: QUEUEING
Status: QUEUEING
Status: QUEUEING
Status: QUEUEING
Status: RUNNING
Status: RUNNING
Status: RUNNING
Status: RUNNING
Status: RUNNING
Status: RUNNING
Status: RUNNING
Status: RUNNING
Status: RUNNING
Status: RUNNING
Status: RUNNING
Status: RUNNING
Status: RUNNING
Status: RUNNING
Status: RUNNING
Status: RUNNING
Status: RUNNING
Status: RUNNING
Status: RUNNING
Status: RUNNING
Status: RUNNING
Status: RUNNING
Status: RUNNING
Status: RUNNING
Status: RUNNING
Status: RUNNING
Status: RUNNING
Status: RUNNING
Status: RUNNING
Status: RUNNING
Status: RUNNING
Status: RUNNING
Status: RUNNING
Status: RUNNING
Status: RUNNING
Status: RUNNING
Status: RUNNING
Status: RUNNING
Status: RUNNING
Status: RUNNING
Status: RUNNING
Status: RUNNING
Status: RUNNING
Status: RUNNING
Status: RUNNING
Status: RUNNING
Status: RUNNING
Status: RUNNING
Status: RUNNING
Status: RUNNING
Status: RUNNING
Status: RUNNING
Status: RUNNING
Status: RUNNING
Status: RUNNING
Status: RUNNING
Status: RUNNING
Status: RUNNING
Status: RUNNING
Status: COMPLETED
QMEANDisCo: 0.8050
Mutating chain A, position 65: SER -> ALA
Submitted ./1UBQ_Results/2.pdb
Checking: https://swissmodel.expasy.org/qmean/x2BeaR.json
Status: QUEUEING
Status: QUEUEING
Status: QUEUEING
Status: QUEUEING
Status: QUEUEING
Status: QUEUEING
Status: RUNNING
Status: RUNNING
Status: RUNNING
Status: RUNNING
Status: RUNNING
Status: RUNNING
Status: RUNNING
Status: RUNNING
Status: RUNNING
Status: RUNNING
Status: RUNNING
Status: RUNNING
Status: RUNNING
Status: RUNNING
Status: RUNNING
Status: RUNNING
Status: RUNNING
Status: RUNNING
Status: RUNNING
Status: RUNNING
Status: RUNNING
Status: RUNNING
Status: RUNNING
Status: RUNNING
Status: RUNNING
Status: RUNNING
Status: RUNNING
Status: RUNNING
Status: RUNNING
Status: RUNNING
Status: RUNNING
Status: RUNNING
Status: RUNNING
Status: RUNNING
Status: RUNNING
Status: RUNNING
Status: RUNNING
Status: RUNNING
Status: RUNNING
Status: RUNNING
Status: RUNNING
Status: RUNNING
Status: RUNNING
Status: RUNNING
Status: RUNNING
Status: RUNNING
Status: RUNNING
Status: RUNNING
Status: RUNNING
Status: RUNNING
Status: RUNNING
Status: RUNNING
Status: RUNNING
Status: RUNNING
Status: RUNNING
Status: RUNNING
Status: RUNNING
Status: RUNNING
Status: RUNNING
Status: COMPLETED
QMEANDisCo: 0.8005
Mutating chain A, position 46: ALA -> ARG
Submitted ./1UBQ_Results/2.pdb
Checking: https://swissmodel.expasy.org/qmean/ZRA3ee.json
Status: QUEUEING
Status: QUEUEING
Status: QUEUEING
Status: QUEUEING
Status: QUEUEING
Status: QUEUEING
Status: QUEUEING
Status: RUNNING
Status: RUNNING
Status: RUNNING
Status: RUNNING
Status: RUNNING
Status: RUNNING
Status: RUNNING
Status: RUNNING
Status: RUNNING
Status: RUNNING
Status: RUNNING
Status: RUNNING
Status: RUNNING
Status: RUNNING
Status: RUNNING
Status: RUNNING
Status: RUNNING
Status: RUNNING
Status: RUNNING
Status: RUNNING
Status: RUNNING
Status: RUNNING
Status: RUNNING
Status: RUNNING
Status: RUNNING
Status: RUNNING
Status: RUNNING
Status: RUNNING
Status: RUNNING
Status: RUNNING
Status: RUNNING
Status: RUNNING
Status: RUNNING
Status: RUNNING
Status: RUNNING
Status: RUNNING
Status: RUNNING
Status: RUNNING
Status: RUNNING
Status: RUNNING
Status: RUNNING
Status: RUNNING
Status: RUNNING
Status: RUNNING
Status: RUNNING
Status: RUNNING
Status: RUNNING
Status: RUNNING
Status: RUNNING
Status: RUNNING
Status: RUNNING
Status: RUNNING
Status: RUNNING
Status: RUNNING
Status: RUNNING
Status: RUNNING
Status: RUNNING
Status: RUNNING
Status: COMPLETED
QMEANDisCo: 0.8031
Mutating chain A, position 12: THR -> PRO
Submitted ./1UBQ_Results/2.pdb
Checking: https://swissmodel.expasy.org/qmean/HzTKtz.json
Status: QUEUEING
Status: QUEUEING
Status: QUEUEING
Status: QUEUEING
Status: QUEUEING
Status: QUEUEING
Status: QUEUEING
Status: RUNNING
Status: RUNNING
Status: RUNNING
Status: RUNNING
Status: RUNNING
Status: RUNNING
Status: RUNNING
Status: RUNNING
Status: RUNNING
Status: RUNNING
Status: RUNNING
Status: RUNNING
Status: RUNNING
Status: RUNNING
Status: RUNNING
Status: RUNNING
Status: RUNNING
Status: RUNNING
Status: RUNNING
Status: RUNNING
Status: RUNNING
Status: RUNNING
Status: RUNNING
Status: RUNNING
Status: RUNNING
Status: RUNNING
Status: RUNNING
Status: RUNNING
Status: RUNNING
Status: RUNNING
Status: RUNNING
Status: RUNNING
Status: RUNNING
Status: RUNNING
Status: RUNNING
Status: RUNNING
Status: RUNNING
Status: RUNNING
Status: RUNNING
Status: RUNNING
Status: RUNNING
Status: RUNNING
Status: RUNNING
Status: RUNNING
Status: RUNNING
Status: RUNNING
Status: RUNNING
Status: RUNNING
Status: RUNNING
Status: RUNNING
Status: RUNNING
Status: RUNNING
Status: RUNNING
Status: RUNNING
Status: RUNNING
Status: RUNNING
Status: RUNNING
Status: RUNNING
Status: RUNNING
Status: COMPLETED
QMEANDisCo: 0.8027
Mutating chain A, position 34: GLU -> LYS
Submitted ./1UBQ_Results/2.pdb
Checking: https://swissmodel.expasy.org/qmean/hkZF35.json
Status: QUEUEING
Status: QUEUEING
Status: QUEUEING
Status: QUEUEING
Status: QUEUEING
Status: QUEUEING
Status: QUEUEING
Status: RUNNING
Status: RUNNING
Status: RUNNING
Status: RUNNING
Status: RUNNING
Status: RUNNING
Status: RUNNING
Status: RUNNING
Status: RUNNING
Status: RUNNING
Status: RUNNING
Status: RUNNING
Status: RUNNING
Status: RUNNING
Status: RUNNING
Status: RUNNING
Status: RUNNING
Status: RUNNING
Status: RUNNING
Status: RUNNING
Status: RUNNING
Status: RUNNING
Status: RUNNING
Status: RUNNING
Status: RUNNING
Status: RUNNING
Status: RUNNING
Status: RUNNING
Status: RUNNING
Status: RUNNING
Status: RUNNING
Status: RUNNING
Status: RUNNING
Status: RUNNING
Status: RUNNING
Status: RUNNING
Status: RUNNING
Status: RUNNING
Status: RUNNING
Status: RUNNING
Status: RUNNING
Status: RUNNING
Status: RUNNING
Status: RUNNING
Status: RUNNING
Status: RUNNING
Status: RUNNING
Status: RUNNING
Status: RUNNING
Status: RUNNING
Status: RUNNING
Status: RUNNING
Status: RUNNING
Status: RUNNING
Status: RUNNING
Status: RUNNING
Status: RUNNING
Status: RUNNING
Status: COMPLETED
QMEANDisCo: 0.7970
Mutating chain A, position 68: HIS -> VAL
Submitted ./1UBQ_Results/2.pdb
Checking: https://swissmodel.expasy.org/qmean/WMrJ4C.json
Status: QUEUEING
Status: QUEUEING
Status: QUEUEING
Status: QUEUEING
Status: QUEUEING
Status: QUEUEING
Status: QUEUEING
Status: RUNNING
Status: RUNNING
Status: RUNNING
Status: RUNNING
Status: RUNNING
Status: RUNNING
Status: RUNNING
Status: RUNNING
Status: RUNNING
Status: RUNNING
Status: RUNNING
Status: RUNNING
Status: RUNNING
Status: RUNNING
Status: RUNNING
Status: RUNNING
Status: RUNNING
Status: RUNNING
Status: RUNNING
Status: RUNNING
Status: RUNNING
Status: RUNNING
Status: RUNNING
Status: RUNNING
Status: RUNNING
Status: RUNNING
Status: RUNNING
Status: RUNNING
Status: RUNNING
Status: RUNNING
Status: RUNNING
Status: RUNNING
Status: RUNNING
Status: RUNNING
Status: RUNNING
Status: RUNNING
Status: RUNNING
Status: RUNNING
Status: RUNNING
Status: RUNNING
Status: RUNNING
Status: RUNNING
Status: RUNNING
Status: RUNNING
Status: RUNNING
Status: RUNNING
Status: RUNNING
Status: RUNNING
Status: RUNNING
Status: RUNNING
Status: RUNNING
Status: RUNNING
Status: RUNNING
Status: RUNNING
Status: RUNNING
Status: RUNNING
Status: RUNNING
Status: RUNNING
Status: COMPLETED
QMEANDisCo: 0.8036
Mutating chain A, position 4: PHE -> TYR
Submitted ./1UBQ_Results/2.pdb
Checking: https://swissmodel.expasy.org/qmean/v5sjDZ.json
Status: QUEUEING
Status: QUEUEING
Status: QUEUEING
Status: QUEUEING
Status: QUEUEING
Status: QUEUEING
Status: QUEUEING
Status: QUEUEING
Status: QUEUEING
Status: QUEUEING
Status: QUEUEING
Status: QUEUEING
Status: QUEUEING
Status: QUEUEING
Status: QUEUEING
Status: RUNNING
Status: RUNNING
Status: RUNNING
Status: RUNNING
Status: RUNNING
Status: RUNNING
Status: RUNNING
Status: RUNNING
Status: RUNNING
Status: RUNNING
Status: RUNNING
Status: RUNNING
Status: RUNNING
Status: RUNNING
Status: RUNNING
Status: RUNNING
Status: RUNNING
Status: RUNNING
Status: RUNNING
Status: RUNNING
Status: RUNNING
Status: RUNNING
Status: RUNNING
Status: RUNNING
Status: RUNNING
Status: RUNNING
Status: RUNNING
Status: RUNNING
Status: RUNNING
Status: RUNNING
Status: RUNNING
Status: RUNNING
Status: RUNNING
Status: RUNNING
Status: RUNNING
Status: RUNNING
Status: RUNNING
Status: RUNNING
Status: RUNNING
Status: RUNNING
Status: RUNNING
Status: RUNNING
Status: RUNNING
Status: RUNNING
Status: RUNNING
Status: RUNNING
Status: RUNNING
Status: RUNNING
Status: RUNNING
Status: RUNNING
Status: RUNNING
Status: COMPLETED
QMEANDisCo: 0.8076
Mutating chain A, position 47: GLY -> ASP
Submitted ./1UBQ_Results/2.pdb
Checking: https://swissmodel.expasy.org/qmean/zv2LFK.json
Status: QUEUEING
Status: QUEUEING
Status: QUEUEING
Status: QUEUEING
Status: QUEUEING
Status: QUEUEING
Status: QUEUEING
Status: QUEUEING
Status: RUNNING
Status: RUNNING
Status: RUNNING
Status: RUNNING
Status: RUNNING
Status: RUNNING
Status: RUNNING
Status: RUNNING
Status: RUNNING
Status: RUNNING
Status: RUNNING
Status: RUNNING
Status: RUNNING
Status: RUNNING
Status: RUNNING
Status: RUNNING
Status: RUNNING
Status: RUNNING
Status: RUNNING
Status: RUNNING
Status: RUNNING
Status: RUNNING
Status: RUNNING
Status: RUNNING
Status: RUNNING
Status: RUNNING
Status: RUNNING
Status: RUNNING
Status: RUNNING
Status: RUNNING
Status: RUNNING
Status: RUNNING
Status: RUNNING
Status: RUNNING
Status: RUNNING
Status: RUNNING
Status: RUNNING
Status: RUNNING
Status: RUNNING
Status: RUNNING
Status: RUNNING
Status: RUNNING
Status: RUNNING
Status: RUNNING
Status: RUNNING
Status: RUNNING
Status: RUNNING
Status: RUNNING
Status: RUNNING
Status: RUNNING
Status: RUNNING
Status: RUNNING
Status: RUNNING
Status: RUNNING
Status: RUNNING
Status: RUNNING
Status: RUNNING
Status: RUNNING
Status: COMPLETED
QMEANDisCo: 0.7933
Mutating chain A, position 59: TYR -> GLU
Submitted ./1UBQ_Results/2.pdb
Checking: https://swissmodel.expasy.org/qmean/86pjfx.json
Status: QUEUEING
Status: QUEUEING
Status: QUEUEING
Status: QUEUEING
Status: QUEUEING
Status: QUEUEING
Status: QUEUEING
Status: QUEUEING
Status: QUEUEING
Status: QUEUEING
Status: QUEUEING
Status: QUEUEING
Status: QUEUEING
Status: QUEUEING
Status: QUEUEING
Status: RUNNING
Status: RUNNING
Status: RUNNING
Status: RUNNING
Status: RUNNING
Status: RUNNING
Status: RUNNING
Status: RUNNING
Status: RUNNING
Status: RUNNING
Status: RUNNING
Status: RUNNING
Status: RUNNING
Status: RUNNING
Status: RUNNING
Status: RUNNING
Status: RUNNING
Status: RUNNING
Status: RUNNING
Status: RUNNING
Status: RUNNING
Status: RUNNING
Status: RUNNING
Status: RUNNING
Status: RUNNING
Status: RUNNING
Status: RUNNING
Status: RUNNING
Status: RUNNING
Status: RUNNING
Status: RUNNING
Status: RUNNING
Status: RUNNING
Status: RUNNING
Status: RUNNING
Status: RUNNING
Status: RUNNING
Status: RUNNING
Status: RUNNING
Status: RUNNING
Status: RUNNING
Status: RUNNING
Status: RUNNING
Status: RUNNING
Status: RUNNING
Status: RUNNING
Status: RUNNING
Status: RUNNING
Status: RUNNING
Status: RUNNING
Status: RUNNING
Status: COMPLETED
QMEANDisCo: 0.7936
Mutating chain A, position 11: LYS -> VAL
Submitted ./1UBQ_Results/2.pdb
Checking: https://swissmodel.expasy.org/qmean/tBs4KQ.json
Status: QUEUEING
Status: QUEUEING
Status: QUEUEING
Status: QUEUEING
Status: QUEUEING
Status: QUEUEING
Status: QUEUEING
Status: RUNNING
Status: RUNNING
Status: RUNNING
Status: RUNNING
Status: RUNNING
Status: RUNNING
Status: RUNNING
Status: RUNNING
Status: RUNNING
Status: RUNNING
Status: RUNNING
Status: RUNNING
Status: RUNNING
Status: RUNNING
Status: RUNNING
Status: RUNNING
Status: RUNNING
Status: RUNNING
Status: RUNNING
Status: RUNNING
Status: RUNNING
Status: RUNNING
Status: RUNNING
Status: RUNNING
Status: RUNNING
Status: RUNNING
Status: RUNNING
Status: RUNNING
Status: RUNNING
Status: RUNNING
Status: RUNNING
Status: RUNNING
Status: RUNNING
Status: RUNNING
Status: RUNNING
Status: RUNNING
Status: RUNNING
Status: RUNNING
Status: RUNNING
Status: RUNNING
Status: RUNNING
Status: RUNNING
Status: RUNNING
Status: RUNNING
Status: RUNNING
Status: RUNNING
Status: RUNNING
Status: RUNNING
Status: RUNNING
Status: RUNNING
Status: RUNNING
Status: RUNNING
Status: RUNNING
Status: RUNNING
Status: RUNNING
Status: RUNNING
Status: RUNNING
Status: RUNNING
Status: COMPLETED
QMEANDisCo: 0.8018
Mutating chain A, position 34: GLU -> ARG
Submitted ./1UBQ_Results/2.pdb
Checking: https://swissmodel.expasy.org/qmean/NE4xn2.json
Status: QUEUEING
Status: QUEUEING
Status: QUEUEING
Status: QUEUEING
Status: QUEUEING
Status: QUEUEING
Status: QUEUEING
Status: RUNNING
Status: RUNNING
Status: RUNNING
Status: RUNNING
Status: RUNNING
Status: RUNNING
Status: RUNNING
Status: RUNNING
Status: RUNNING
Status: RUNNING
Status: RUNNING
Status: RUNNING
Status: RUNNING
Status: RUNNING
Status: RUNNING
Status: RUNNING
Status: RUNNING
Status: RUNNING
Status: RUNNING
Status: RUNNING
Status: RUNNING
Status: RUNNING
Status: RUNNING
Status: RUNNING
Status: RUNNING
Status: RUNNING
Status: RUNNING
Status: RUNNING
Status: RUNNING
Status: RUNNING
Status: RUNNING
Status: RUNNING
Status: RUNNING
Status: RUNNING
Status: RUNNING
Status: RUNNING
Status: RUNNING
Status: RUNNING
Status: RUNNING
Status: RUNNING
Status: RUNNING
Status: RUNNING
Status: RUNNING
Status: RUNNING
Status: RUNNING
Status: RUNNING
Status: RUNNING
Status: RUNNING
Status: RUNNING
Status: RUNNING
Status: RUNNING
Status: RUNNING
Status: RUNNING
Status: RUNNING
Status: RUNNING
Status: RUNNING
Status: RUNNING
Status: RUNNING
Status: RUNNING
Status: COMPLETED
QMEANDisCo: 0.7880
Mutating chain A, position 49: GLN -> CYS
Submitted ./1UBQ_Results/2.pdb
Checking: https://swissmodel.expasy.org/qmean/TshLt7.json
Status: QUEUEING
Status: QUEUEING
Status: QUEUEING
Status: QUEUEING
Status: QUEUEING
Status: QUEUEING
Status: QUEUEING
Status: RUNNING
Status: RUNNING
Status: RUNNING
Status: RUNNING
Status: RUNNING
Status: RUNNING
Status: RUNNING
Status: RUNNING
Status: RUNNING
Status: RUNNING
Status: RUNNING
Status: RUNNING
Status: RUNNING
Status: RUNNING
Status: RUNNING
Status: RUNNING
Status: RUNNING
Status: RUNNING
Status: RUNNING
Status: RUNNING
Status: RUNNING
Status: RUNNING
Status: RUNNING
Status: RUNNING
Status: RUNNING
Status: RUNNING
Status: RUNNING
Status: RUNNING
Status: RUNNING
Status: RUNNING
Status: RUNNING
Status: RUNNING
Status: RUNNING
Status: RUNNING
Status: RUNNING
Status: RUNNING
Status: RUNNING
Status: RUNNING
Status: RUNNING
Status: RUNNING
Status: RUNNING
Status: RUNNING
Status: RUNNING
Status: RUNNING
Status: RUNNING
Status: RUNNING
Status: RUNNING
Status: RUNNING
Status: RUNNING
Status: RUNNING
Status: RUNNING
Status: RUNNING
Status: RUNNING
Status: RUNNING
Status: RUNNING
Status: RUNNING
Status: RUNNING
Status: RUNNING
Status: RUNNING
Status: COMPLETED
QMEANDisCo: 0.8147
Mutating chain A, position 28: ALA -> PHE
Submitted ./1UBQ_Results/3.pdb
Checking: https://swissmodel.expasy.org/qmean/MY5duk.json
Status: QUEUEING
Status: QUEUEING
Status: QUEUEING
Status: QUEUEING
Status: QUEUEING
Status: QUEUEING
Status: QUEUEING
Status: RUNNING
Status: RUNNING
Status: RUNNING
Status: RUNNING
Status: RUNNING
Status: RUNNING
Status: RUNNING
Status: RUNNING
Status: RUNNING
Status: RUNNING
Status: RUNNING
Status: RUNNING
Status: RUNNING
Status: RUNNING
Status: RUNNING
Status: RUNNING
Status: RUNNING
Status: RUNNING
Status: RUNNING
Status: RUNNING
Status: RUNNING
Status: RUNNING
Status: RUNNING
Status: RUNNING
Status: RUNNING
Status: RUNNING
Status: RUNNING
Status: RUNNING
Status: RUNNING
Status: RUNNING
Status: RUNNING
Status: RUNNING
Status: RUNNING
Status: RUNNING
Status: RUNNING
Status: RUNNING
Status: RUNNING
Status: RUNNING
Status: RUNNING
Status: RUNNING
Status: RUNNING
Status: RUNNING
Status: RUNNING
Status: RUNNING
Status: RUNNING
Status: RUNNING
Status: RUNNING
Status: RUNNING
Status: RUNNING
Status: RUNNING
Status: RUNNING
Status: RUNNING
Status: RUNNING
Status: RUNNING
Status: RUNNING
Status: RUNNING
Status: RUNNING
Status: RUNNING
Status: COMPLETED
QMEANDisCo: 0.8145
Mutating chain A, position 4: PHE -> ASP
Submitted ./1UBQ_Results/4.pdb
Checking: https://swissmodel.expasy.org/qmean/5T7wyT.json
Status: QUEUEING
Status: QUEUEING
Status: QUEUEING
Status: QUEUEING
Status: QUEUEING
Status: QUEUEING
Status: QUEUEING
Status: RUNNING
Status: RUNNING
Status: RUNNING
Status: RUNNING
Status: RUNNING
Status: RUNNING
Status: RUNNING
Status: RUNNING
Status: RUNNING
Status: RUNNING
Status: RUNNING
Status: RUNNING
Status: RUNNING
Status: RUNNING
Status: RUNNING
Status: RUNNING
Status: RUNNING
Status: RUNNING
Status: RUNNING
Status: RUNNING
Status: RUNNING
Status: RUNNING
Status: RUNNING
Status: RUNNING
Status: RUNNING
Status: RUNNING
Status: RUNNING
Status: RUNNING
Status: RUNNING
Status: RUNNING
Status: RUNNING
Status: RUNNING
Status: RUNNING
Status: RUNNING
Status: RUNNING
Status: RUNNING
Status: RUNNING
Status: RUNNING
Status: RUNNING
Status: RUNNING
Status: RUNNING
Status: RUNNING
Status: RUNNING
Status: RUNNING
Status: RUNNING
Status: RUNNING
Status: RUNNING
Status: RUNNING
Status: RUNNING
Status: RUNNING
Status: RUNNING
Status: RUNNING
Status: RUNNING
Status: RUNNING
Status: RUNNING
Status: RUNNING
Status: RUNNING
Status: RUNNING
Status: COMPLETED
QMEANDisCo: 0.7987
Mutating chain A, position 63: LYS -> ILE
Submitted ./1UBQ_Results/4.pdb
Checking: https://swissmodel.expasy.org/qmean/2TYZBz.json
Status: QUEUEING
Status: QUEUEING
Status: QUEUEING
Status: QUEUEING
Status: QUEUEING
Status: QUEUEING
Status: QUEUEING
Status: RUNNING
Status: RUNNING
Status: RUNNING
Status: RUNNING
Status: RUNNING
Status: RUNNING
Status: RUNNING
Status: RUNNING
Status: RUNNING
Status: RUNNING
Status: RUNNING
Status: RUNNING
Status: RUNNING
Status: RUNNING
Status: RUNNING
Status: RUNNING
Status: RUNNING
Status: RUNNING
Status: RUNNING
Status: RUNNING
Status: RUNNING
Status: RUNNING
Status: RUNNING
Status: RUNNING
Status: RUNNING
Status: RUNNING
Status: RUNNING
Status: RUNNING
Status: RUNNING
Status: RUNNING
Status: RUNNING
Status: RUNNING
Status: RUNNING
Status: RUNNING
Status: RUNNING
Status: RUNNING
Status: RUNNING
Status: RUNNING
Status: RUNNING
Status: RUNNING
Status: RUNNING
Status: RUNNING
Status: RUNNING
Status: RUNNING
Status: RUNNING
Status: RUNNING
Status: RUNNING
Status: RUNNING
Status: RUNNING
Status: RUNNING
Status: RUNNING
Status: RUNNING
Status: COMPLETED
QMEANDisCo: 0.8155
Mutating chain A, position 75: GLY -> PHE
Submitted ./1UBQ_Results/5.pdb
Checking: https://swissmodel.expasy.org/qmean/5hwNQP.json
Status: QUEUEING
Status: QUEUEING
Status: QUEUEING
Status: QUEUEING
Status: QUEUEING
Status: QUEUEING
Status: QUEUEING
Status: RUNNING
Status: RUNNING
Status: RUNNING
Status: RUNNING
Status: RUNNING
Status: RUNNING
Status: RUNNING
Status: RUNNING
Status: RUNNING
Status: RUNNING
Status: RUNNING
Status: RUNNING
Status: RUNNING
Status: RUNNING
Status: RUNNING
Status: RUNNING
Status: RUNNING
Status: RUNNING
Status: RUNNING
Status: RUNNING
Status: RUNNING
Status: RUNNING
Status: RUNNING
Status: RUNNING
Status: RUNNING
Status: RUNNING
Status: RUNNING
Status: RUNNING
Status: RUNNING
Status: RUNNING
Status: RUNNING
Status: RUNNING
Status: RUNNING
Status: RUNNING
Status: RUNNING
Status: RUNNING
Status: RUNNING
Status: RUNNING
Status: RUNNING
Status: RUNNING
Status: RUNNING
Status: RUNNING
Status: RUNNING
Status: RUNNING
Status: RUNNING
Status: RUNNING
Status: RUNNING
Status: RUNNING
Status: RUNNING
Status: RUNNING
Status: RUNNING
Status: RUNNING
Status: RUNNING
Status: RUNNING
Status: RUNNING
Status: RUNNING
Status: RUNNING
Status: RUNNING
Status: RUNNING
Status: COMPLETED
QMEANDisCo: 0.8228
Mutating chain A, position 75: PHE -> LYS
Submitted ./1UBQ_Results/6.pdb
Checking: https://swissmodel.expasy.org/qmean/GfJx7x.json
Status: QUEUEING
Status: QUEUEING
Status: QUEUEING
Status: QUEUEING
Status: QUEUEING
Status: QUEUEING
Status: QUEUEING
Status: RUNNING
Status: RUNNING
Status: RUNNING
Status: RUNNING
Status: RUNNING
Status: RUNNING
Status: RUNNING
Status: RUNNING
Status: RUNNING
Status: RUNNING
Status: RUNNING
Status: RUNNING
Status: RUNNING
Status: RUNNING
Status: RUNNING
Status: RUNNING
Status: RUNNING
Status: RUNNING
Status: RUNNING
Status: RUNNING
Status: RUNNING
Status: RUNNING
Status: RUNNING
Status: RUNNING
Status: RUNNING
Status: RUNNING
Status: RUNNING
Status: RUNNING
Status: RUNNING
Status: RUNNING
Status: RUNNING
Status: RUNNING
Status: RUNNING
Status: RUNNING
Status: RUNNING
Status: RUNNING
Status: RUNNING
Status: RUNNING
Status: RUNNING
Status: RUNNING
Status: RUNNING
Status: RUNNING
Status: RUNNING
Status: RUNNING
Status: RUNNING
Status: RUNNING
Status: RUNNING
Status: RUNNING
Status: RUNNING
Status: RUNNING
Status: RUNNING
Status: RUNNING
Status: COMPLETED
QMEANDisCo: 0.8136
Mutating chain A, position 50: LEU -> GLU
Submitted ./1UBQ_Results/6.pdb
Checking: https://swissmodel.expasy.org/qmean/rhh8Ac.json
Status: QUEUEING
Status: QUEUEING
Status: QUEUEING
Status: QUEUEING
Status: QUEUEING
Status: QUEUEING
Status: QUEUEING
Status: RUNNING
Status: RUNNING
Status: RUNNING
Status: RUNNING
Status: RUNNING
Status: RUNNING
Status: RUNNING
Status: RUNNING
Status: RUNNING
Status: RUNNING
Status: RUNNING
Status: RUNNING
Status: RUNNING
Status: RUNNING
Status: RUNNING
Status: RUNNING
Status: RUNNING
Status: RUNNING
Status: RUNNING
Status: RUNNING
Status: RUNNING
Status: RUNNING
Status: RUNNING
Status: RUNNING
Status: RUNNING
Status: RUNNING
Status: RUNNING
Status: RUNNING
Status: RUNNING
Status: RUNNING
Status: RUNNING
Status: RUNNING
Status: RUNNING
Status: RUNNING
Status: RUNNING
Status: RUNNING
Status: RUNNING
Status: RUNNING
Status: RUNNING
Status: RUNNING
Status: RUNNING
Status: RUNNING
Status: RUNNING
Status: RUNNING
Status: RUNNING
Status: RUNNING
Status: RUNNING
Status: RUNNING
Status: RUNNING
Status: RUNNING
Status: RUNNING
Status: RUNNING
Status: RUNNING
Status: RUNNING
Status: RUNNING
Status: RUNNING
Status: RUNNING
Status: RUNNING
Status: RUNNING
Status: COMPLETED
QMEANDisCo: 0.8242
Mutating chain A, position 68: HIS -> ILE
Submitted ./1UBQ_Results/7.pdb
Checking: https://swissmodel.expasy.org/qmean/4PcJwh.json
Status: QUEUEING
Status: QUEUEING
Status: QUEUEING
Status: QUEUEING
Status: QUEUEING
Status: QUEUEING
Status: QUEUEING
Status: RUNNING
Status: RUNNING
Status: RUNNING
Status: RUNNING
Status: RUNNING
Status: RUNNING
Status: RUNNING
Status: RUNNING
Status: RUNNING
Status: RUNNING
Status: RUNNING
Status: RUNNING
Status: RUNNING
Status: RUNNING
Status: RUNNING
Status: RUNNING
Status: RUNNING
Status: RUNNING
Status: RUNNING
Status: RUNNING
Status: RUNNING
Status: RUNNING
Status: RUNNING
Status: RUNNING
Status: RUNNING
Status: RUNNING
Status: RUNNING
Status: RUNNING
Status: RUNNING
Status: RUNNING
Status: RUNNING
Status: RUNNING
Status: RUNNING
Status: RUNNING
Status: RUNNING
Status: RUNNING
Status: RUNNING
Status: RUNNING
Status: RUNNING
Status: RUNNING
Status: RUNNING
Status: RUNNING
Status: RUNNING
Status: RUNNING
Status: RUNNING
Status: RUNNING
Status: RUNNING
Status: RUNNING
Status: RUNNING
Status: RUNNING
Status: RUNNING
Status: RUNNING
Status: RUNNING
Status: RUNNING
Status: RUNNING
Status: RUNNING
Status: RUNNING
Status: RUNNING
Status: RUNNING
Status: COMPLETED
QMEANDisCo: 0.8196
Mutating chain A, position 18: GLU -> ILE
Submitted ./1UBQ_Results/8.pdb
Checking: https://swissmodel.expasy.org/qmean/uH52Vv.json
Status: QUEUEING
Status: QUEUEING
Status: QUEUEING
Status: QUEUEING
Status: QUEUEING
Status: QUEUEING
Status: QUEUEING
Status: RUNNING
Status: RUNNING
Status: RUNNING
Status: RUNNING
Status: RUNNING
Status: RUNNING
Status: RUNNING
Status: RUNNING
Status: RUNNING
Status: RUNNING
Status: RUNNING
Status: RUNNING
Status: RUNNING
Status: RUNNING
Status: RUNNING
Status: RUNNING
Status: RUNNING
Status: RUNNING
Status: RUNNING
Status: RUNNING
Status: RUNNING
Status: RUNNING
Status: RUNNING
Status: RUNNING
Status: RUNNING
Status: RUNNING
Status: RUNNING
Status: RUNNING
Status: RUNNING
Status: RUNNING
Status: RUNNING
Status: RUNNING
Status: RUNNING
Status: RUNNING
Status: RUNNING
Status: RUNNING
Status: RUNNING
Status: RUNNING
Status: RUNNING
Status: RUNNING
Status: RUNNING
Status: RUNNING
Status: RUNNING
Status: RUNNING
Status: RUNNING
Status: RUNNING
Status: RUNNING
Status: RUNNING
Status: RUNNING
Status: RUNNING
Status: RUNNING
Status: RUNNING
Status: RUNNING
Status: RUNNING
Status: RUNNING
Status: RUNNING
Status: RUNNING
Status: RUNNING
Status: RUNNING
Status: COMPLETED
QMEANDisCo: 0.8398
Mutating chain A, position 7: THR -> GLY
Submitted ./1UBQ_Results/9.pdb
Checking: https://swissmodel.expasy.org/qmean/X5Duk4.json
Status: QUEUEING
Status: QUEUEING
Status: QUEUEING
Status: QUEUEING
Status: QUEUEING
Status: QUEUEING
Status: QUEUEING
Status: RUNNING
Status: RUNNING
Status: RUNNING
Status: RUNNING
Status: RUNNING
Status: RUNNING
Status: RUNNING
Status: RUNNING
Status: RUNNING
Status: RUNNING
Status: RUNNING
Status: RUNNING
Status: RUNNING
Status: RUNNING
Status: RUNNING
Status: RUNNING
Status: RUNNING
Status: RUNNING
Status: RUNNING
Status: RUNNING
Status: RUNNING
Status: RUNNING
Status: RUNNING
Status: RUNNING
Status: RUNNING
Status: RUNNING
Status: RUNNING
Status: RUNNING
Status: RUNNING
Status: RUNNING
Status: RUNNING
Status: RUNNING
Status: RUNNING
Status: RUNNING
Status: RUNNING
Status: RUNNING
Status: RUNNING
Status: RUNNING
Status: RUNNING
Status: RUNNING
Status: RUNNING
Status: RUNNING
Status: RUNNING
Status: RUNNING
Status: RUNNING
Status: RUNNING
Status: RUNNING
Status: RUNNING
Status: RUNNING
Status: RUNNING
Status: RUNNING
Status: RUNNING
Status: RUNNING
Status: RUNNING
Status: RUNNING
Status: RUNNING
Status: RUNNING
Status: RUNNING
Status: COMPLETED
QMEANDisCo: 0.8209
Mutating chain A, position 74: ARG -> GLN
Submitted ./1UBQ_Results/9.pdb
Checking: https://swissmodel.expasy.org/qmean/JFfh9a.json
Status: QUEUEING
Status: QUEUEING
Status: QUEUEING
Status: QUEUEING
Status: QUEUEING
Status: QUEUEING
Status: QUEUEING
Status: RUNNING
Status: RUNNING
Status: RUNNING
Status: RUNNING
Status: RUNNING
Status: RUNNING
Status: RUNNING
Status: RUNNING
Status: RUNNING
Status: RUNNING
Status: RUNNING
Status: RUNNING
Status: RUNNING
Status: RUNNING
Status: RUNNING
Status: RUNNING
Status: RUNNING
Status: RUNNING
Status: RUNNING
Status: RUNNING
Status: RUNNING
Status: RUNNING
Status: RUNNING
Status: RUNNING
Status: RUNNING
Status: RUNNING
Status: RUNNING
Status: RUNNING
Status: RUNNING
Status: RUNNING
Status: RUNNING
Status: RUNNING
Status: RUNNING
Status: RUNNING
Status: RUNNING
Status: RUNNING
Status: RUNNING
Status: RUNNING
Status: RUNNING
Status: RUNNING
Status: RUNNING
Status: RUNNING
Status: RUNNING
Status: RUNNING
Status: RUNNING
Status: RUNNING
Status: RUNNING
Status: RUNNING
Status: RUNNING
Status: RUNNING
Status: RUNNING
Status: RUNNING
Status: RUNNING
Status: RUNNING
Status: RUNNING
Status: RUNNING
Status: RUNNING
Status: RUNNING
Status: RUNNING
Status: COMPLETED
QMEANDisCo: 0.8222
Mutating chain A, position 36: ILE -> VAL
Submitted ./1UBQ_Results/9.pdb
Checking: https://swissmodel.expasy.org/qmean/KhvnZe.json
Status: QUEUEING
Status: QUEUEING
Status: QUEUEING
Status: QUEUEING
Status: QUEUEING
Status: QUEUEING
Status: QUEUEING
Status: RUNNING
Status: RUNNING
Status: RUNNING
Status: RUNNING
Status: RUNNING
Status: RUNNING
Status: RUNNING
Status: RUNNING
Status: RUNNING
Status: RUNNING
Status: RUNNING
Status: RUNNING
Status: RUNNING
Status: RUNNING
Status: RUNNING
Status: RUNNING
Status: RUNNING
Status: RUNNING
Status: RUNNING
Status: RUNNING
Status: RUNNING
Status: RUNNING
Status: RUNNING
Status: RUNNING
Status: RUNNING
Status: RUNNING
Status: RUNNING
Status: RUNNING
Status: RUNNING
Status: RUNNING
Status: RUNNING
Status: RUNNING
Status: RUNNING
Status: RUNNING
Status: RUNNING
Status: RUNNING
Status: RUNNING
Status: RUNNING
Status: RUNNING
Status: RUNNING
Status: RUNNING
Status: RUNNING
Status: RUNNING
Status: RUNNING
Status: RUNNING
Status: RUNNING
Status: RUNNING
Status: RUNNING
Status: RUNNING
Status: RUNNING
Status: RUNNING
Status: RUNNING
Status: RUNNING
Status: RUNNING
Status: RUNNING
Status: RUNNING
Status: RUNNING
Status: COMPLETED
QMEANDisCo: 0.8367
Mutating chain A, position 37: PRO -> TRP
Submitted ./1UBQ_Results/10.pdb
Checking: https://swissmodel.expasy.org/qmean/dcFPyw.json
Status: QUEUEING
Status: QUEUEING
Status: QUEUEING
Status: QUEUEING
Status: QUEUEING
Status: QUEUEING
Status: QUEUEING
Status: RUNNING
Status: RUNNING
Status: RUNNING
Status: RUNNING
Status: RUNNING
Status: RUNNING
Status: RUNNING
Status: RUNNING
Status: RUNNING
Status: RUNNING
Status: RUNNING
Status: RUNNING
Status: RUNNING
Status: RUNNING
Status: RUNNING
Status: RUNNING
Status: RUNNING
Status: RUNNING
Status: RUNNING
Status: RUNNING
Status: RUNNING
Status: RUNNING
Status: RUNNING
Status: RUNNING
Status: RUNNING
Status: RUNNING
Status: RUNNING
Status: RUNNING
Status: RUNNING
Status: RUNNING
Status: RUNNING
Status: RUNNING
Status: RUNNING
Status: RUNNING
Status: RUNNING
Status: RUNNING
Status: RUNNING
Status: RUNNING
Status: RUNNING
Status: RUNNING
Status: RUNNING
Status: RUNNING
Status: RUNNING
Status: RUNNING
Status: RUNNING
Status: RUNNING
Status: RUNNING
Status: RUNNING
Status: RUNNING
Status: RUNNING
Status: RUNNING
Status: RUNNING
Status: RUNNING
Status: RUNNING
Status: RUNNING
Status: RUNNING
Status: RUNNING
Status: RUNNING
Status: RUNNING
Status: COMPLETED
QMEANDisCo: 0.8015
Mutating chain A, position 22: THR -> SER
Submitted ./1UBQ_Results/10.pdb
Checking: https://swissmodel.expasy.org/qmean/3nXHYm.json
Status: QUEUEING
Status: QUEUEING
Status: QUEUEING
Status: QUEUEING
Status: QUEUEING
Status: QUEUEING
Status: QUEUEING
Status: RUNNING
Status: RUNNING
Status: RUNNING
Status: RUNNING
Status: RUNNING
Status: RUNNING
Status: RUNNING
Status: RUNNING
Status: RUNNING
Status: RUNNING
Status: RUNNING
Status: RUNNING
Status: RUNNING
Status: RUNNING
Status: RUNNING
Status: RUNNING
Status: RUNNING
Status: RUNNING
Status: RUNNING
Status: RUNNING
Status: RUNNING
Status: RUNNING
Status: RUNNING
Status: RUNNING
Status: RUNNING
Status: RUNNING
Status: RUNNING
Status: RUNNING
Status: RUNNING
Status: RUNNING
Status: RUNNING
Status: RUNNING
Status: RUNNING
Status: RUNNING
Status: RUNNING
Status: RUNNING
Status: RUNNING
Status: RUNNING
Status: RUNNING
Status: RUNNING
Status: RUNNING
Status: RUNNING
Status: RUNNING
Status: RUNNING
Status: RUNNING
Status: RUNNING
Status: RUNNING
Status: RUNNING
Status: RUNNING
Status: RUNNING
Status: RUNNING
Status: RUNNING
Status: RUNNING
Status: RUNNING
Status: RUNNING
Status: RUNNING
Status: RUNNING
Status: RUNNING
Status: RUNNING
Status: RUNNING
Status: COMPLETED
QMEANDisCo: 0.8186
Mutating chain A, position 37: PRO -> PHE
Submitted ./1UBQ_Results/10.pdb
Checking: https://swissmodel.expasy.org/qmean/QrsmN3.json
Status: QUEUEING
Status: QUEUEING
Status: QUEUEING
Status: QUEUEING
Status: QUEUEING
Status: QUEUEING
Status: QUEUEING
Status: RUNNING
Status: RUNNING
Status: RUNNING
Status: RUNNING
Status: RUNNING
Status: RUNNING
Status: RUNNING
Status: RUNNING
Status: RUNNING
Status: RUNNING
Status: RUNNING
Status: RUNNING
Status: RUNNING
Status: RUNNING
Status: RUNNING
Status: RUNNING
Status: RUNNING
Status: RUNNING
Status: RUNNING
Status: RUNNING
Status: RUNNING
Status: RUNNING
Status: RUNNING
Status: RUNNING
Status: RUNNING
Status: RUNNING
Status: RUNNING
Status: RUNNING
Status: RUNNING
Status: RUNNING
Status: RUNNING
Status: RUNNING
Status: RUNNING
Status: RUNNING
Status: RUNNING
Status: RUNNING
Status: RUNNING
Status: RUNNING
Status: RUNNING
Status: RUNNING
Status: RUNNING
Status: RUNNING
Status: RUNNING
Status: RUNNING
Status: RUNNING
Status: RUNNING
Status: RUNNING
Status: RUNNING
Status: RUNNING
Status: RUNNING
Status: RUNNING
Status: RUNNING
Status: RUNNING
Status: RUNNING
Status: RUNNING
Status: RUNNING
Status: RUNNING
Status: RUNNING
Status: COMPLETED
QMEANDisCo: 0.8050
Mutating chain A, position 48: LYS -> ASP
Submitted ./1UBQ_Results/10.pdb
Checking: https://swissmodel.expasy.org/qmean/k63Rf7.json
Status: QUEUEING
Status: QUEUEING
Status: QUEUEING
Status: QUEUEING
Status: QUEUEING
Status: QUEUEING
Status: QUEUEING
Status: RUNNING
Status: RUNNING
Status: RUNNING
Status: RUNNING
Status: RUNNING
Status: RUNNING
Status: RUNNING
Status: RUNNING
Status: RUNNING
Status: RUNNING
Status: RUNNING
Status: RUNNING
Status: RUNNING
Status: RUNNING
Status: RUNNING
Status: RUNNING
Status: RUNNING
Status: RUNNING
Status: RUNNING
Status: RUNNING
Status: RUNNING
Status: RUNNING
Status: RUNNING
Status: RUNNING
Status: RUNNING
Status: RUNNING
Status: RUNNING
Status: RUNNING
Status: RUNNING
Status: RUNNING
Status: RUNNING
Status: RUNNING
Status: RUNNING
Status: RUNNING
Status: RUNNING
Status: RUNNING
Status: RUNNING
Status: RUNNING
Status: RUNNING
Status: RUNNING
Status: RUNNING
Status: RUNNING
Status: RUNNING
Status: RUNNING
Status: RUNNING
Status: RUNNING
Status: RUNNING
Status: RUNNING
Status: RUNNING
Status: RUNNING
Status: RUNNING
Status: RUNNING
Status: RUNNING
Status: RUNNING
Status: RUNNING
Status: RUNNING
Status: RUNNING
Status: RUNNING
Status: RUNNING
Status: COMPLETED
QMEANDisCo: 0.8206
Mutating chain A, position 61: ILE -> VAL
Submitted ./1UBQ_Results/10.pdb
Checking: https://swissmodel.expasy.org/qmean/XxJN7N.json
Status: QUEUEING
Status: QUEUEING
Status: QUEUEING
Status: QUEUEING
Status: QUEUEING
Status: QUEUEING
Status: QUEUEING
Status: RUNNING
Status: RUNNING
Status: RUNNING
Status: RUNNING
Status: RUNNING
Status: RUNNING
Status: RUNNING
Status: RUNNING
Status: RUNNING
Status: RUNNING
Status: RUNNING
Status: RUNNING
Status: RUNNING
Status: RUNNING
Status: RUNNING
Status: RUNNING
Status: RUNNING
Status: RUNNING
Status: RUNNING
Status: RUNNING
Status: RUNNING
Status: RUNNING
Status: RUNNING
Status: RUNNING
Status: RUNNING
Status: RUNNING
Status: RUNNING
Status: RUNNING
Status: RUNNING
Status: RUNNING
Status: RUNNING
Status: RUNNING
Status: RUNNING
Status: RUNNING
Status: RUNNING
Status: RUNNING
Status: RUNNING
Status: RUNNING
Status: RUNNING
Status: RUNNING
Status: RUNNING
Status: RUNNING
Status: RUNNING
Status: RUNNING
Status: RUNNING
Status: RUNNING
Status: RUNNING
Status: RUNNING
Status: RUNNING
Status: RUNNING
Status: RUNNING
Status: RUNNING
Status: RUNNING
Status: RUNNING
Status: RUNNING
Status: RUNNING
Status: RUNNING
Status: RUNNING
Status: RUNNING
Status: RUNNING
Status: COMPLETED
QMEANDisCo: 0.8258
Mutating chain A, position 8: LEU -> SER
Submitted ./1UBQ_Results/10.pdb
Checking: https://swissmodel.expasy.org/qmean/NXcc3W.json
Status: QUEUEING
Status: QUEUEING
Status: QUEUEING
Status: QUEUEING
Status: QUEUEING
Status: QUEUEING
Status: QUEUEING
Status: QUEUEING
Status: QUEUEING
Status: QUEUEING
Status: QUEUEING
Status: QUEUEING
Status: QUEUEING
Status: QUEUEING
Status: QUEUEING
Status: RUNNING
Status: RUNNING
Status: RUNNING
Status: RUNNING
Status: RUNNING
Status: RUNNING
Status: RUNNING
Status: RUNNING
Status: RUNNING
Status: RUNNING
Status: RUNNING
Status: RUNNING
Status: RUNNING
Status: RUNNING
Status: RUNNING
Status: RUNNING
Status: RUNNING
Status: RUNNING
Status: RUNNING
Status: RUNNING
Status: RUNNING
Status: RUNNING
Status: RUNNING
Status: RUNNING
Status: RUNNING
Status: RUNNING
Status: RUNNING
Status: RUNNING
Status: RUNNING
Status: RUNNING
Status: RUNNING
Status: RUNNING
Status: RUNNING
Status: RUNNING
Status: RUNNING
Status: RUNNING
Status: RUNNING
Status: RUNNING
Status: RUNNING
Status: RUNNING
Status: RUNNING
Status: RUNNING
Status: RUNNING
Status: RUNNING
Status: RUNNING
Status: RUNNING
Status: RUNNING
Status: RUNNING
Status: RUNNING
Status: RUNNING
Status: RUNNING
Status: COMPLETED
QMEANDisCo: 0.8203
Mutating chain A, position 73: LEU -> ARG
Submitted ./1UBQ_Results/10.pdb
Checking: https://swissmodel.expasy.org/qmean/9ukU3g.json
Status: QUEUEING
Status: QUEUEING
Status: QUEUEING
Status: QUEUEING
Status: QUEUEING
Status: QUEUEING
Status: QUEUEING
Status: QUEUEING
Status: RUNNING
Status: RUNNING
Status: RUNNING
Status: RUNNING
Status: RUNNING
Status: RUNNING
Status: RUNNING
Status: RUNNING
Status: RUNNING
Status: RUNNING
Status: RUNNING
Status: RUNNING
Status: RUNNING
Status: RUNNING
Status: RUNNING
Status: RUNNING
Status: RUNNING
Status: RUNNING
Status: RUNNING
Status: RUNNING
Status: RUNNING
Status: RUNNING
Status: RUNNING
Status: RUNNING
Status: RUNNING
Status: RUNNING
Status: RUNNING
Status: RUNNING
Status: RUNNING
Status: RUNNING
Status: RUNNING
Status: RUNNING
Status: RUNNING
Status: RUNNING
Status: RUNNING
Status: RUNNING
Status: RUNNING
Status: RUNNING
Status: RUNNING
Status: RUNNING
Status: RUNNING
Status: RUNNING
Status: RUNNING
Status: RUNNING
Status: RUNNING
Status: RUNNING
Status: RUNNING
Status: RUNNING
Status: RUNNING
Status: RUNNING
Status: RUNNING
Status: RUNNING
Status: RUNNING
Status: RUNNING
Status: RUNNING
Status: RUNNING
Status: RUNNING
Status: RUNNING
Status: RUNNING
Status: RUNNING
Status: COMPLETED
QMEANDisCo: 0.8076
Mutating chain A, position 67: LEU -> MET
Submitted ./1UBQ_Results/10.pdb
Checking: https://swissmodel.expasy.org/qmean/wr6UJG.json
Status: QUEUEING
Status: QUEUEING
Status: QUEUEING
Status: QUEUEING
Status: QUEUEING
Status: QUEUEING
Status: QUEUEING
Status: RUNNING
Status: RUNNING
Status: RUNNING
Status: RUNNING
Status: RUNNING
Status: RUNNING
Status: RUNNING
Status: RUNNING
Status: RUNNING
Status: RUNNING
Status: RUNNING
Status: RUNNING
Status: RUNNING
Status: RUNNING
Status: RUNNING
Status: RUNNING
Status: RUNNING
Status: RUNNING
Status: RUNNING
Status: RUNNING
Status: RUNNING
Status: RUNNING
Status: RUNNING
Status: RUNNING
Status: RUNNING
Status: RUNNING
Status: RUNNING
Status: RUNNING
Status: RUNNING
Status: RUNNING
Status: RUNNING
Status: RUNNING
Status: RUNNING
Status: RUNNING
Status: RUNNING
Status: RUNNING
Status: RUNNING
Status: RUNNING
Status: RUNNING
Status: RUNNING
Status: RUNNING
Status: RUNNING
Status: RUNNING
Status: RUNNING
Status: RUNNING
Status: RUNNING
Status: RUNNING
Status: RUNNING
Status: RUNNING
Status: RUNNING
Status: RUNNING
Status: RUNNING
Status: RUNNING
Status: RUNNING
Status: RUNNING
Status: RUNNING
Status: RUNNING
Status: RUNNING
Status: RUNNING
Status: COMPLETED
QMEANDisCo: 0.8184
Mutating chain A, position 5: VAL -> ASP
Submitted ./1UBQ_Results/10.pdb
Checking: https://swissmodel.expasy.org/qmean/GYa24g.json
Status: QUEUEING
Status: QUEUEING
Status: QUEUEING
Status: QUEUEING
Status: QUEUEING
Status: QUEUEING
Status: QUEUEING
Status: RUNNING
Status: RUNNING
Status: RUNNING
Status: RUNNING
Status: RUNNING
Status: RUNNING
Status: RUNNING
Status: RUNNING
Status: RUNNING
Status: RUNNING
Status: RUNNING
Status: RUNNING
Status: RUNNING
Status: RUNNING
Status: RUNNING
Status: RUNNING
Status: RUNNING
Status: RUNNING
Status: RUNNING
Status: RUNNING
Status: RUNNING
Status: RUNNING
Status: RUNNING
Status: RUNNING
Status: RUNNING
Status: RUNNING
Status: RUNNING
Status: RUNNING
Status: RUNNING
Status: RUNNING
Status: RUNNING
Status: RUNNING
Status: RUNNING
Status: RUNNING
Status: RUNNING
Status: RUNNING
Status: RUNNING
Status: RUNNING
Status: RUNNING
Status: RUNNING
Status: RUNNING
Status: RUNNING
Status: RUNNING
Status: RUNNING
Status: RUNNING
Status: RUNNING
Status: RUNNING
Status: RUNNING
Status: RUNNING
Status: RUNNING
Status: RUNNING
Status: RUNNING
Status: RUNNING
Status: RUNNING
Status: RUNNING
Status: RUNNING
Status: RUNNING
Status: RUNNING
Status: RUNNING
Status: COMPLETED
QMEANDisCo: 0.8153
Mutating chain A, position 5: VAL -> ILE
Submitted ./1UBQ_Results/10.pdb
Checking: https://swissmodel.expasy.org/qmean/ZMmV37.json
Status: QUEUEING
Status: QUEUEING
Status: QUEUEING
Status: QUEUEING
Status: QUEUEING
Status: QUEUEING
Status: QUEUEING
Status: QUEUEING
Status: RUNNING
Status: RUNNING
Status: RUNNING
Status: RUNNING
Status: RUNNING
Status: RUNNING
Status: RUNNING
Status: RUNNING
Status: RUNNING
Status: RUNNING
Status: RUNNING
Status: RUNNING
Status: RUNNING
Status: RUNNING
Status: RUNNING
Status: RUNNING
Status: RUNNING
Status: RUNNING
Status: RUNNING
Status: RUNNING
Status: RUNNING
Status: RUNNING
Status: RUNNING
Status: RUNNING
Status: RUNNING
Status: RUNNING
Status: RUNNING
Status: RUNNING
Status: RUNNING
Status: RUNNING
Status: RUNNING
Status: RUNNING
Status: RUNNING
Status: RUNNING
Status: RUNNING
Status: RUNNING
Status: RUNNING
Status: RUNNING
Status: RUNNING
Status: RUNNING
Status: RUNNING
Status: RUNNING
Status: RUNNING
Status: RUNNING
Status: RUNNING
Status: RUNNING
Status: RUNNING
Status: RUNNING
Status: RUNNING
Status: RUNNING
Status: RUNNING
Status: RUNNING
Status: RUNNING
Status: RUNNING
Status: RUNNING
Status: RUNNING
Status: RUNNING
Status: RUNNING
Status: COMPLETED
QMEANDisCo: 0.8192
Mutating chain A, position 33: LYS -> MET
Submitted ./1UBQ_Results/10.pdb
Checking: https://swissmodel.expasy.org/qmean/fN6Y9X.json
Status: QUEUEING
Status: QUEUEING
Status: QUEUEING
Status: QUEUEING
Status: QUEUEING
Status: QUEUEING
Status: QUEUEING
Status: RUNNING
Status: RUNNING
Status: RUNNING
Status: RUNNING
Status: RUNNING
Status: RUNNING
Status: RUNNING
Status: RUNNING
Status: RUNNING
Status: RUNNING
Status: RUNNING
Status: RUNNING
Status: RUNNING
Status: RUNNING
Status: RUNNING
Status: RUNNING
Status: RUNNING
Status: RUNNING
Status: RUNNING
Status: RUNNING
Status: RUNNING
Status: RUNNING
Status: RUNNING
Status: RUNNING
Status: RUNNING
Status: RUNNING
Status: RUNNING
Status: RUNNING
Status: RUNNING
Status: RUNNING
Status: RUNNING
Status: RUNNING
Status: RUNNING
Status: RUNNING
Status: RUNNING
Status: RUNNING
Status: RUNNING
Status: RUNNING
Status: RUNNING
Status: RUNNING
Status: RUNNING
Status: RUNNING
Status: RUNNING
Status: RUNNING
Status: RUNNING
Status: RUNNING
Status: RUNNING
Status: RUNNING
Status: RUNNING
Status: RUNNING
Status: RUNNING
Status: RUNNING
Status: RUNNING
Status: RUNNING
Status: RUNNING
Status: RUNNING
Status: RUNNING
Status: RUNNING
Status: RUNNING
Status: COMPLETED
QMEANDisCo: 0.8278
Mutating chain A, position 47: GLY -> ALA
Submitted ./1UBQ_Results/10.pdb
Checking: https://swissmodel.expasy.org/qmean/knvTb4.json
Status: QUEUEING
Status: QUEUEING
Status: QUEUEING
Status: QUEUEING
Status: QUEUEING
Status: QUEUEING
Status: QUEUEING
Status: RUNNING
Status: RUNNING
Status: RUNNING
Status: RUNNING
Status: RUNNING
Status: RUNNING
Status: RUNNING
Status: RUNNING
Status: RUNNING
Status: RUNNING
Status: RUNNING
Status: RUNNING
Status: RUNNING
Status: RUNNING
Status: RUNNING
Status: RUNNING
Status: RUNNING
Status: RUNNING
Status: RUNNING
Status: RUNNING
Status: RUNNING
Status: RUNNING
Status: RUNNING
Status: RUNNING
Status: RUNNING
Status: RUNNING
Status: RUNNING
Status: RUNNING
Status: RUNNING
Status: RUNNING
Status: RUNNING
Status: RUNNING
Status: RUNNING
Status: RUNNING
Status: RUNNING
Status: RUNNING
Status: RUNNING
Status: RUNNING
Status: RUNNING
Status: RUNNING
Status: RUNNING
Status: RUNNING
Status: RUNNING
Status: RUNNING
Status: RUNNING
Status: RUNNING
Status: RUNNING
Status: RUNNING
Status: RUNNING
Status: RUNNING
Status: RUNNING
Status: RUNNING
Status: RUNNING
Status: RUNNING
Status: RUNNING
Status: RUNNING
Status: RUNNING
Status: RUNNING
Status: RUNNING
Status: COMPLETED
QMEANDisCo: 0.8205
Mutating chain A, position 9: THR -> TRP
Submitted ./1UBQ_Results/10.pdb
Checking: https://swissmodel.expasy.org/qmean/NKM54Q.json
Status: QUEUEING
Status: QUEUEING
Status: QUEUEING
Status: QUEUEING
Status: QUEUEING
Status: QUEUEING
Status: QUEUEING
Status: RUNNING
Status: RUNNING
Status: RUNNING
Status: RUNNING
Status: RUNNING
Status: RUNNING
Status: RUNNING
Status: RUNNING
Status: RUNNING
Status: RUNNING
Status: RUNNING
Status: RUNNING
Status: RUNNING
Status: RUNNING
Status: RUNNING
Status: RUNNING
Status: RUNNING
Status: RUNNING
Status: RUNNING
Status: RUNNING
Status: RUNNING
Status: RUNNING
Status: RUNNING
Status: RUNNING
Status: RUNNING
Status: RUNNING
Status: RUNNING
Status: RUNNING
Status: RUNNING
Status: RUNNING
Status: RUNNING
Status: RUNNING
Status: RUNNING
Status: RUNNING
Status: RUNNING
Status: RUNNING
Status: RUNNING
Status: RUNNING
Status: RUNNING
Status: RUNNING
Status: RUNNING
Status: RUNNING
Status: RUNNING
Status: RUNNING
Status: RUNNING
Status: RUNNING
Status: RUNNING
Status: RUNNING
Status: RUNNING
Status: RUNNING
Status: RUNNING
Status: RUNNING
Status: RUNNING
Status: RUNNING
Status: RUNNING
Status: RUNNING
Status: RUNNING
Status: RUNNING
Status: RUNNING
Status: COMPLETED
QMEANDisCo: 0.8327
Mutating chain A, position 14: THR -> PRO
Submitted ./1UBQ_Results/10.pdb
Checking: https://swissmodel.expasy.org/qmean/F4tmZC.json
Status: QUEUEING
Status: QUEUEING
Status: QUEUEING
Status: QUEUEING
Status: QUEUEING
Status: QUEUEING
Status: QUEUEING
Status: RUNNING
Status: RUNNING
Status: RUNNING
Status: RUNNING
Status: RUNNING
Status: RUNNING
Status: RUNNING
Status: RUNNING
Status: RUNNING
Status: RUNNING
Status: RUNNING
Status: RUNNING
Status: RUNNING
Status: RUNNING
Status: RUNNING
Status: RUNNING
Status: RUNNING
Status: RUNNING
Status: RUNNING
Status: RUNNING
Status: RUNNING
Status: RUNNING
Status: RUNNING
Status: RUNNING
Status: RUNNING
Status: RUNNING
Status: RUNNING
Status: RUNNING
Status: RUNNING
Status: RUNNING
Status: RUNNING
Status: RUNNING
Status: RUNNING
Status: RUNNING
Status: RUNNING
Status: RUNNING
Status: RUNNING
Status: RUNNING
Status: RUNNING
Status: RUNNING
Status: RUNNING
Status: RUNNING
Status: RUNNING
Status: RUNNING
Status: RUNNING
Status: RUNNING
Status: RUNNING
Status: RUNNING
Status: RUNNING
Status: RUNNING
Status: RUNNING
Status: RUNNING
Status: RUNNING
Status: RUNNING
Status: RUNNING
Status: RUNNING
Status: RUNNING
Status: RUNNING
Status: COMPLETED
QMEANDisCo: 0.8201
Mutating chain A, position 25: ASN -> ILE
Submitted ./1UBQ_Results/10.pdb
Checking: https://swissmodel.expasy.org/qmean/JKThR4.json
Status: QUEUEING
Status: QUEUEING
Status: QUEUEING
Status: QUEUEING
Status: QUEUEING
Status: QUEUEING
Status: QUEUEING
Status: RUNNING
Status: RUNNING
Status: RUNNING
Status: RUNNING
Status: RUNNING
Status: RUNNING
Status: RUNNING
Status: RUNNING
Status: RUNNING
Status: RUNNING
Status: RUNNING
Status: RUNNING
Status: RUNNING
Status: RUNNING
Status: RUNNING
Status: RUNNING
Status: RUNNING
Status: RUNNING
Status: RUNNING
Status: RUNNING
Status: RUNNING
Status: RUNNING
Status: RUNNING
Status: RUNNING
Status: RUNNING
Status: RUNNING
Status: RUNNING
Status: RUNNING
Status: RUNNING
Status: RUNNING
Status: RUNNING
Status: RUNNING
Status: RUNNING
Status: RUNNING
Status: RUNNING
Status: RUNNING
Status: RUNNING
Status: RUNNING
Status: RUNNING
Status: RUNNING
Status: RUNNING
Status: RUNNING
Status: RUNNING
Status: RUNNING
Status: RUNNING
Status: RUNNING
Status: RUNNING
Status: RUNNING
Status: RUNNING
Status: RUNNING
Status: RUNNING
Status: RUNNING
Status: RUNNING
Status: RUNNING
Status: RUNNING
Status: RUNNING
Status: RUNNING
Status: RUNNING
Status: COMPLETED
QMEANDisCo: 0.8286
Mutating chain A, position 65: SER -> MET
Submitted ./1UBQ_Results/10.pdb
Checking: https://swissmodel.expasy.org/qmean/Vmp7eA.json
Status: QUEUEING
Status: QUEUEING
Status: QUEUEING
Status: QUEUEING
Status: QUEUEING
Status: QUEUEING
Status: QUEUEING
Status: RUNNING
Status: RUNNING
Status: RUNNING
Status: RUNNING
Status: RUNNING
Status: RUNNING
Status: RUNNING
Status: RUNNING
Status: RUNNING
Status: RUNNING
Status: RUNNING
Status: RUNNING
Status: RUNNING
Status: RUNNING
Status: RUNNING
Status: RUNNING
Status: RUNNING
Status: RUNNING
Status: RUNNING
Status: RUNNING
Status: RUNNING
Status: RUNNING
Status: RUNNING
Status: RUNNING
Status: RUNNING
Status: RUNNING
Status: RUNNING
Status: RUNNING
Status: RUNNING
Status: RUNNING
Status: RUNNING
Status: RUNNING
Status: RUNNING
Status: RUNNING
Status: RUNNING
Status: RUNNING
Status: RUNNING
Status: RUNNING
Status: RUNNING
Status: RUNNING
Status: RUNNING
Status: RUNNING
Status: RUNNING
Status: RUNNING
Status: RUNNING
Status: RUNNING
Status: RUNNING
Status: RUNNING
Status: RUNNING
Status: RUNNING
Status: RUNNING
Status: RUNNING
Status: RUNNING
Status: RUNNING
Status: RUNNING
Status: RUNNING
Status: RUNNING
Status: RUNNING
Status: RUNNING
Status: COMPLETED
QMEANDisCo: 0.8062
Mutating chain A, position 51: GLU -> HIS
Submitted ./1UBQ_Results/10.pdb
Checking: https://swissmodel.expasy.org/qmean/QgNLAW.json
Status: QUEUEING
Status: QUEUEING
Status: QUEUEING
Status: QUEUEING
Status: QUEUEING
Status: QUEUEING
Status: QUEUEING
Status: RUNNING
Status: RUNNING
Status: RUNNING
Status: RUNNING
Status: RUNNING
Status: RUNNING
Status: RUNNING
Status: RUNNING
Status: RUNNING
Status: RUNNING
Status: RUNNING
Status: RUNNING
Status: RUNNING
Status: RUNNING
Status: RUNNING
Status: RUNNING
Status: RUNNING
Status: RUNNING
Status: RUNNING
Status: RUNNING
Status: RUNNING
Status: RUNNING
Status: RUNNING
Status: RUNNING
Status: RUNNING
Status: RUNNING
Status: RUNNING
Status: RUNNING
Status: RUNNING
Status: RUNNING
Status: RUNNING
Status: RUNNING
Status: RUNNING
Status: RUNNING
Status: RUNNING
Status: RUNNING
Status: RUNNING
Status: RUNNING
Status: RUNNING
Status: RUNNING
Status: RUNNING
Status: RUNNING
Status: RUNNING
Status: RUNNING
Status: RUNNING
Status: RUNNING
Status: RUNNING
Status: RUNNING
Status: RUNNING
Status: RUNNING
Status: RUNNING
Status: RUNNING
Status: RUNNING
Status: RUNNING
Status: RUNNING
Status: RUNNING
Status: RUNNING
Status: RUNNING
Status: COMPLETED
QMEANDisCo: 0.8283
Mutating chain A, position 76: TYR -> PRO
Submitted ./1UBQ_Results/10.pdb
Checking: https://swissmodel.expasy.org/qmean/Ga84c9.json
Status: QUEUEING
Status: QUEUEING
Status: QUEUEING
Status: QUEUEING
Status: QUEUEING
Status: QUEUEING
Status: QUEUEING
Status: QUEUEING
Status: RUNNING
Status: RUNNING
Status: RUNNING
Status: RUNNING
Status: RUNNING
Status: RUNNING
Status: RUNNING
Status: RUNNING
Status: RUNNING
Status: RUNNING
Status: RUNNING
Status: RUNNING
Status: RUNNING
Status: RUNNING
Status: RUNNING
Status: RUNNING
Status: RUNNING
Status: RUNNING
Status: RUNNING
Status: RUNNING
Status: RUNNING
Status: RUNNING
Status: RUNNING
Status: RUNNING
Status: RUNNING
Status: RUNNING
Status: RUNNING
Status: RUNNING
Status: RUNNING
Status: RUNNING
Status: RUNNING
Status: RUNNING
Status: RUNNING
Status: RUNNING
Status: RUNNING
Status: RUNNING
Status: RUNNING
Status: RUNNING
Status: RUNNING
Status: RUNNING
Status: RUNNING
Status: RUNNING
Status: RUNNING
Status: RUNNING
Status: RUNNING
Status: RUNNING
Status: RUNNING
Status: RUNNING
Status: RUNNING
Status: RUNNING
Status: RUNNING
Status: RUNNING
Status: RUNNING
Status: RUNNING
Status: RUNNING
Status: RUNNING
Status: RUNNING
Status: RUNNING
Status: RUNNING
Status: COMPLETED
QMEANDisCo: 0.8172
Mutating chain A, position 36: VAL -> TRP
Submitted ./1UBQ_Results/10.pdb
Checking: https://swissmodel.expasy.org/qmean/zJb2FX.json
Status: QUEUEING
Status: QUEUEING
Status: QUEUEING
Status: QUEUEING
Status: QUEUEING
Status: QUEUEING
Status: QUEUEING
Status: RUNNING
Status: RUNNING
Status: RUNNING
Status: RUNNING
Status: RUNNING
Status: RUNNING
Status: RUNNING
Status: RUNNING
Status: RUNNING
Status: RUNNING
Status: RUNNING
Status: RUNNING
Status: RUNNING
Status: RUNNING
Status: RUNNING
Status: RUNNING
Status: RUNNING
Status: RUNNING
Status: RUNNING
Status: RUNNING
Status: RUNNING
Status: RUNNING
Status: RUNNING
Status: RUNNING
Status: RUNNING
Status: RUNNING
Status: RUNNING
Status: RUNNING
Status: RUNNING
Status: RUNNING
Status: RUNNING
Status: RUNNING
Status: RUNNING
Status: RUNNING
Status: RUNNING
Status: RUNNING
Status: RUNNING
Status: RUNNING
Status: RUNNING
Status: RUNNING
Status: RUNNING
Status: RUNNING
Status: RUNNING
Status: RUNNING
Status: RUNNING
Status: RUNNING
Status: RUNNING
Status: RUNNING
Status: RUNNING
Status: RUNNING
Status: RUNNING
Status: RUNNING
Status: RUNNING
Status: RUNNING
Status: RUNNING
Status: RUNNING
Status: RUNNING
Status: RUNNING
Status: RUNNING
Status: COMPLETED
QMEANDisCo: 0.8053
Mutating chain A, position 34: GLU -> HIS
Submitted ./1UBQ_Results/10.pdb
Checking: https://swissmodel.expasy.org/qmean/eE9YuR.json
Status: QUEUEING
Status: QUEUEING
Status: QUEUEING
Status: QUEUEING
Status: QUEUEING
Status: QUEUEING
Status: QUEUEING
Status: RUNNING
Status: RUNNING
Status: RUNNING
Status: RUNNING
Status: RUNNING
Status: RUNNING
Status: RUNNING
Status: RUNNING
Status: RUNNING
Status: RUNNING
Status: RUNNING
Status: RUNNING
Status: RUNNING
Status: RUNNING
Status: RUNNING
Status: RUNNING
Status: RUNNING
Status: RUNNING
Status: RUNNING
Status: RUNNING
Status: RUNNING
Status: RUNNING
Status: RUNNING
Status: RUNNING
Status: RUNNING
Status: RUNNING
Status: RUNNING
Status: RUNNING
Status: RUNNING
Status: RUNNING
Status: RUNNING
Status: RUNNING
Status: RUNNING
Status: RUNNING
Status: RUNNING
Status: RUNNING
Status: RUNNING
Status: RUNNING
Status: RUNNING
Status: RUNNING
Status: RUNNING
Status: RUNNING
Status: RUNNING
Status: RUNNING
Status: RUNNING
Status: RUNNING
Status: RUNNING
Status: RUNNING
Status: RUNNING
Status: RUNNING
Status: RUNNING
Status: RUNNING
Status: RUNNING
Status: RUNNING
Status: RUNNING
Status: RUNNING
Status: RUNNING
Status: RUNNING
Status: RUNNING
Status: RUNNING
Status: COMPLETED
QMEANDisCo: 0.8184
Mutating chain A, position 23: ILE -> GLU
Submitted ./1UBQ_Results/10.pdb
Checking: https://swissmodel.expasy.org/qmean/n8GmCy.json
Status: QUEUEING
Status: QUEUEING
Status: QUEUEING
Status: QUEUEING
Status: QUEUEING
Status: QUEUEING
Status: QUEUEING
Status: RUNNING
Status: RUNNING
Status: RUNNING
Status: RUNNING
Status: RUNNING
Status: RUNNING
Status: RUNNING
Status: RUNNING
Status: RUNNING
Status: RUNNING
Status: RUNNING
Status: RUNNING
Status: RUNNING
Status: RUNNING
Status: RUNNING
Status: RUNNING
Status: RUNNING
Status: RUNNING
Status: RUNNING
Status: RUNNING
Status: RUNNING
Status: RUNNING
Status: RUNNING
Status: RUNNING
Status: RUNNING
Status: RUNNING
Status: RUNNING
Status: RUNNING
Status: RUNNING
Status: RUNNING
Status: RUNNING
Status: RUNNING
Status: RUNNING
Status: RUNNING
Status: RUNNING
Status: RUNNING
Status: RUNNING
Status: RUNNING
Status: RUNNING
Status: RUNNING
Status: RUNNING
Status: RUNNING
Status: RUNNING
Status: RUNNING
Status: RUNNING
Status: RUNNING
Status: RUNNING
Status: RUNNING
Status: RUNNING
Status: RUNNING
Status: RUNNING
Status: RUNNING
Status: RUNNING
Status: RUNNING
Status: RUNNING
Status: RUNNING
Status: RUNNING
Status: RUNNING
Status: COMPLETED
QMEANDisCo: 0.8014
Mutating chain A, position 69: LEU -> TYR
Submitted ./1UBQ_Results/10.pdb
Checking: https://swissmodel.expasy.org/qmean/4NAdZF.json
Status: QUEUEING
Status: QUEUEING
Status: QUEUEING
Status: QUEUEING
Status: QUEUEING
Status: QUEUEING
Status: QUEUEING
Status: RUNNING
Status: RUNNING
Status: RUNNING
Status: RUNNING
Status: RUNNING
Status: RUNNING
Status: RUNNING
Status: RUNNING
Status: RUNNING
Status: RUNNING
Status: RUNNING
Status: RUNNING
Status: RUNNING
Status: RUNNING
Status: RUNNING
Status: RUNNING
Status: RUNNING
Status: RUNNING
Status: RUNNING
Status: RUNNING
Status: RUNNING
Status: RUNNING
Status: RUNNING
Status: RUNNING
Status: RUNNING
Status: RUNNING
Status: RUNNING
Status: RUNNING
Status: RUNNING
Status: RUNNING
Status: RUNNING
Status: RUNNING
Status: RUNNING
Status: RUNNING
Status: RUNNING
Status: RUNNING
Status: RUNNING
Status: RUNNING
Status: RUNNING
Status: RUNNING
Status: RUNNING
Status: RUNNING
Status: RUNNING
Status: RUNNING
Status: RUNNING
Status: RUNNING
Status: RUNNING
Status: RUNNING
Status: RUNNING
Status: RUNNING
Status: RUNNING
Status: RUNNING
Status: RUNNING
Status: RUNNING
Status: RUNNING
Status: RUNNING
Status: RUNNING
Status: RUNNING
Status: COMPLETED
QMEANDisCo: 0.8273
Mutating chain A, position 11: LYS -> CYS
Submitted ./1UBQ_Results/10.pdb
Checking: https://swissmodel.expasy.org/qmean/Ad4gkS.json
Status: QUEUEING
Status: QUEUEING
Status: QUEUEING
Status: QUEUEING
Status: QUEUEING
Status: QUEUEING
Status: QUEUEING
Status: RUNNING
Status: RUNNING
Status: RUNNING
Status: RUNNING
Status: RUNNING
Status: RUNNING
Status: RUNNING
Status: RUNNING
Status: RUNNING
Status: RUNNING
Status: RUNNING
Status: RUNNING
Status: RUNNING
Status: RUNNING
Status: RUNNING
Status: RUNNING
Status: RUNNING
Status: RUNNING
Status: RUNNING
Status: RUNNING
Status: RUNNING
Status: RUNNING
Status: RUNNING
Status: RUNNING
Status: RUNNING
Status: RUNNING
Status: RUNNING
Status: RUNNING
Status: RUNNING
Status: RUNNING
Status: RUNNING
Status: RUNNING
Status: RUNNING
Status: RUNNING
Status: RUNNING
Status: RUNNING
Status: RUNNING
Status: RUNNING
Status: RUNNING
Status: RUNNING
Status: RUNNING
Status: RUNNING
Status: RUNNING
Status: RUNNING
Status: RUNNING
Status: RUNNING
Status: RUNNING
Status: RUNNING
Status: RUNNING
Status: RUNNING
Status: RUNNING
Status: RUNNING
Status: RUNNING
Status: COMPLETED
QMEANDisCo: 0.8288
Mutating chain A, position 52: ASP -> GLN
Submitted ./1UBQ_Results/10.pdb
Checking: https://swissmodel.expasy.org/qmean/6ctrhf.json
Status: QUEUEING
Status: QUEUEING
Status: QUEUEING
Status: QUEUEING
Status: QUEUEING
Status: QUEUEING
Status: QUEUEING
Status: RUNNING
Status: RUNNING
Status: RUNNING
Status: RUNNING
Status: RUNNING
Status: RUNNING
Status: RUNNING
Status: RUNNING
Status: RUNNING
Status: RUNNING
Status: RUNNING
Status: RUNNING
Status: RUNNING
Status: RUNNING
Status: RUNNING
Status: RUNNING
Status: RUNNING
Status: RUNNING
Status: RUNNING
Status: RUNNING
Status: RUNNING
Status: RUNNING
Status: RUNNING
Status: RUNNING
Status: RUNNING
Status: RUNNING
Status: RUNNING
Status: RUNNING
Status: RUNNING
Status: RUNNING
Status: RUNNING
Status: RUNNING
Status: RUNNING
Status: RUNNING
Status: RUNNING
Status: RUNNING
Status: RUNNING
Status: RUNNING
Status: RUNNING
Status: RUNNING
Status: RUNNING
Status: RUNNING
Status: RUNNING
Status: RUNNING
Status: RUNNING
Status: RUNNING
Status: RUNNING
Status: RUNNING
Status: RUNNING
Status: RUNNING
Status: RUNNING
Status: RUNNING
Status: RUNNING
Status: RUNNING
Status: RUNNING
Status: RUNNING
Status: RUNNING
Status: RUNNING
Status: RUNNING
Status: RUNNING
Status: COMPLETED
QMEANDisCo: 0.8224
Mutating chain A, position 50: GLU -> HIS
Submitted ./1UBQ_Results/10.pdb
Checking: https://swissmodel.expasy.org/qmean/stNt6D.json
Status: QUEUEING
Status: QUEUEING
Status: QUEUEING
Status: QUEUEING
Status: QUEUEING
Status: QUEUEING
Status: QUEUEING
Status: RUNNING
Status: RUNNING
Status: RUNNING
Status: RUNNING
Status: RUNNING
Status: RUNNING
Status: RUNNING
Status: RUNNING
Status: RUNNING
Status: RUNNING
Status: RUNNING
Status: RUNNING
Status: RUNNING
Status: RUNNING
Status: RUNNING
Status: RUNNING
Status: RUNNING
Status: RUNNING
Status: RUNNING
Status: RUNNING
Status: RUNNING
Status: RUNNING
Status: RUNNING
Status: RUNNING
Status: RUNNING
Status: RUNNING
Status: RUNNING
Status: RUNNING
Status: RUNNING
Status: RUNNING
Status: RUNNING
Status: RUNNING
Status: RUNNING
Status: RUNNING
Status: RUNNING
Status: RUNNING
Status: RUNNING
Status: RUNNING
Status: RUNNING
Status: RUNNING
Status: RUNNING
Status: RUNNING
Status: RUNNING
Status: RUNNING
Status: RUNNING
Status: RUNNING
Status: RUNNING
Status: RUNNING
Status: RUNNING
Status: RUNNING
Status: RUNNING
Status: RUNNING
Status: RUNNING
Status: RUNNING
Status: RUNNING
Status: RUNNING
Status: RUNNING
Status: RUNNING
Status: RUNNING
Status: RUNNING
Status: COMPLETED
QMEANDisCo: 0.8161
Mutating chain A, position 74: ARG -> MET
Submitted ./1UBQ_Results/10.pdb
Checking: https://swissmodel.expasy.org/qmean/2wekyL.json
Status: QUEUEING
Status: QUEUEING
Status: QUEUEING
Status: QUEUEING
Status: QUEUEING
Status: QUEUEING
Status: QUEUEING
Status: RUNNING
Status: RUNNING
Status: RUNNING
Status: RUNNING
Status: RUNNING
Status: RUNNING
Status: RUNNING
Status: RUNNING
Status: RUNNING
Status: RUNNING
Status: RUNNING
Status: RUNNING
Status: RUNNING
Status: RUNNING
Status: RUNNING
Status: RUNNING
Status: RUNNING
Status: RUNNING
Status: RUNNING
Status: RUNNING
Status: RUNNING
Status: RUNNING
Status: RUNNING
Status: RUNNING
Status: RUNNING
Status: RUNNING
Status: RUNNING
Status: RUNNING
Status: RUNNING
Status: RUNNING
Status: RUNNING
Status: RUNNING
Status: RUNNING
Status: RUNNING
Status: RUNNING
Status: RUNNING
Status: RUNNING
Status: RUNNING
Status: RUNNING
Status: RUNNING
Status: RUNNING
Status: RUNNING
Status: RUNNING
Status: RUNNING
Status: RUNNING
Status: RUNNING
Status: RUNNING
Status: RUNNING
Status: RUNNING
Status: RUNNING
Status: RUNNING
Status: RUNNING
Status: RUNNING
Status: RUNNING
Status: RUNNING
Status: RUNNING
Status: RUNNING
Status: RUNNING
Status: RUNNING
Status: COMPLETED
QMEANDisCo: 0.8290
Mutating chain A, position 8: LEU -> MET
Submitted ./1UBQ_Results/10.pdb
Checking: https://swissmodel.expasy.org/qmean/sUTNbd.json
Status: QUEUEING
Status: QUEUEING
Status: QUEUEING
Status: QUEUEING
Status: QUEUEING
Status: QUEUEING
Status: QUEUEING
Status: RUNNING
Status: RUNNING
Status: RUNNING
Status: RUNNING
Status: RUNNING
Status: RUNNING
Status: RUNNING
Status: RUNNING
Status: RUNNING
Status: RUNNING
Status: RUNNING
Status: RUNNING
Status: RUNNING
Status: RUNNING
Status: RUNNING
Status: RUNNING
Status: RUNNING
Status: RUNNING
Status: RUNNING
Status: RUNNING
Status: RUNNING
Status: RUNNING
Status: RUNNING
Status: RUNNING
Status: RUNNING
Status: RUNNING
Status: RUNNING
Status: RUNNING
Status: RUNNING
Status: RUNNING
Status: RUNNING
Status: RUNNING
Status: RUNNING
Status: RUNNING
Status: RUNNING
Status: RUNNING
Status: RUNNING
Status: RUNNING
Status: RUNNING
Status: RUNNING
Status: RUNNING
Status: RUNNING
Status: RUNNING
Status: RUNNING
Status: RUNNING
Status: RUNNING
Status: RUNNING
Status: RUNNING
Status: RUNNING
Status: RUNNING
Status: RUNNING
Status: RUNNING
Status: RUNNING
Status: RUNNING
Status: RUNNING
Status: RUNNING
Status: RUNNING
Status: RUNNING
Status: COMPLETED
QMEANDisCo: 0.8232
Mutating chain A, position 23: ILE -> TRP
Submitted ./1UBQ_Results/10.pdb
Checking: https://swissmodel.expasy.org/qmean/DkMZXE.json
Status: QUEUEING
Status: QUEUEING
Status: QUEUEING
Status: QUEUEING
Status: QUEUEING
Status: QUEUEING
Status: QUEUEING
Status: RUNNING
Status: RUNNING
Status: RUNNING
Status: RUNNING
Status: RUNNING
Status: RUNNING
Status: RUNNING
Status: RUNNING
Status: RUNNING
Status: RUNNING
Status: RUNNING
Status: RUNNING
Status: RUNNING
Status: RUNNING
Status: RUNNING
Status: RUNNING
Status: RUNNING
Status: RUNNING
Status: RUNNING
Status: RUNNING
Status: RUNNING
Status: RUNNING
Status: RUNNING
Status: RUNNING
Status: RUNNING
Status: RUNNING
Status: RUNNING
Status: RUNNING
Status: RUNNING
Status: RUNNING
Status: RUNNING
Status: RUNNING
Status: RUNNING
Status: RUNNING
Status: RUNNING
Status: RUNNING
Status: RUNNING
Status: RUNNING
Status: RUNNING
Status: RUNNING
Status: RUNNING
Status: RUNNING
Status: RUNNING
Status: RUNNING
Status: RUNNING
Status: RUNNING
Status: RUNNING
Status: RUNNING
Status: RUNNING
Status: RUNNING
Status: RUNNING
Status: RUNNING
Status: RUNNING
Status: RUNNING
Status: RUNNING
Status: RUNNING
Status: RUNNING
Status: RUNNING
Status: COMPLETED
QMEANDisCo: 0.8100
Mutating chain A, position 2: GLN -> GLY
Submitted ./1UBQ_Results/10.pdb
Checking: https://swissmodel.expasy.org/qmean/zD7FZS.json
Status: QUEUEING
Status: QUEUEING
Status: QUEUEING
Status: QUEUEING
Status: QUEUEING
Status: QUEUEING
Status: QUEUEING
Status: RUNNING
Status: RUNNING
Status: RUNNING
Status: RUNNING
Status: RUNNING
Status: RUNNING
Status: RUNNING
Status: RUNNING
Status: RUNNING
Status: RUNNING
Status: RUNNING
Status: RUNNING
Status: RUNNING
Status: RUNNING
Status: RUNNING
Status: RUNNING
Status: RUNNING
Status: RUNNING
Status: RUNNING
Status: RUNNING
Status: RUNNING
Status: RUNNING
Status: RUNNING
Status: RUNNING
Status: RUNNING
Status: RUNNING
Status: RUNNING
Status: RUNNING
Status: RUNNING
Status: RUNNING
Status: RUNNING
Status: RUNNING
Status: RUNNING
Status: RUNNING
Status: RUNNING
Status: RUNNING
Status: RUNNING
Status: RUNNING
Status: RUNNING
Status: RUNNING
Status: RUNNING
Status: RUNNING
Status: RUNNING
Status: RUNNING
Status: RUNNING
Status: RUNNING
Status: RUNNING
Status: RUNNING
Status: RUNNING
Status: RUNNING
Status: RUNNING
Status: RUNNING
Status: RUNNING
Status: RUNNING
Status: RUNNING
Status: RUNNING
Status: RUNNING
Status: RUNNING
Status: RUNNING
Status: COMPLETED
QMEANDisCo: 0.8261
Mutating chain A, position 2: GLN -> ILE
Submitted ./1UBQ_Results/10.pdb
Checking: https://swissmodel.expasy.org/qmean/yBhfqY.json
Status: QUEUEING
Status: QUEUEING
Status: QUEUEING
Status: QUEUEING
Status: QUEUEING
Status: QUEUEING
Status: QUEUEING
Status: RUNNING
Status: RUNNING
Status: RUNNING
Status: RUNNING
Status: RUNNING
Status: RUNNING
Status: RUNNING
Status: RUNNING
Status: RUNNING
Status: RUNNING
Status: RUNNING
Status: RUNNING
Status: RUNNING
Status: RUNNING
Status: RUNNING
Status: RUNNING
Status: RUNNING
Status: RUNNING
Status: RUNNING
Status: RUNNING
Status: RUNNING
Status: RUNNING
Status: RUNNING
Status: RUNNING
Status: RUNNING
Status: RUNNING
Status: RUNNING
Status: RUNNING
Status: RUNNING
Status: RUNNING
Status: RUNNING
Status: RUNNING
Status: RUNNING
Status: RUNNING
Status: RUNNING
Status: RUNNING
Status: RUNNING
Status: RUNNING
Status: RUNNING
Status: RUNNING
Status: RUNNING
Status: RUNNING
Status: RUNNING
Status: RUNNING
Status: RUNNING
Status: RUNNING
Status: RUNNING
Status: RUNNING
Status: RUNNING
Status: RUNNING
Status: RUNNING
Status: RUNNING
Status: RUNNING
Status: RUNNING
Status: RUNNING
Status: RUNNING
Status: RUNNING
Status: RUNNING
Status: RUNNING
Status: COMPLETED
QMEANDisCo: 0.8276
Mutating chain A, position 36: VAL -> MET
Submitted ./1UBQ_Results/10.pdb
Checking: https://swissmodel.expasy.org/qmean/VsLex7.json
Status: QUEUEING
Status: QUEUEING
Status: QUEUEING
Status: QUEUEING
Status: QUEUEING
Status: QUEUEING
Status: QUEUEING
Status: RUNNING
Status: RUNNING
Status: RUNNING
Status: RUNNING
Status: RUNNING
Status: RUNNING
Status: RUNNING
Status: RUNNING
Status: RUNNING
Status: RUNNING
Status: RUNNING
Status: RUNNING
Status: RUNNING
Status: RUNNING
Status: RUNNING
Status: RUNNING
Status: RUNNING
Status: RUNNING
Status: RUNNING
Status: RUNNING
Status: RUNNING
Status: RUNNING
Status: RUNNING
Status: RUNNING
Status: RUNNING
Status: RUNNING
Status: RUNNING
Status: RUNNING
Status: RUNNING
Status: RUNNING
Status: RUNNING
Status: RUNNING
Status: RUNNING
Status: RUNNING
Status: RUNNING
Status: RUNNING
Status: RUNNING
Status: RUNNING
Status: RUNNING
Status: RUNNING
Status: RUNNING
Status: RUNNING
Status: RUNNING
Status: RUNNING
Status: RUNNING
Status: RUNNING
Status: RUNNING
Status: RUNNING
Status: RUNNING
Status: RUNNING
Status: RUNNING
Status: RUNNING
Status: RUNNING
Status: RUNNING
Status: RUNNING
Status: RUNNING
Status: RUNNING
Status: RUNNING
Status: RUNNING
Status: COMPLETED
QMEANDisCo: 0.8249
Mutating chain A, position 17: VAL -> TYR
Submitted ./1UBQ_Results/10.pdb
Checking: https://swissmodel.expasy.org/qmean/QcUuaK.json
Status: QUEUEING
Status: QUEUEING
Status: QUEUEING
Status: QUEUEING
Status: QUEUEING
Status: QUEUEING
Status: QUEUEING
Status: RUNNING
Status: RUNNING
Status: RUNNING
Status: RUNNING
Status: RUNNING
Status: RUNNING
Status: RUNNING
Status: RUNNING
Status: RUNNING
Status: RUNNING
Status: RUNNING
Status: RUNNING
Status: RUNNING
Status: RUNNING
Status: RUNNING
Status: RUNNING
Status: RUNNING
Status: RUNNING
Status: RUNNING
Status: RUNNING
Status: RUNNING
Status: RUNNING
Status: RUNNING
Status: RUNNING
Status: RUNNING
Status: RUNNING
Status: RUNNING
Status: RUNNING
Status: RUNNING
Status: RUNNING
Status: RUNNING
Status: RUNNING
Status: RUNNING
Status: RUNNING
Status: RUNNING
Status: RUNNING
Status: RUNNING
Status: RUNNING
Status: RUNNING
Status: RUNNING
Status: RUNNING
Status: RUNNING
Status: RUNNING
Status: RUNNING
Status: RUNNING
Status: RUNNING
Status: RUNNING
Status: RUNNING
Status: RUNNING
Status: RUNNING
Status: RUNNING
Status: RUNNING
Status: RUNNING
Status: RUNNING
Status: RUNNING
Status: RUNNING
Status: RUNNING
Status: RUNNING
Status: RUNNING
Status: COMPLETED
QMEANDisCo: 0.8199
Mutating chain A, position 50: GLU -> SER
Submitted ./1UBQ_Results/10.pdb
Checking: https://swissmodel.expasy.org/qmean/wMwrKt.json
Status: QUEUEING
Status: QUEUEING
Status: QUEUEING
Status: QUEUEING
Status: QUEUEING
Status: QUEUEING
Status: QUEUEING
Status: RUNNING
Status: RUNNING
Status: RUNNING
Status: RUNNING
Status: RUNNING
Status: RUNNING
Status: RUNNING
Status: RUNNING
Status: RUNNING
Status: RUNNING
Status: RUNNING
Status: RUNNING
Status: RUNNING
Status: RUNNING
Status: RUNNING
Status: RUNNING
Status: RUNNING
Status: RUNNING
Status: RUNNING
Status: RUNNING
Status: RUNNING
Status: RUNNING
Status: RUNNING
Status: RUNNING
Status: RUNNING
Status: RUNNING
Status: RUNNING
Status: RUNNING
Status: RUNNING
Status: RUNNING
Status: RUNNING
Status: RUNNING
Status: RUNNING
Status: RUNNING
Status: RUNNING
Status: RUNNING
Status: RUNNING
Status: RUNNING
Status: RUNNING
Status: RUNNING
Status: RUNNING
Status: RUNNING
Status: RUNNING
Status: RUNNING
Status: RUNNING
Status: RUNNING
Status: RUNNING
Status: RUNNING
Status: RUNNING
Status: RUNNING
Status: RUNNING
Status: RUNNING
Status: RUNNING
Status: RUNNING
Status: RUNNING
Status: RUNNING
Status: RUNNING
Status: RUNNING
Status: COMPLETED
QMEANDisCo: 0.8357
Mutating chain A, position 40: GLN -> PRO
Submitted ./1UBQ_Results/11.pdb
Checking: https://swissmodel.expasy.org/qmean/BvdXca.json
Status: QUEUEING
Status: QUEUEING
Status: QUEUEING
Status: QUEUEING
Status: QUEUEING
Status: QUEUEING
Status: QUEUEING
Status: RUNNING
Status: RUNNING
Status: RUNNING
Status: RUNNING
Status: RUNNING
Status: RUNNING
Status: RUNNING
Status: RUNNING
Status: RUNNING
Status: RUNNING
Status: RUNNING
Status: RUNNING
Status: RUNNING
Status: RUNNING
Status: RUNNING
Status: RUNNING
Status: RUNNING
Status: RUNNING
Status: RUNNING
Status: RUNNING
Status: RUNNING
Status: RUNNING
Status: RUNNING
Status: RUNNING
Status: RUNNING
Status: RUNNING
Status: RUNNING
Status: RUNNING
Status: RUNNING
Status: RUNNING
Status: RUNNING
Status: RUNNING
Status: RUNNING
Status: RUNNING
Status: RUNNING
Status: RUNNING
Status: RUNNING
Status: RUNNING
Status: RUNNING
Status: RUNNING
Status: RUNNING
Status: RUNNING
Status: RUNNING
Status: RUNNING
Status: RUNNING
Status: RUNNING
Status: RUNNING
Status: RUNNING
Status: RUNNING
Status: RUNNING
Status: RUNNING
Status: RUNNING
Status: RUNNING
Status: RUNNING
Status: RUNNING
Status: RUNNING
Status: RUNNING
Status: RUNNING
Status: RUNNING
Status: COMPLETED
QMEANDisCo: 0.8340
Mutating chain A, position 29: LYS -> TRP
Submitted ./1UBQ_Results/11.pdb
Checking: https://swissmodel.expasy.org/qmean/JpA2mC.json
Status: QUEUEING
Status: QUEUEING
Status: QUEUEING
Status: QUEUEING
Status: QUEUEING
Status: QUEUEING
Status: QUEUEING
Status: RUNNING
Status: RUNNING
Status: RUNNING
Status: RUNNING
Status: RUNNING
Status: RUNNING
Status: RUNNING
Status: RUNNING
Status: RUNNING
Status: RUNNING
Status: RUNNING
Status: RUNNING
Status: RUNNING
Status: RUNNING
Status: RUNNING
Status: RUNNING
Status: RUNNING
Status: RUNNING
Status: RUNNING
Status: RUNNING
Status: RUNNING
Status: RUNNING
Status: RUNNING
Status: RUNNING
Status: RUNNING
Status: RUNNING
Status: RUNNING
Status: RUNNING
Status: RUNNING
Status: RUNNING
Status: RUNNING
Status: RUNNING
Status: RUNNING
Status: RUNNING
Status: RUNNING
Status: RUNNING
Status: RUNNING
Status: RUNNING
Status: RUNNING
Status: RUNNING
Status: RUNNING
Status: RUNNING
Status: RUNNING
Status: RUNNING
Status: RUNNING
Status: RUNNING
Status: RUNNING
Status: RUNNING
Status: RUNNING
Status: RUNNING
Status: RUNNING
Status: RUNNING
Status: RUNNING
Status: RUNNING
Status: RUNNING
Status: RUNNING
Status: RUNNING
Status: RUNNING
Status: RUNNING
Status: RUNNING
Status: COMPLETED
QMEANDisCo: 0.8005
Mutating chain A, position 57: SER -> GLN
Submitted ./1UBQ_Results/11.pdb
Checking: https://swissmodel.expasy.org/qmean/ERYECa.json
Status: QUEUEING
Status: QUEUEING
Status: QUEUEING
Status: QUEUEING
Status: QUEUEING
Status: QUEUEING
Status: QUEUEING
Status: RUNNING
Status: RUNNING
Status: RUNNING
Status: RUNNING
Status: RUNNING
Status: RUNNING
Status: RUNNING
Status: RUNNING
Status: RUNNING
Status: RUNNING
Status: RUNNING
Status: RUNNING
Status: RUNNING
Status: RUNNING
Status: RUNNING
Status: RUNNING
Status: RUNNING
Status: RUNNING
Status: RUNNING
Status: RUNNING
Status: RUNNING
Status: RUNNING
Status: RUNNING
Status: RUNNING
Status: RUNNING
Status: RUNNING
Status: RUNNING
Status: RUNNING
Status: RUNNING
Status: RUNNING
Status: RUNNING
Status: RUNNING
Status: RUNNING
Status: RUNNING
Status: RUNNING
Status: RUNNING
Status: RUNNING
Status: RUNNING
Status: RUNNING
Status: RUNNING
Status: RUNNING
Status: RUNNING
Status: RUNNING
Status: RUNNING
Status: RUNNING
Status: RUNNING
Status: RUNNING
Status: RUNNING
Status: RUNNING
Status: RUNNING
Status: RUNNING
Status: RUNNING
Status: RUNNING
Status: RUNNING
Status: RUNNING
Status: RUNNING
Status: RUNNING
Status: RUNNING
Status: RUNNING
Status: COMPLETED
QMEANDisCo: 0.8353
Mutating chain A, position 10: GLY -> LEU
Submitted ./1UBQ_Results/12.pdb
Checking: https://swissmodel.expasy.org/qmean/t8t5pV.json
Status: QUEUEING
Status: QUEUEING
Status: QUEUEING
Status: QUEUEING
Status: QUEUEING
Status: QUEUEING
Status: QUEUEING
Status: RUNNING
Status: RUNNING
Status: RUNNING
Status: RUNNING
Status: RUNNING
Status: RUNNING
Status: RUNNING
Status: RUNNING
Status: RUNNING
Status: RUNNING
Status: RUNNING
Status: RUNNING
Status: RUNNING
Status: RUNNING
Status: RUNNING
Status: RUNNING
Status: RUNNING
Status: RUNNING
Status: RUNNING
Status: RUNNING
Status: RUNNING
Status: RUNNING
Status: RUNNING
Status: RUNNING
Status: RUNNING
Status: RUNNING
Status: RUNNING
Status: RUNNING
Status: RUNNING
Status: RUNNING
Status: RUNNING
Status: RUNNING
Status: RUNNING
Status: RUNNING
Status: RUNNING
Status: RUNNING
Status: RUNNING
Status: RUNNING
Status: RUNNING
Status: RUNNING
Status: RUNNING
Status: RUNNING
Status: RUNNING
Status: RUNNING
Status: RUNNING
Status: RUNNING
Status: RUNNING
Status: RUNNING
Status: RUNNING
Status: RUNNING
Status: RUNNING
Status: RUNNING
Status: RUNNING
Status: RUNNING
Status: RUNNING
Status: RUNNING
Status: RUNNING
Status: RUNNING
Status: COMPLETED
QMEANDisCo: 0.8134
Mutating chain A, position 57: GLN -> TYR
Submitted ./1UBQ_Results/12.pdb
Checking: https://swissmodel.expasy.org/qmean/2d5gpq.json
Status: QUEUEING
Status: QUEUEING
Status: QUEUEING
Status: QUEUEING
Status: QUEUEING
Status: QUEUEING
Status: QUEUEING
Status: RUNNING
Status: RUNNING
Status: RUNNING
Status: RUNNING
Status: RUNNING
Status: RUNNING
Status: RUNNING
Status: RUNNING
Status: RUNNING
Status: RUNNING
Status: RUNNING
Status: RUNNING
Status: RUNNING
Status: RUNNING
Status: RUNNING
Status: RUNNING
Status: RUNNING
Status: RUNNING
Status: RUNNING
Status: RUNNING
Status: RUNNING
Status: RUNNING
Status: RUNNING
Status: RUNNING
Status: RUNNING
Status: RUNNING
Status: RUNNING
Status: RUNNING
Status: RUNNING
Status: RUNNING
Status: RUNNING
Status: RUNNING
Status: RUNNING
Status: RUNNING
Status: RUNNING
Status: RUNNING
Status: RUNNING
Status: RUNNING
Status: RUNNING
Status: RUNNING
Status: RUNNING
Status: RUNNING
Status: RUNNING
Status: RUNNING
Status: RUNNING
Status: RUNNING
Status: RUNNING
Status: RUNNING
Status: RUNNING
Status: RUNNING
Status: RUNNING
Status: RUNNING
Status: RUNNING
Status: RUNNING
Status: RUNNING
Status: RUNNING
Status: RUNNING
Status: RUNNING
Status: COMPLETED
QMEANDisCo: 0.8060
Mutating chain A, position 56: LEU -> PHE
Submitted ./1UBQ_Results/12.pdb
Checking: https://swissmodel.expasy.org/qmean/TPNB7m.json
Status: QUEUEING
Status: QUEUEING
Status: QUEUEING
Status: QUEUEING
Status: QUEUEING
Status: QUEUEING
Status: QUEUEING
Status: QUEUEING
Status: RUNNING
Status: RUNNING
Status: RUNNING
Status: RUNNING
Status: RUNNING
Status: RUNNING
Status: RUNNING
Status: RUNNING
Status: RUNNING
Status: RUNNING
Status: RUNNING
Status: RUNNING
Status: RUNNING
Status: RUNNING
Status: RUNNING
Status: RUNNING
Status: RUNNING
Status: RUNNING
Status: RUNNING
Status: RUNNING
Status: RUNNING
Status: RUNNING
Status: RUNNING
Status: RUNNING
Status: RUNNING
Status: RUNNING
Status: RUNNING
Status: RUNNING
Status: RUNNING
Status: RUNNING
Status: RUNNING
Status: RUNNING
Status: RUNNING
Status: RUNNING
Status: RUNNING
Status: RUNNING
Status: RUNNING
Status: RUNNING
Status: RUNNING
Status: RUNNING
Status: RUNNING
Status: RUNNING
Status: RUNNING
Status: RUNNING
Status: RUNNING
Status: RUNNING
Status: RUNNING
Status: RUNNING
Status: RUNNING
Status: RUNNING
Status: RUNNING
Status: RUNNING
Status: RUNNING
Status: RUNNING
Status: RUNNING
Status: RUNNING
Status: RUNNING
Status: RUNNING
Status: RUNNING
Status: COMPLETED
QMEANDisCo: 0.8131
Mutating chain A, position 26: VAL -> GLN
Submitted ./1UBQ_Results/12.pdb
Checking: https://swissmodel.expasy.org/qmean/Gd8GBQ.json
Status: QUEUEING
Status: QUEUEING
Status: QUEUEING
Status: QUEUEING
Status: QUEUEING
Status: QUEUEING
Status: QUEUEING
Status: QUEUEING
Status: RUNNING
Status: RUNNING
Status: RUNNING
Status: RUNNING
Status: RUNNING
Status: RUNNING
Status: RUNNING
Status: RUNNING
Status: RUNNING
Status: RUNNING
Status: RUNNING
Status: RUNNING
Status: RUNNING
Status: RUNNING
Status: RUNNING
Status: RUNNING
Status: RUNNING
Status: RUNNING
Status: RUNNING
Status: RUNNING
Status: RUNNING
Status: RUNNING
Status: RUNNING
Status: RUNNING
Status: RUNNING
Status: RUNNING
Status: RUNNING
Status: RUNNING
Status: RUNNING
Status: RUNNING
Status: RUNNING
Status: RUNNING
Status: RUNNING
Status: RUNNING
Status: RUNNING
Status: RUNNING
Status: RUNNING
Status: RUNNING
Status: RUNNING
Status: RUNNING
Status: RUNNING
Status: RUNNING
Status: RUNNING
Status: RUNNING
Status: RUNNING
Status: RUNNING
Status: RUNNING
Status: RUNNING
Status: RUNNING
Status: RUNNING
Status: RUNNING
Status: RUNNING
Status: RUNNING
Status: RUNNING
Status: RUNNING
Status: RUNNING
Status: RUNNING
Status: RUNNING
Status: COMPLETED
QMEANDisCo: 0.8196
Mutating chain A, position 74: ARG -> GLY
Submitted ./1UBQ_Results/12.pdb
Checking: https://swissmodel.expasy.org/qmean/aeneTB.json
Status: QUEUEING
Status: QUEUEING
Status: QUEUEING
Status: QUEUEING
Status: QUEUEING
Status: QUEUEING
Status: QUEUEING
Status: RUNNING
Status: RUNNING
Status: RUNNING
Status: RUNNING
Status: RUNNING
Status: RUNNING
Status: RUNNING
Status: RUNNING
Status: RUNNING
Status: RUNNING
Status: RUNNING
Status: RUNNING
Status: RUNNING
Status: RUNNING
Status: RUNNING
Status: RUNNING
Status: RUNNING
Status: RUNNING
Status: RUNNING
Status: RUNNING
Status: RUNNING
Status: RUNNING
Status: RUNNING
Status: RUNNING
Status: RUNNING
Status: RUNNING
Status: RUNNING
Status: RUNNING
Status: RUNNING
Status: RUNNING
Status: RUNNING
Status: RUNNING
Status: RUNNING
Status: RUNNING
Status: RUNNING
Status: RUNNING
Status: RUNNING
Status: RUNNING
Status: RUNNING
Status: RUNNING
Status: RUNNING
Status: RUNNING
Status: RUNNING
Status: RUNNING
Status: RUNNING
Status: RUNNING
Status: RUNNING
Status: RUNNING
Status: RUNNING
Status: RUNNING
Status: RUNNING
Status: RUNNING
Status: RUNNING
Status: RUNNING
Status: RUNNING
Status: RUNNING
Status: RUNNING
Status: RUNNING
Status: RUNNING
Status: COMPLETED
QMEANDisCo: 0.8318
Mutating chain A, position 49: CYS -> ALA
Submitted ./1UBQ_Results/12.pdb
Checking: https://swissmodel.expasy.org/qmean/9Qyydk.json
Status: QUEUEING
Status: QUEUEING
Status: QUEUEING
Status: QUEUEING
Status: QUEUEING
Status: QUEUEING
Status: QUEUEING
Status: RUNNING
Status: RUNNING
Status: RUNNING
Status: RUNNING
Status: RUNNING
Status: RUNNING
Status: RUNNING
Status: RUNNING
Status: RUNNING
Status: RUNNING
Status: RUNNING
Status: RUNNING
Status: RUNNING
Status: RUNNING
Status: RUNNING
Status: RUNNING
Status: RUNNING
Status: RUNNING
Status: RUNNING
Status: RUNNING
Status: RUNNING
Status: RUNNING
Status: RUNNING
Status: RUNNING
Status: RUNNING
Status: RUNNING
Status: RUNNING
Status: RUNNING
Status: RUNNING
Status: RUNNING
Status: RUNNING
Status: RUNNING
Status: RUNNING
Status: RUNNING
Status: RUNNING
Status: RUNNING
Status: RUNNING
Status: RUNNING
Status: RUNNING
Status: RUNNING
Status: RUNNING
Status: RUNNING
Status: RUNNING
Status: RUNNING
Status: RUNNING
Status: RUNNING
Status: RUNNING
Status: RUNNING
Status: RUNNING
Status: RUNNING
Status: RUNNING
Status: RUNNING
Status: RUNNING
Status: RUNNING
Status: RUNNING
Status: RUNNING
Status: RUNNING
Status: RUNNING
Status: RUNNING
Status: COMPLETED
QMEANDisCo: 0.8263
Mutating chain A, position 9: THR -> GLN
Submitted ./1UBQ_Results/12.pdb
Checking: https://swissmodel.expasy.org/qmean/SJn74H.json
Status: QUEUEING
Status: QUEUEING
Status: QUEUEING
Status: QUEUEING
Status: QUEUEING
Status: QUEUEING
Status: QUEUEING
Status: RUNNING
Status: RUNNING
Status: RUNNING
Status: RUNNING
Status: RUNNING
Status: RUNNING
Status: RUNNING
Status: RUNNING
Status: RUNNING
Status: RUNNING
Status: RUNNING
Status: RUNNING
Status: RUNNING
Status: RUNNING
Status: RUNNING
Status: RUNNING
Status: RUNNING
Status: RUNNING
Status: RUNNING
Status: RUNNING
Status: RUNNING
Status: RUNNING
Status: RUNNING
Status: RUNNING
Status: RUNNING
Status: RUNNING
Status: RUNNING
Status: RUNNING
Status: RUNNING
Status: RUNNING
Status: RUNNING
Status: RUNNING
Status: RUNNING
Status: RUNNING
Status: RUNNING
Status: RUNNING
Status: RUNNING
Status: RUNNING
Status: RUNNING
Status: RUNNING
Status: RUNNING
Status: RUNNING
Status: RUNNING
Status: RUNNING
Status: RUNNING
Status: RUNNING
Status: RUNNING
Status: RUNNING
Status: RUNNING
Status: RUNNING
Status: RUNNING
Status: RUNNING
Status: RUNNING
Status: RUNNING
Status: RUNNING
Status: RUNNING
Status: RUNNING
Status: RUNNING
Status: RUNNING
Status: RUNNING
Status: COMPLETED
QMEANDisCo: 0.8333
Mutating chain A, position 65: SER -> ASN
Submitted ./1UBQ_Results/12.pdb
Checking: https://swissmodel.expasy.org/qmean/XG7sbG.json
Status: QUEUEING
Status: QUEUEING
Status: QUEUEING
Status: QUEUEING
Status: QUEUEING
Status: QUEUEING
Status: QUEUEING
Status: RUNNING
Status: RUNNING
Status: RUNNING
Status: RUNNING
Status: RUNNING
Status: RUNNING
Status: RUNNING
Status: RUNNING
Status: RUNNING
Status: RUNNING
Status: RUNNING
Status: RUNNING
Status: RUNNING
Status: RUNNING
Status: RUNNING
Status: RUNNING
Status: RUNNING
Status: RUNNING
Status: RUNNING
Status: RUNNING
Status: RUNNING
Status: RUNNING
Status: RUNNING
Status: RUNNING
Status: RUNNING
Status: RUNNING
Status: RUNNING
Status: RUNNING
Status: RUNNING
Status: RUNNING
Status: RUNNING
Status: RUNNING
Status: RUNNING
Status: RUNNING
Status: RUNNING
Status: RUNNING
Status: RUNNING
Status: RUNNING
Status: RUNNING
Status: RUNNING
Status: RUNNING
Status: RUNNING
Status: RUNNING
Status: RUNNING
Status: RUNNING
Status: RUNNING
Status: RUNNING
Status: RUNNING
Status: RUNNING
Status: RUNNING
Status: RUNNING
Status: RUNNING
Status: RUNNING
Status: RUNNING
Status: RUNNING
Status: RUNNING
Status: RUNNING
Status: RUNNING
Status: RUNNING
Status: RUNNING
Status: COMPLETED
QMEANDisCo: 0.8143
Mutating chain A, position 20: SER -> ILE
Submitted ./1UBQ_Results/12.pdb
Checking: https://swissmodel.expasy.org/qmean/VGpKvM.json
Status: QUEUEING
Status: QUEUEING
Status: QUEUEING
Status: QUEUEING
Status: QUEUEING
Status: QUEUEING
Status: QUEUEING
Status: RUNNING
Status: RUNNING
Status: RUNNING
Status: RUNNING
Status: RUNNING
Status: RUNNING
Status: RUNNING
Status: RUNNING
Status: RUNNING
Status: RUNNING
Status: RUNNING
Status: RUNNING
Status: RUNNING
Status: RUNNING
Status: RUNNING
Status: RUNNING
Status: RUNNING
Status: RUNNING
Status: RUNNING
Status: RUNNING
Status: RUNNING
Status: RUNNING
Status: RUNNING
Status: RUNNING
Status: RUNNING
Status: RUNNING
Status: RUNNING
Status: RUNNING
Status: RUNNING
Status: RUNNING
Status: RUNNING
Status: RUNNING
Status: RUNNING
Status: RUNNING
Status: RUNNING
Status: RUNNING
Status: RUNNING
Status: RUNNING
Status: RUNNING
Status: RUNNING
Status: RUNNING
Status: RUNNING
Status: RUNNING
Status: RUNNING
Status: RUNNING
Status: RUNNING
Status: RUNNING
Status: RUNNING
Status: RUNNING
Status: RUNNING
Status: RUNNING
Status: RUNNING
Status: RUNNING
Status: RUNNING
Status: RUNNING
Status: RUNNING
Status: RUNNING
Status: RUNNING
Status: COMPLETED
QMEANDisCo: 0.8231
Mutating chain A, position 20: SER -> THR
Submitted ./1UBQ_Results/12.pdb
Checking: https://swissmodel.expasy.org/qmean/yBwrBG.json
Status: QUEUEING
Status: QUEUEING
Status: QUEUEING
Status: QUEUEING
Status: QUEUEING
Status: QUEUEING
Status: QUEUEING
Status: RUNNING
Status: RUNNING
Status: RUNNING
Status: RUNNING
Status: RUNNING
Status: RUNNING
Status: RUNNING
Status: RUNNING
Status: RUNNING
Status: RUNNING
Status: RUNNING
Status: RUNNING
Status: RUNNING
Status: RUNNING
Status: RUNNING
Status: RUNNING
Status: RUNNING
Status: RUNNING
Status: RUNNING
Status: RUNNING
Status: RUNNING
Status: RUNNING
Status: RUNNING
Status: RUNNING
Status: RUNNING
Status: RUNNING
Status: RUNNING
Status: RUNNING
Status: RUNNING
Status: RUNNING
Status: RUNNING
Status: RUNNING
Status: RUNNING
Status: RUNNING
Status: RUNNING
Status: RUNNING
Status: RUNNING
Status: RUNNING
Status: RUNNING
Status: RUNNING
Status: RUNNING
Status: RUNNING
Status: RUNNING
Status: RUNNING
Status: RUNNING
Status: RUNNING
Status: RUNNING
Status: RUNNING
Status: RUNNING
Status: RUNNING
Status: RUNNING
Status: RUNNING
Status: RUNNING
Status: RUNNING
Status: RUNNING
Status: RUNNING
Status: RUNNING
Status: RUNNING
Status: COMPLETED
QMEANDisCo: 0.8341
Mutating chain A, position 65: SER -> MET
Submitted ./1UBQ_Results/12.pdb
Checking: https://swissmodel.expasy.org/qmean/HZpydM.json
Status: QUEUEING
Status: QUEUEING
Status: QUEUEING
Status: QUEUEING
Status: QUEUEING
Status: QUEUEING
Status: QUEUEING
Status: RUNNING
Status: RUNNING
Status: RUNNING
Status: RUNNING
Status: RUNNING
Status: RUNNING
Status: RUNNING
Status: RUNNING
Status: RUNNING
Status: RUNNING
Status: RUNNING
Status: RUNNING
Status: RUNNING
Status: RUNNING
Status: RUNNING
Status: RUNNING
Status: RUNNING
Status: RUNNING
Status: RUNNING
Status: RUNNING
Status: RUNNING
Status: RUNNING
Status: RUNNING
Status: RUNNING
Status: RUNNING
Status: RUNNING
Status: RUNNING
Status: RUNNING
Status: RUNNING
Status: RUNNING
Status: RUNNING
Status: RUNNING
Status: RUNNING
Status: RUNNING
Status: RUNNING
Status: RUNNING
Status: RUNNING
Status: RUNNING
Status: RUNNING
Status: RUNNING
Status: RUNNING
Status: RUNNING
Status: RUNNING
Status: RUNNING
Status: RUNNING
Status: RUNNING
Status: RUNNING
Status: RUNNING
Status: RUNNING
Status: RUNNING
Status: RUNNING
Status: RUNNING
Status: RUNNING
Status: RUNNING
Status: RUNNING
Status: RUNNING
Status: RUNNING
Status: RUNNING
Status: RUNNING
Status: COMPLETED
QMEANDisCo: 0.8125
Mutating chain A, position 57: GLN -> LEU
Submitted ./1UBQ_Results/12.pdb
Checking: https://swissmodel.expasy.org/qmean/bNNVa4.json
Status: QUEUEING
Status: QUEUEING
Status: QUEUEING
Status: QUEUEING
Status: QUEUEING
Status: QUEUEING
Status: QUEUEING
Status: RUNNING
Status: RUNNING
Status: RUNNING
Status: RUNNING
Status: RUNNING
Status: RUNNING
Status: RUNNING
Status: RUNNING
Status: RUNNING
Status: RUNNING
Status: RUNNING
Status: RUNNING
Status: RUNNING
Status: RUNNING
Status: RUNNING
Status: RUNNING
Status: RUNNING
Status: RUNNING
Status: RUNNING
Status: RUNNING
Status: RUNNING
Status: RUNNING
Status: RUNNING
Status: RUNNING
Status: RUNNING
Status: RUNNING
Status: RUNNING
Status: RUNNING
Status: RUNNING
Status: RUNNING
Status: RUNNING
Status: RUNNING
Status: RUNNING
Status: RUNNING
Status: RUNNING
Status: RUNNING
Status: RUNNING
Status: RUNNING
Status: RUNNING
Status: RUNNING
Status: RUNNING
Status: RUNNING
Status: RUNNING
Status: RUNNING
Status: RUNNING
Status: RUNNING
Status: RUNNING
Status: RUNNING
Status: RUNNING
Status: RUNNING
Status: RUNNING
Status: RUNNING
Status: RUNNING
Status: RUNNING
Status: RUNNING
Status: RUNNING
Status: RUNNING
Status: RUNNING
Status: RUNNING
Status: COMPLETED
QMEANDisCo: 0.8231
Mutating chain A, position 24: GLU -> HIS
Submitted ./1UBQ_Results/12.pdb
Checking: https://swissmodel.expasy.org/qmean/xZN52f.json
Status: QUEUEING
Status: QUEUEING
Status: QUEUEING
Status: QUEUEING
Status: QUEUEING
Status: QUEUEING
Status: QUEUEING
Status: RUNNING
Status: RUNNING
Status: RUNNING
Status: RUNNING
Status: RUNNING
Status: RUNNING
Status: RUNNING
Status: RUNNING
Status: RUNNING
Status: RUNNING
Status: RUNNING
Status: RUNNING
Status: RUNNING
Status: RUNNING
Status: RUNNING
Status: RUNNING
Status: RUNNING
Status: RUNNING
Status: RUNNING
Status: RUNNING
Status: RUNNING
Status: RUNNING
Status: RUNNING
Status: RUNNING
Status: RUNNING
Status: RUNNING
Status: RUNNING
Status: RUNNING
Status: RUNNING
Status: RUNNING
Status: RUNNING
Status: RUNNING
Status: RUNNING
Status: RUNNING
Status: RUNNING
Status: RUNNING
Status: RUNNING
Status: RUNNING
Status: RUNNING
Status: RUNNING
Status: RUNNING
Status: RUNNING
Status: RUNNING
Status: RUNNING
Status: RUNNING
Status: RUNNING
Status: RUNNING
Status: RUNNING
Status: RUNNING
Status: RUNNING
Status: RUNNING
Status: RUNNING
Status: RUNNING
Status: RUNNING
Status: RUNNING
Status: RUNNING
Status: RUNNING
Status: RUNNING
Status: RUNNING
Status: COMPLETED
QMEANDisCo: 0.8365
Mutating chain A, position 70: VAL -> THR
Submitted ./1UBQ_Results/13.pdb
Checking: https://swissmodel.expasy.org/qmean/P6Ydp5.json
Status: QUEUEING
Status: QUEUEING
Status: QUEUEING
Status: QUEUEING
Status: QUEUEING
Status: QUEUEING
Status: QUEUEING
Status: RUNNING
Status: RUNNING
Status: RUNNING
Status: RUNNING
Status: RUNNING
Status: RUNNING
Status: RUNNING
Status: RUNNING
Status: RUNNING
Status: RUNNING
Status: RUNNING
Status: RUNNING
Status: RUNNING
Status: RUNNING
Status: RUNNING
Status: RUNNING
Status: RUNNING
Status: RUNNING
Status: RUNNING
Status: RUNNING
Status: RUNNING
Status: RUNNING
Status: RUNNING
Status: RUNNING
Status: RUNNING
Status: RUNNING
Status: RUNNING
Status: RUNNING
Status: RUNNING
Status: RUNNING
Status: RUNNING
Status: RUNNING
Status: RUNNING
Status: RUNNING
Status: RUNNING
Status: RUNNING
Status: RUNNING
Status: RUNNING
Status: RUNNING
Status: RUNNING
Status: RUNNING
Status: RUNNING
Status: RUNNING
Status: RUNNING
Status: RUNNING
Status: RUNNING
Status: RUNNING
Status: RUNNING
Status: RUNNING
Status: RUNNING
Status: RUNNING
Status: RUNNING
Status: RUNNING
Status: COMPLETED
QMEANDisCo: 0.8123
Mutating chain A, position 73: LEU -> GLU
Submitted ./1UBQ_Results/13.pdb
Checking: https://swissmodel.expasy.org/qmean/3Dz596.json
Status: QUEUEING
Status: QUEUEING
Status: QUEUEING
Status: QUEUEING
Status: QUEUEING
Status: RUNNING
Status: RUNNING
Status: RUNNING
Status: RUNNING
Status: RUNNING
Status: RUNNING
Status: RUNNING
Status: RUNNING
Status: RUNNING
Status: RUNNING
Status: RUNNING
Status: RUNNING
Status: RUNNING
Status: RUNNING
Status: RUNNING
Status: RUNNING
Status: RUNNING
Status: RUNNING
Status: RUNNING
Status: RUNNING
Status: RUNNING
Status: RUNNING
Status: RUNNING
Status: RUNNING
Status: RUNNING
Status: RUNNING
Status: RUNNING
Status: RUNNING
Status: RUNNING
Status: RUNNING
Status: RUNNING
Status: RUNNING
Status: RUNNING
Status: RUNNING
Status: RUNNING
Status: RUNNING
Status: RUNNING
Status: RUNNING
Status: RUNNING
Status: RUNNING
Status: RUNNING
Status: RUNNING
Status: RUNNING
Status: RUNNING
Status: RUNNING
Status: RUNNING
Status: RUNNING
Status: RUNNING
Status: RUNNING
Status: RUNNING
Status: RUNNING
Status: RUNNING
Status: RUNNING
Status: RUNNING
Status: RUNNING
Status: RUNNING
Status: RUNNING
Status: RUNNING
Status: RUNNING
Status: RUNNING
Status: COMPLETED
QMEANDisCo: 0.7949
Mutating chain A, position 23: ILE -> VAL
Submitted ./1UBQ_Results/13.pdb
Checking: https://swissmodel.expasy.org/qmean/Q8kTt3.json
Status: QUEUEING
Status: QUEUEING
Status: QUEUEING
Status: QUEUEING
Status: QUEUEING
Status: QUEUEING
Status: QUEUEING
Status: RUNNING
Status: RUNNING
Status: RUNNING
Status: RUNNING
Status: RUNNING
Status: RUNNING
Status: RUNNING
Status: RUNNING
Status: RUNNING
Status: RUNNING
Status: RUNNING
Status: RUNNING
Status: RUNNING
Status: RUNNING
Status: RUNNING
Status: RUNNING
Status: RUNNING
Status: RUNNING
Status: RUNNING
Status: RUNNING
Status: RUNNING
Status: RUNNING
Status: RUNNING
Status: RUNNING
Status: RUNNING
Status: RUNNING
Status: RUNNING
Status: RUNNING
Status: RUNNING
Status: RUNNING
Status: RUNNING
Status: RUNNING
Status: RUNNING
Status: RUNNING
Status: RUNNING
Status: RUNNING
Status: RUNNING
Status: RUNNING
Status: RUNNING
Status: RUNNING
Status: RUNNING
Status: RUNNING
Status: RUNNING
Status: RUNNING
Status: RUNNING
Status: RUNNING
Status: RUNNING
Status: RUNNING
Status: RUNNING
Status: RUNNING
Status: RUNNING
Status: RUNNING
Status: RUNNING
Status: RUNNING
Status: RUNNING
Status: RUNNING
Status: RUNNING
Status: RUNNING
Status: RUNNING
Status: COMPLETED
QMEANDisCo: 0.8208
Mutating chain A, position 33: LYS -> ARG
Submitted ./1UBQ_Results/13.pdb
Checking: https://swissmodel.expasy.org/qmean/X3kzwc.json
Status: QUEUEING
Status: QUEUEING
Status: QUEUEING
Status: QUEUEING
Status: QUEUEING
Status: QUEUEING
Status: QUEUEING
Status: RUNNING
Status: RUNNING
Status: RUNNING
Status: RUNNING
Status: RUNNING
Status: RUNNING
Status: RUNNING
Status: RUNNING
Status: RUNNING
Status: RUNNING
Status: RUNNING
Status: RUNNING
Status: RUNNING
Status: RUNNING
Status: RUNNING
Status: RUNNING
Status: RUNNING
Status: RUNNING
Status: RUNNING
Status: RUNNING
Status: RUNNING
Status: RUNNING
Status: RUNNING
Status: RUNNING
Status: RUNNING
Status: RUNNING
Status: RUNNING
Status: RUNNING
Status: RUNNING
Status: RUNNING
Status: RUNNING
Status: RUNNING
Status: RUNNING
Status: RUNNING
Status: RUNNING
Status: RUNNING
Status: RUNNING
Status: RUNNING
Status: RUNNING
Status: RUNNING
Status: RUNNING
Status: RUNNING
Status: RUNNING
Status: RUNNING
Status: RUNNING
Status: RUNNING
Status: RUNNING
Status: RUNNING
Status: RUNNING
Status: RUNNING
Status: RUNNING
Status: RUNNING
Status: RUNNING
Status: RUNNING
Status: RUNNING
Status: RUNNING
Status: RUNNING
Status: RUNNING
Status: RUNNING
Status: COMPLETED
QMEANDisCo: 0.8160
Mutating chain A, position 33: LYS -> TRP
Submitted ./1UBQ_Results/13.pdb
Checking: https://swissmodel.expasy.org/qmean/GZ8yTU.json
Status: QUEUEING
Status: QUEUEING
Status: QUEUEING
Status: QUEUEING
Status: QUEUEING
Status: QUEUEING
Status: QUEUEING
Status: RUNNING
Status: RUNNING
Status: RUNNING
Status: RUNNING
Status: RUNNING
Status: RUNNING
Status: RUNNING
Status: RUNNING
Status: RUNNING
Status: RUNNING
Status: RUNNING
Status: RUNNING
Status: RUNNING
Status: RUNNING
Status: RUNNING
Status: RUNNING
Status: RUNNING
Status: RUNNING
Status: RUNNING
Status: RUNNING
Status: RUNNING
Status: RUNNING
Status: RUNNING
Status: RUNNING
Status: RUNNING
Status: RUNNING
Status: RUNNING
Status: RUNNING
Status: RUNNING
Status: RUNNING
Status: RUNNING
Status: RUNNING
Status: RUNNING
Status: RUNNING
Status: RUNNING
Status: RUNNING
Status: RUNNING
Status: RUNNING
Status: RUNNING
Status: RUNNING
Status: RUNNING
Status: RUNNING
Status: RUNNING
Status: RUNNING
Status: RUNNING
Status: RUNNING
Status: RUNNING
Status: RUNNING
Status: RUNNING
Status: RUNNING
Status: RUNNING
Status: RUNNING
Status: RUNNING
Status: RUNNING
Status: RUNNING
Status: RUNNING
Status: RUNNING
Status: RUNNING
Status: COMPLETED
QMEANDisCo: 0.8032
Mutating chain A, position 7: THR -> GLU
Submitted ./1UBQ_Results/13.pdb
Checking: https://swissmodel.expasy.org/qmean/LkZU4S.json
Status: QUEUEING
Status: QUEUEING
Status: QUEUEING
Status: QUEUEING
Status: QUEUEING
Status: QUEUEING
Status: QUEUEING
Status: QUEUEING
Status: RUNNING
Status: RUNNING
Status: RUNNING
Status: RUNNING
Status: RUNNING
Status: RUNNING
Status: RUNNING
Status: RUNNING
Status: RUNNING
Status: RUNNING
Status: RUNNING
Status: RUNNING
Status: RUNNING
Status: RUNNING
Status: RUNNING
Status: RUNNING
Status: RUNNING
Status: RUNNING
Status: RUNNING
Status: RUNNING
Status: RUNNING
Status: RUNNING
Status: RUNNING
Status: RUNNING
Status: RUNNING
Status: RUNNING
Status: RUNNING
Status: RUNNING
Status: RUNNING
Status: RUNNING
Status: RUNNING
Status: RUNNING
Status: RUNNING
Status: RUNNING
Status: RUNNING
Status: RUNNING
Status: RUNNING
Status: RUNNING
Status: RUNNING
Status: RUNNING
Status: RUNNING
Status: RUNNING
Status: RUNNING
Status: RUNNING
Status: RUNNING
Status: RUNNING
Status: RUNNING
Status: RUNNING
Status: RUNNING
Status: RUNNING
Status: RUNNING
Status: RUNNING
Status: RUNNING
Status: RUNNING
Status: RUNNING
Status: RUNNING
Status: RUNNING
Status: RUNNING
Status: COMPLETED
QMEANDisCo: 0.8150
Mutating chain A, position 69: LEU -> ASN
Submitted ./1UBQ_Results/13.pdb
Checking: https://swissmodel.expasy.org/qmean/hjkCkU.json
Status: QUEUEING
Status: QUEUEING
Status: QUEUEING
Status: QUEUEING
Status: QUEUEING
Status: QUEUEING
Status: QUEUEING
Status: RUNNING
Status: RUNNING
Status: RUNNING
Status: RUNNING
Status: RUNNING
Status: RUNNING
Status: RUNNING
Status: RUNNING
Status: RUNNING
Status: RUNNING
Status: RUNNING
Status: RUNNING
Status: RUNNING
Status: RUNNING
Status: RUNNING
Status: RUNNING
Status: RUNNING
Status: RUNNING
Status: RUNNING
Status: RUNNING
Status: RUNNING
Status: RUNNING
Status: RUNNING
Status: RUNNING
Status: RUNNING
Status: RUNNING
Status: RUNNING
Status: RUNNING
Status: RUNNING
Status: RUNNING
Status: RUNNING
Status: RUNNING
Status: RUNNING
Status: RUNNING
Status: RUNNING
Status: RUNNING
Status: RUNNING
Status: RUNNING
Status: RUNNING
Status: RUNNING
Status: RUNNING
Status: RUNNING
Status: RUNNING
Status: RUNNING
Status: RUNNING
Status: RUNNING
Status: RUNNING
Status: RUNNING
Status: RUNNING
Status: RUNNING
Status: RUNNING
Status: RUNNING
Status: RUNNING
Status: RUNNING
Status: RUNNING
Status: RUNNING
Status: RUNNING
Status: RUNNING
Status: RUNNING
Status: COMPLETED
QMEANDisCo: 0.8190
Mutating chain A, position 5: VAL -> LYS
Submitted ./1UBQ_Results/13.pdb
Checking: https://swissmodel.expasy.org/qmean/BYUUa7.json
Status: QUEUEING
Status: QUEUEING
Status: QUEUEING
Status: QUEUEING
Status: QUEUEING
Status: QUEUEING
Status: QUEUEING
Status: QUEUEING
Status: RUNNING
Status: RUNNING
Status: RUNNING
Status: RUNNING
Status: RUNNING
Status: RUNNING
Status: RUNNING
Status: RUNNING
Status: RUNNING
Status: RUNNING
Status: RUNNING
Status: RUNNING
Status: RUNNING
Status: RUNNING
Status: RUNNING
Status: RUNNING
Status: RUNNING
Status: RUNNING
Status: RUNNING
Status: RUNNING
Status: RUNNING
Status: RUNNING
Status: RUNNING
Status: RUNNING
Status: RUNNING
Status: RUNNING
Status: RUNNING
Status: RUNNING
Status: RUNNING
Status: RUNNING
Status: RUNNING
Status: RUNNING
Status: RUNNING
Status: RUNNING
Status: RUNNING
Status: RUNNING
Status: RUNNING
Status: RUNNING
Status: RUNNING
Status: RUNNING
Status: RUNNING
Status: RUNNING
Status: RUNNING
Status: RUNNING
Status: RUNNING
Status: RUNNING
Status: RUNNING
Status: RUNNING
Status: RUNNING
Status: RUNNING
Status: RUNNING
Status: RUNNING
Status: RUNNING
Status: RUNNING
Status: RUNNING
Status: RUNNING
Status: RUNNING
Status: RUNNING
Status: COMPLETED
QMEANDisCo: 0.8178
Mutating chain A, position 11: LYS -> GLN
Submitted ./1UBQ_Results/13.pdb
Checking: https://swissmodel.expasy.org/qmean/rKKt89.json
Status: QUEUEING
Status: QUEUEING
Status: QUEUEING
Status: QUEUEING
Status: QUEUEING
Status: QUEUEING
Status: QUEUEING
Status: RUNNING
Status: RUNNING
Status: RUNNING
Status: RUNNING
Status: RUNNING
Status: RUNNING
Status: RUNNING
Status: RUNNING
Status: RUNNING
Status: RUNNING
Status: RUNNING
Status: RUNNING
Status: RUNNING
Status: RUNNING
Status: RUNNING
Status: RUNNING
Status: RUNNING
Status: RUNNING
Status: RUNNING
Status: RUNNING
Status: RUNNING
Status: RUNNING
Status: RUNNING
Status: RUNNING
Status: RUNNING
Status: RUNNING
Status: RUNNING
Status: RUNNING
Status: RUNNING
Status: RUNNING
Status: RUNNING
Status: RUNNING
Status: RUNNING
Status: RUNNING
Status: RUNNING
Status: RUNNING
Status: RUNNING
Status: RUNNING
Status: RUNNING
Status: RUNNING
Status: RUNNING
Status: RUNNING
Status: RUNNING
Status: RUNNING
Status: RUNNING
Status: RUNNING
Status: RUNNING
Status: RUNNING
Status: RUNNING
Status: RUNNING
Status: RUNNING
Status: RUNNING
Status: RUNNING
Status: RUNNING
Status: RUNNING
Status: RUNNING
Status: RUNNING
Status: RUNNING
Status: RUNNING
Status: COMPLETED
QMEANDisCo: 0.8136
Mutating chain A, position 55: THR -> HIS
Submitted ./1UBQ_Results/13.pdb
Checking: https://swissmodel.expasy.org/qmean/nwbssC.json
Status: QUEUEING
Status: QUEUEING
Status: QUEUEING
Status: QUEUEING
Status: QUEUEING
Status: QUEUEING
Status: QUEUEING
Status: RUNNING
Status: RUNNING
Status: RUNNING
Status: RUNNING
Status: RUNNING
Status: RUNNING
Status: RUNNING
Status: RUNNING
Status: RUNNING
Status: RUNNING
Status: RUNNING
Status: RUNNING
Status: RUNNING
Status: RUNNING
Status: RUNNING
Status: RUNNING
Status: RUNNING
Status: RUNNING
Status: RUNNING
Status: RUNNING
Status: RUNNING
Status: RUNNING
Status: RUNNING
Status: RUNNING
Status: RUNNING
Status: RUNNING
Status: RUNNING
Status: RUNNING
Status: RUNNING
Status: RUNNING
Status: RUNNING
Status: RUNNING
Status: RUNNING
Status: RUNNING
Status: RUNNING
Status: RUNNING
Status: RUNNING
Status: RUNNING
Status: RUNNING
Status: RUNNING
Status: RUNNING
Status: RUNNING
Status: RUNNING
Status: RUNNING
Status: RUNNING
Status: RUNNING
Status: RUNNING
Status: RUNNING
Status: RUNNING
Status: RUNNING
Status: RUNNING
Status: RUNNING
Status: RUNNING
Status: RUNNING
Status: RUNNING
Status: RUNNING
Status: RUNNING
Status: RUNNING
Status: COMPLETED
QMEANDisCo: 0.8052
Mutating chain A, position 7: THR -> LYS
Submitted ./1UBQ_Results/13.pdb
Checking: https://swissmodel.expasy.org/qmean/68x48w.json
Status: QUEUEING
Status: QUEUEING
Status: QUEUEING
Status: QUEUEING
Status: QUEUEING
Status: QUEUEING
Status: QUEUEING
Status: QUEUEING
Status: RUNNING
Status: RUNNING
Status: RUNNING
Status: RUNNING
Status: RUNNING
Status: RUNNING
Status: RUNNING
Status: RUNNING
Status: RUNNING
Status: RUNNING
Status: RUNNING
Status: RUNNING
Status: RUNNING
Status: RUNNING
Status: RUNNING
Status: RUNNING
Status: RUNNING
Status: RUNNING
Status: RUNNING
Status: RUNNING
Status: RUNNING
Status: RUNNING
Status: RUNNING
Status: RUNNING
Status: RUNNING
Status: RUNNING
Status: RUNNING
Status: RUNNING
Status: RUNNING
Status: RUNNING
Status: RUNNING
Status: RUNNING
Status: RUNNING
Status: RUNNING
Status: RUNNING
Status: RUNNING
Status: RUNNING
Status: RUNNING
Status: RUNNING
Status: RUNNING
Status: RUNNING
Status: RUNNING
Status: RUNNING
Status: RUNNING
Status: RUNNING
Status: RUNNING
Status: RUNNING
Status: RUNNING
Status: RUNNING
Status: RUNNING
Status: RUNNING
Status: RUNNING
Status: RUNNING
Status: RUNNING
Status: RUNNING
Status: RUNNING
Status: RUNNING
Status: RUNNING
Status: COMPLETED
QMEANDisCo: 0.8162
Mutating chain A, position 68: ILE -> HIS
Submitted ./1UBQ_Results/13.pdb
Checking: https://swissmodel.expasy.org/qmean/mR9kcq.json
Status: QUEUEING
Status: QUEUEING
Status: QUEUEING
Status: QUEUEING
Status: QUEUEING
Status: QUEUEING
Status: QUEUEING
Status: QUEUEING
Status: RUNNING
Status: RUNNING
Status: RUNNING
Status: RUNNING
Status: RUNNING
Status: RUNNING
Status: RUNNING
Status: RUNNING
Status: RUNNING
Status: RUNNING
Status: RUNNING
Status: RUNNING
Status: RUNNING
Status: RUNNING
Status: RUNNING
Status: RUNNING
Status: RUNNING
Status: RUNNING
Status: RUNNING
Status: RUNNING
Status: RUNNING
Status: RUNNING
Status: RUNNING
Status: RUNNING
Status: RUNNING
Status: RUNNING
Status: RUNNING
Status: RUNNING
Status: RUNNING
Status: RUNNING
Status: RUNNING
Status: RUNNING
Status: RUNNING
Status: RUNNING
Status: RUNNING
Status: RUNNING
Status: RUNNING
Status: RUNNING
Status: RUNNING
Status: RUNNING
Status: RUNNING
Status: RUNNING
Status: RUNNING
Status: RUNNING
Status: RUNNING
Status: RUNNING
Status: RUNNING
Status: RUNNING
Status: RUNNING
Status: RUNNING
Status: RUNNING
Status: RUNNING
Status: RUNNING
Status: RUNNING
Status: RUNNING
Status: RUNNING
Status: RUNNING
Status: RUNNING
Status: RUNNING
Status: COMPLETED
QMEANDisCo: 0.8253
Mutating chain A, position 58: ASP -> TRP
Submitted ./1UBQ_Results/13.pdb
Checking: https://swissmodel.expasy.org/qmean/RwL5y3.json
Status: QUEUEING
Status: QUEUEING
Status: QUEUEING
Status: QUEUEING
Status: QUEUEING
Status: QUEUEING
Status: QUEUEING
Status: RUNNING
Status: RUNNING
Status: RUNNING
Status: RUNNING
Status: RUNNING
Status: RUNNING
Status: RUNNING
Status: RUNNING
Status: RUNNING
Status: RUNNING
Status: RUNNING
Status: RUNNING
Status: RUNNING
Status: RUNNING
Status: RUNNING
Status: RUNNING
Status: RUNNING
Status: RUNNING
Status: RUNNING
Status: RUNNING
Status: RUNNING
Status: RUNNING
Status: RUNNING
Status: RUNNING
Status: RUNNING
Status: RUNNING
Status: RUNNING
Status: RUNNING
Status: RUNNING
Status: RUNNING
Status: RUNNING
Status: RUNNING
Status: RUNNING
Status: RUNNING
Status: RUNNING
Status: RUNNING
Status: RUNNING
Status: RUNNING
Status: RUNNING
Status: RUNNING
Status: RUNNING
Status: RUNNING
Status: RUNNING
Status: RUNNING
Status: RUNNING
Status: RUNNING
Status: RUNNING
Status: RUNNING
Status: RUNNING
Status: RUNNING
Status: RUNNING
Status: RUNNING
Status: RUNNING
Status: RUNNING
Status: RUNNING
Status: RUNNING
Status: RUNNING
Status: RUNNING
Status: RUNNING
Status: RUNNING
Status: COMPLETED
QMEANDisCo: 0.8175
Mutating chain A, position 18: ILE -> ASN
Submitted ./1UBQ_Results/13.pdb
Checking: https://swissmodel.expasy.org/qmean/2jRgUr.json
Status: QUEUEING
Status: QUEUEING
Status: QUEUEING
Status: QUEUEING
Status: QUEUEING
Status: QUEUEING
Status: QUEUEING
Status: QUEUEING
Status: QUEUEING
Status: QUEUEING
Status: QUEUEING
Status: QUEUEING
Status: QUEUEING
Status: QUEUEING
Status: RUNNING
Status: RUNNING
Status: RUNNING
Status: RUNNING
Status: RUNNING
Status: RUNNING
Status: RUNNING
Status: RUNNING
Status: RUNNING
Status: RUNNING
Status: RUNNING
Status: RUNNING
Status: RUNNING
Status: RUNNING
Status: RUNNING
Status: RUNNING
Status: RUNNING
Status: RUNNING
Status: RUNNING
Status: RUNNING
Status: RUNNING
Status: RUNNING
Status: RUNNING
Status: RUNNING
Status: RUNNING
Status: RUNNING
Status: RUNNING
Status: RUNNING
Status: RUNNING
Status: RUNNING
Status: RUNNING
Status: RUNNING
Status: RUNNING
Status: RUNNING
Status: RUNNING
Status: RUNNING
Status: RUNNING
Status: RUNNING
Status: RUNNING
Status: RUNNING
Status: RUNNING
Status: RUNNING
Status: RUNNING
Status: RUNNING
Status: RUNNING
Status: RUNNING
Status: RUNNING
Status: RUNNING
Status: RUNNING
Status: RUNNING
Status: RUNNING
Status: RUNNING
Status: COMPLETED
QMEANDisCo: 0.8136
Mutating chain A, position 8: LEU -> HIS
Submitted ./1UBQ_Results/13.pdb
Checking: https://swissmodel.expasy.org/qmean/PJLvXS.json
Status: QUEUEING
Status: QUEUEING
Status: QUEUEING
Status: QUEUEING
Status: QUEUEING
Status: QUEUEING
Status: QUEUEING
Status: RUNNING
Status: RUNNING
Status: RUNNING
Status: RUNNING
Status: RUNNING
Status: RUNNING
Status: RUNNING
Status: RUNNING
Status: RUNNING
Status: RUNNING
Status: RUNNING
Status: RUNNING
Status: RUNNING
Status: RUNNING
Status: RUNNING
Status: RUNNING
Status: RUNNING
Status: RUNNING
Status: RUNNING
Status: RUNNING
Status: RUNNING
Status: RUNNING
Status: RUNNING
Status: RUNNING
Status: RUNNING
Status: RUNNING
Status: RUNNING
Status: RUNNING
Status: RUNNING
Status: RUNNING
Status: RUNNING
Status: RUNNING
Status: RUNNING
Status: RUNNING
Status: RUNNING
Status: RUNNING
Status: RUNNING
Status: RUNNING
Status: RUNNING
Status: RUNNING
Status: RUNNING
Status: RUNNING
Status: RUNNING
Status: RUNNING
Status: RUNNING
Status: RUNNING
Status: RUNNING
Status: RUNNING
Status: RUNNING
Status: RUNNING
Status: RUNNING
Status: RUNNING
Status: RUNNING
Status: RUNNING
Status: RUNNING
Status: RUNNING
Status: RUNNING
Status: RUNNING
Status: RUNNING
Status: RUNNING
Status: COMPLETED
QMEANDisCo: 0.8032
Mutating chain A, position 35: GLY -> LEU
Submitted ./1UBQ_Results/13.pdb
Checking: https://swissmodel.expasy.org/qmean/z5hVBQ.json
Status: QUEUEING
Status: QUEUEING
Status: QUEUEING
Status: QUEUEING
Status: QUEUEING
Status: QUEUEING
Status: QUEUEING
Status: RUNNING
Status: RUNNING
Status: RUNNING
Status: RUNNING
Status: RUNNING
Status: RUNNING
Status: RUNNING
Status: RUNNING
Status: RUNNING
Status: RUNNING
Status: RUNNING
Status: RUNNING
Status: RUNNING
Status: RUNNING
Status: RUNNING
Status: RUNNING
Status: RUNNING
Status: RUNNING
Status: RUNNING
Status: RUNNING
Status: RUNNING
Status: RUNNING
Status: RUNNING
Status: RUNNING
Status: RUNNING
Status: RUNNING
Status: RUNNING
Status: RUNNING
Status: RUNNING
Status: RUNNING
Status: RUNNING
Status: RUNNING
Status: RUNNING
Status: RUNNING
Status: RUNNING
Status: RUNNING
Status: RUNNING
Status: RUNNING
Status: RUNNING
Status: RUNNING
Status: RUNNING
Status: RUNNING
Status: RUNNING
Status: RUNNING
Status: RUNNING
Status: RUNNING
Status: RUNNING
Status: RUNNING
Status: RUNNING
Status: RUNNING
Status: RUNNING
Status: RUNNING
Status: RUNNING
Status: RUNNING
Status: RUNNING
Status: RUNNING
Status: RUNNING
Status: RUNNING
Status: RUNNING
Status: COMPLETED
QMEANDisCo: 0.8085
Mutating chain A, position 43: LEU -> PHE
Submitted ./1UBQ_Results/13.pdb
Checking: https://swissmodel.expasy.org/qmean/N6g4yp.json
Status: QUEUEING
Status: QUEUEING
Status: QUEUEING
Status: QUEUEING
Status: QUEUEING
Status: QUEUEING
Status: QUEUEING
Status: RUNNING
Status: RUNNING
Status: RUNNING
Status: RUNNING
Status: RUNNING
Status: RUNNING
Status: RUNNING
Status: RUNNING
Status: RUNNING
Status: RUNNING
Status: RUNNING
Status: RUNNING
Status: RUNNING
Status: RUNNING
Status: RUNNING
Status: RUNNING
Status: RUNNING
Status: RUNNING
Status: RUNNING
Status: RUNNING
Status: RUNNING
Status: RUNNING
Status: RUNNING
Status: RUNNING
Status: RUNNING
Status: RUNNING
Status: RUNNING
Status: RUNNING
Status: RUNNING
Status: RUNNING
Status: RUNNING
Status: RUNNING
Status: RUNNING
Status: RUNNING
Status: RUNNING
Status: RUNNING
Status: RUNNING
Status: RUNNING
Status: RUNNING
Status: RUNNING
Status: RUNNING
Status: RUNNING
Status: RUNNING
Status: RUNNING
Status: RUNNING
Status: RUNNING
Status: RUNNING
Status: RUNNING
Status: RUNNING
Status: RUNNING
Status: RUNNING
Status: RUNNING
Status: RUNNING
Status: RUNNING
Status: RUNNING
Status: RUNNING
Status: RUNNING
Status: RUNNING
Status: RUNNING
Status: COMPLETED
QMEANDisCo: 0.8158
Mutating chain A, position 45: PHE -> TYR
Submitted ./1UBQ_Results/13.pdb
Checking: https://swissmodel.expasy.org/qmean/ySHPV8.json
Status: QUEUEING
Status: QUEUEING
Status: QUEUEING
Status: QUEUEING
Status: QUEUEING
Status: QUEUEING
Status: QUEUEING
Status: RUNNING
Status: RUNNING
Status: RUNNING
Status: RUNNING
Status: RUNNING
Status: RUNNING
Status: RUNNING
Status: RUNNING
Status: RUNNING
Status: RUNNING
Status: RUNNING
Status: RUNNING
Status: RUNNING
Status: RUNNING
Status: RUNNING
Status: RUNNING
Status: RUNNING
Status: RUNNING
Status: RUNNING
Status: RUNNING
Status: RUNNING
Status: RUNNING
Status: RUNNING
Status: RUNNING
Status: RUNNING
Status: RUNNING
Status: RUNNING
Status: RUNNING
Status: RUNNING
Status: RUNNING
Status: RUNNING
Status: RUNNING
Status: RUNNING
Status: RUNNING
Status: RUNNING
Status: RUNNING
Status: RUNNING
Status: RUNNING
Status: RUNNING
Status: RUNNING
Status: RUNNING
Status: RUNNING
Status: RUNNING
Status: RUNNING
Status: RUNNING
Status: RUNNING
Status: RUNNING
Status: RUNNING
Status: RUNNING
Status: RUNNING
Status: RUNNING
Status: RUNNING
Status: RUNNING
Status: RUNNING
Status: RUNNING
Status: RUNNING
Status: RUNNING
Status: RUNNING
Status: RUNNING
Status: COMPLETED
QMEANDisCo: 0.8175
Mutating chain A, position 34: GLU -> LEU
Submitted ./1UBQ_Results/13.pdb
Checking: https://swissmodel.expasy.org/qmean/LcNr2R.json
Status: QUEUEING
Status: QUEUEING
Status: QUEUEING
Status: QUEUEING
Status: QUEUEING
Status: QUEUEING
Status: QUEUEING
Status: QUEUEING
Status: RUNNING
Status: RUNNING
Status: RUNNING
Status: RUNNING
Status: RUNNING
Status: RUNNING
Status: RUNNING
Status: RUNNING
Status: RUNNING
Status: RUNNING
Status: RUNNING
Status: RUNNING
Status: RUNNING
Status: RUNNING
Status: RUNNING
Status: RUNNING
Status: RUNNING
Status: RUNNING
Status: RUNNING
Status: RUNNING
Status: RUNNING
Status: RUNNING
Status: RUNNING
Status: RUNNING
Status: RUNNING
Status: RUNNING
Status: RUNNING
Status: RUNNING
Status: RUNNING
Status: RUNNING
Status: RUNNING
Status: RUNNING
Status: RUNNING
Status: RUNNING
Status: RUNNING
Status: RUNNING
Status: RUNNING
Status: RUNNING
Status: RUNNING
Status: RUNNING
Status: RUNNING
Status: RUNNING
Status: RUNNING
Status: RUNNING
Status: RUNNING
Status: RUNNING
Status: RUNNING
Status: RUNNING
Status: RUNNING
Status: RUNNING
Status: RUNNING
Status: RUNNING
Status: RUNNING
Status: RUNNING
Status: RUNNING
Status: RUNNING
Status: RUNNING
Status: RUNNING
Status: COMPLETED
QMEANDisCo: 0.8253
Mutating chain A, position 21: ASP -> GLN
Submitted ./1UBQ_Results/13.pdb
Checking: https://swissmodel.expasy.org/qmean/ZpUB3Q.json
Status: QUEUEING
Status: QUEUEING
Status: QUEUEING
Status: QUEUEING
Status: QUEUEING
Status: QUEUEING
Status: QUEUEING
Status: RUNNING
Status: RUNNING
Status: RUNNING
Status: RUNNING
Status: RUNNING
Status: RUNNING
Status: RUNNING
Status: RUNNING
Status: RUNNING
Status: RUNNING
Status: RUNNING
Status: RUNNING
Status: RUNNING
Status: RUNNING
Status: RUNNING
Status: RUNNING
Status: RUNNING
Status: RUNNING
Status: RUNNING
Status: RUNNING
Status: RUNNING
Status: RUNNING
Status: RUNNING
Status: RUNNING
Status: RUNNING
Status: RUNNING
Status: RUNNING
Status: RUNNING
Status: RUNNING
Status: RUNNING
Status: RUNNING
Status: RUNNING
Status: RUNNING
Status: RUNNING
Status: RUNNING
Status: RUNNING
Status: RUNNING
Status: RUNNING
Status: RUNNING
Status: RUNNING
Status: RUNNING
Status: RUNNING
Status: RUNNING
Status: RUNNING
Status: RUNNING
Status: RUNNING
Status: RUNNING
Status: RUNNING
Status: RUNNING
Status: RUNNING
Status: RUNNING
Status: RUNNING
Status: RUNNING
Status: RUNNING
Status: RUNNING
Status: RUNNING
Status: RUNNING
Status: RUNNING
Status: COMPLETED
QMEANDisCo: 0.8195
Mutating chain A, position 53: GLY -> ALA
Submitted ./1UBQ_Results/13.pdb
Checking: https://swissmodel.expasy.org/qmean/DJSDe4.json
Status: QUEUEING
Status: QUEUEING
Status: QUEUEING
Status: QUEUEING
Status: QUEUEING
Status: QUEUEING
Status: QUEUEING
Status: RUNNING
Status: RUNNING
Status: RUNNING
Status: RUNNING
Status: RUNNING
Status: RUNNING
Status: RUNNING
Status: RUNNING
Status: RUNNING
Status: RUNNING
Status: RUNNING
Status: RUNNING
Status: RUNNING
Status: RUNNING
Status: RUNNING
Status: RUNNING
Status: RUNNING
Status: RUNNING
Status: RUNNING
Status: RUNNING
Status: RUNNING
Status: RUNNING
Status: RUNNING
Status: RUNNING
Status: RUNNING
Status: RUNNING
Status: RUNNING
Status: RUNNING
Status: RUNNING
Status: RUNNING
Status: RUNNING
Status: RUNNING
Status: RUNNING
Status: RUNNING
Status: RUNNING
Status: RUNNING
Status: RUNNING
Status: RUNNING
Status: RUNNING
Status: RUNNING
Status: RUNNING
Status: RUNNING
Status: RUNNING
Status: RUNNING
Status: RUNNING
Status: RUNNING
Status: RUNNING
Status: RUNNING
Status: RUNNING
Status: RUNNING
Status: RUNNING
Status: RUNNING
Status: RUNNING
Status: RUNNING
Status: RUNNING
Status: RUNNING
Status: RUNNING
Status: RUNNING
Status: COMPLETED
QMEANDisCo: 0.8236
Mutating chain A, position 37: PRO -> ASN
Submitted ./1UBQ_Results/13.pdb
Checking: https://swissmodel.expasy.org/qmean/MHHjrS.json
Status: QUEUEING
Status: QUEUEING
Status: QUEUEING
Status: QUEUEING
Status: QUEUEING
Status: QUEUEING
Status: QUEUEING
Status: RUNNING
Status: RUNNING
Status: RUNNING
Status: RUNNING
Status: RUNNING
Status: RUNNING
Status: RUNNING
Status: RUNNING
Status: RUNNING
Status: RUNNING
Status: RUNNING
Status: RUNNING
Status: RUNNING
Status: RUNNING
Status: RUNNING
Status: RUNNING
Status: RUNNING
Status: RUNNING
Status: RUNNING
Status: RUNNING
Status: RUNNING
Status: RUNNING
Status: RUNNING
Status: RUNNING
Status: RUNNING
Status: RUNNING
Status: RUNNING
Status: RUNNING
Status: RUNNING
Status: RUNNING
Status: RUNNING
Status: RUNNING
Status: RUNNING
Status: RUNNING
Status: RUNNING
Status: RUNNING
Status: RUNNING
Status: RUNNING
Status: RUNNING
Status: RUNNING
Status: RUNNING
Status: RUNNING
Status: RUNNING
Status: RUNNING
Status: RUNNING
Status: RUNNING
Status: RUNNING
Status: RUNNING
Status: RUNNING
Status: RUNNING
Status: RUNNING
Status: RUNNING
Status: RUNNING
Status: RUNNING
Status: RUNNING
Status: RUNNING
Status: RUNNING
Status: RUNNING
Status: COMPLETED
QMEANDisCo: 0.8110
Mutating chain A, position 60: ASN -> ILE
Submitted ./1UBQ_Results/13.pdb
Checking: https://swissmodel.expasy.org/qmean/qWEN86.json
Status: QUEUEING
Status: QUEUEING
Status: QUEUEING
Status: QUEUEING
Status: QUEUEING
Status: QUEUEING
Status: QUEUEING
Status: RUNNING
Status: RUNNING
Status: RUNNING
Status: RUNNING
Status: RUNNING
Status: RUNNING
Status: RUNNING
Status: RUNNING
Status: RUNNING
Status: RUNNING
Status: RUNNING
Status: RUNNING
Status: RUNNING
Status: RUNNING
Status: RUNNING
Status: RUNNING
Status: RUNNING
Status: RUNNING
Status: RUNNING
Status: RUNNING
Status: RUNNING
Status: RUNNING
Status: RUNNING
Status: RUNNING
Status: RUNNING
Status: RUNNING
Status: RUNNING
Status: RUNNING
Status: RUNNING
Status: RUNNING
Status: RUNNING
Status: RUNNING
Status: RUNNING
Status: RUNNING
Status: RUNNING
Status: RUNNING
Status: RUNNING
Status: RUNNING
Status: RUNNING
Status: RUNNING
Status: RUNNING
Status: RUNNING
Status: RUNNING
Status: RUNNING
Status: RUNNING
Status: RUNNING
Status: RUNNING
Status: RUNNING
Status: RUNNING
Status: RUNNING
Status: RUNNING
Status: RUNNING
Status: RUNNING
Status: RUNNING
Status: RUNNING
Status: RUNNING
Status: RUNNING
Status: RUNNING
Status: COMPLETED
QMEANDisCo: 0.8181
Mutating chain A, position 13: ILE -> GLN
Submitted ./1UBQ_Results/13.pdb
Checking: https://swissmodel.expasy.org/qmean/adapm2.json
Status: QUEUEING
Status: QUEUEING
Status: QUEUEING
Status: QUEUEING
Status: QUEUEING
Status: QUEUEING
Status: QUEUEING
Status: RUNNING
Status: RUNNING
Status: RUNNING
Status: RUNNING
Status: RUNNING
Status: RUNNING
Status: RUNNING
Status: RUNNING
Status: RUNNING
Status: RUNNING
Status: RUNNING
Status: RUNNING
Status: RUNNING
Status: RUNNING
Status: RUNNING
Status: RUNNING
Status: RUNNING
Status: RUNNING
Status: RUNNING
Status: RUNNING
Status: RUNNING
Status: RUNNING
Status: RUNNING
Status: RUNNING
Status: RUNNING
Status: RUNNING
Status: RUNNING
Status: RUNNING
Status: RUNNING
Status: RUNNING
Status: RUNNING
Status: RUNNING
Status: RUNNING
Status: RUNNING
Status: RUNNING
Status: RUNNING
Status: RUNNING
Status: RUNNING
Status: RUNNING
Status: RUNNING
Status: RUNNING
Status: RUNNING
Status: RUNNING
Status: RUNNING
Status: RUNNING
Status: RUNNING
Status: RUNNING
Status: RUNNING
Status: RUNNING
Status: RUNNING
Status: RUNNING
Status: RUNNING
Status: RUNNING
Status: RUNNING
Status: RUNNING
Status: RUNNING
Status: RUNNING
Status: RUNNING
Status: COMPLETED
QMEANDisCo: 0.8103
Mutating chain A, position 11: LYS -> HIS
Submitted ./1UBQ_Results/13.pdb
Checking: https://swissmodel.expasy.org/qmean/2jKLYj.json
Status: QUEUEING
Status: QUEUEING
Status: QUEUEING
Status: QUEUEING
Status: QUEUEING
Status: QUEUEING
Status: QUEUEING
Status: RUNNING
Status: RUNNING
Status: RUNNING
Status: RUNNING
Status: RUNNING
Status: RUNNING
Status: RUNNING
Status: RUNNING
Status: RUNNING
Status: RUNNING
Status: RUNNING
Status: RUNNING
Status: RUNNING
Status: RUNNING
Status: RUNNING
Status: RUNNING
Status: RUNNING
Status: RUNNING
Status: RUNNING
Status: RUNNING
Status: RUNNING
Status: RUNNING
Status: RUNNING
Status: RUNNING
Status: RUNNING
Status: RUNNING
Status: RUNNING
Status: RUNNING
Status: RUNNING
Status: RUNNING
Status: RUNNING
Status: RUNNING
Status: RUNNING
Status: RUNNING
Status: RUNNING
Status: RUNNING
Status: RUNNING
Status: RUNNING
Status: RUNNING
Status: RUNNING
Status: RUNNING
Status: RUNNING
Status: RUNNING
Status: RUNNING
Status: RUNNING
Status: RUNNING
Status: RUNNING
Status: RUNNING
Status: RUNNING
Status: RUNNING
Status: RUNNING
Status: RUNNING
Status: RUNNING
Status: RUNNING
Status: RUNNING
Status: RUNNING
Status: RUNNING
Status: RUNNING
Status: COMPLETED
QMEANDisCo: 0.8150
Mutating chain A, position 46: ALA -> PRO
Submitted ./1UBQ_Results/13.pdb
Checking: https://swissmodel.expasy.org/qmean/q4G72f.json
Status: QUEUEING
Status: QUEUEING
Status: QUEUEING
Status: QUEUEING
Status: QUEUEING
Status: QUEUEING
Status: RUNNING
Status: RUNNING
Status: RUNNING
Status: RUNNING
Status: RUNNING
Status: RUNNING
Status: RUNNING
Status: RUNNING
Status: RUNNING
Status: RUNNING
Status: RUNNING
Status: RUNNING
Status: RUNNING
Status: RUNNING
Status: RUNNING
Status: RUNNING
Status: RUNNING
Status: RUNNING
Status: RUNNING
Status: RUNNING
Status: RUNNING
Status: RUNNING
Status: RUNNING
Status: RUNNING
Status: RUNNING
Status: RUNNING
Status: RUNNING
Status: RUNNING
Status: RUNNING
Status: RUNNING
Status: RUNNING
Status: RUNNING
Status: RUNNING
Status: RUNNING
Status: RUNNING
Status: RUNNING
Status: RUNNING
Status: RUNNING
Status: RUNNING
Status: RUNNING
Status: RUNNING
Status: RUNNING
Status: RUNNING
Status: RUNNING
Status: RUNNING
Status: RUNNING
Status: RUNNING
Status: RUNNING
Status: RUNNING
Status: RUNNING
Status: RUNNING
Status: RUNNING
Status: RUNNING
Status: RUNNING
Status: RUNNING
Status: RUNNING
Status: RUNNING
Status: RUNNING
Status: RUNNING
Status: COMPLETED
QMEANDisCo: 0.8118
Mutating chain A, position 22: THR -> TYR
Submitted ./1UBQ_Results/13.pdb
Checking: https://swissmodel.expasy.org/qmean/7jKzhR.json
Status: QUEUEING
Status: QUEUEING
Status: QUEUEING
Status: QUEUEING
Status: QUEUEING
Status: QUEUEING
Status: QUEUEING
Status: RUNNING
Status: RUNNING
Status: RUNNING
Status: RUNNING
Status: RUNNING
Status: RUNNING
Status: RUNNING
Status: RUNNING
Status: RUNNING
Status: RUNNING
Status: RUNNING
Status: RUNNING
Status: RUNNING
Status: RUNNING
Status: RUNNING
Status: RUNNING
Status: RUNNING
Status: RUNNING
Status: RUNNING
Status: RUNNING
Status: RUNNING
Status: RUNNING
Status: RUNNING
Status: RUNNING
Status: RUNNING
Status: RUNNING
Status: RUNNING
Status: RUNNING
Status: RUNNING
Status: RUNNING
Status: RUNNING
Status: RUNNING
Status: RUNNING
Status: RUNNING
Status: RUNNING
Status: RUNNING
Status: RUNNING
Status: RUNNING
Status: RUNNING
Status: RUNNING
Status: RUNNING
Status: RUNNING
Status: RUNNING
Status: RUNNING
Status: RUNNING
Status: RUNNING
Status: RUNNING
Status: RUNNING
Status: RUNNING
Status: RUNNING
Status: RUNNING
Status: RUNNING
Status: RUNNING
Status: RUNNING
Status: RUNNING
Status: RUNNING
Status: RUNNING
Status: RUNNING
Status: RUNNING
Status: COMPLETED
QMEANDisCo: 0.8120
Mutating chain A, position 66: THR -> ASP
Submitted ./1UBQ_Results/13.pdb
Checking: https://swissmodel.expasy.org/qmean/gt3atW.json
Status: QUEUEING
Status: QUEUEING
Status: QUEUEING
Status: QUEUEING
Status: QUEUEING
Status: QUEUEING
Status: QUEUEING
Status: RUNNING
Status: RUNNING
Status: RUNNING
Status: RUNNING
Status: RUNNING
Status: RUNNING
Status: RUNNING
Status: RUNNING
Status: RUNNING
Status: RUNNING
Status: RUNNING
Status: RUNNING
Status: RUNNING
Status: RUNNING
Status: RUNNING
Status: RUNNING
Status: RUNNING
Status: RUNNING
Status: RUNNING
Status: RUNNING
Status: RUNNING
Status: RUNNING
Status: RUNNING
Status: RUNNING
Status: RUNNING
Status: RUNNING
Status: RUNNING
Status: RUNNING
Status: RUNNING
Status: RUNNING
Status: RUNNING
Status: RUNNING
Status: RUNNING
Status: RUNNING
Status: RUNNING
Status: RUNNING
Status: RUNNING
Status: RUNNING
Status: RUNNING
Status: RUNNING
Status: RUNNING
Status: RUNNING
Status: RUNNING
Status: RUNNING
Status: RUNNING
Status: RUNNING
Status: RUNNING
Status: RUNNING
Status: RUNNING
Status: RUNNING
Status: RUNNING
Status: RUNNING
Status: RUNNING
Status: RUNNING
Status: RUNNING
Status: RUNNING
Status: RUNNING
Status: RUNNING
Status: RUNNING
Status: RUNNING
Status: COMPLETED
QMEANDisCo: 0.8318
Mutating chain A, position 43: LEU -> LYS
Submitted ./1UBQ_Results/13.pdb
Checking: https://swissmodel.expasy.org/qmean/DLBydB.json
Status: QUEUEING
Status: QUEUEING
Status: QUEUEING
Status: QUEUEING
Status: QUEUEING
Status: QUEUEING
Status: QUEUEING
Status: RUNNING
Status: RUNNING
Status: RUNNING
Status: RUNNING
Status: RUNNING
Status: RUNNING
Status: RUNNING
Status: RUNNING
Status: RUNNING
Status: RUNNING
Status: RUNNING
Status: RUNNING
Status: RUNNING
Status: RUNNING
Status: RUNNING
Status: RUNNING
Status: RUNNING
Status: RUNNING
Status: RUNNING
Status: RUNNING
Status: RUNNING
Status: RUNNING
Status: RUNNING
Status: RUNNING
Status: RUNNING
Status: RUNNING
Status: RUNNING
Status: RUNNING
Status: RUNNING
Status: RUNNING
Status: RUNNING
Status: RUNNING
Status: RUNNING
Status: RUNNING
Status: RUNNING
Status: RUNNING
Status: RUNNING
Status: RUNNING
Status: RUNNING
Status: RUNNING
Status: RUNNING
Status: RUNNING
Status: RUNNING
Status: RUNNING
Status: RUNNING
Status: RUNNING
Status: RUNNING
Status: RUNNING
Status: RUNNING
Status: RUNNING
Status: RUNNING
Status: RUNNING
Status: RUNNING
Status: RUNNING
Status: RUNNING
Status: RUNNING
Status: RUNNING
Status: RUNNING
Status: COMPLETED
QMEANDisCo: 0.8157
Mutating chain A, position 18: ILE -> MET
Submitted ./1UBQ_Results/13.pdb
Checking: https://swissmodel.expasy.org/qmean/tmUWdL.json
Status: QUEUEING
Status: QUEUEING
Status: QUEUEING
Status: QUEUEING
Status: QUEUEING
Status: QUEUEING
Status: QUEUEING
Status: QUEUEING
Status: RUNNING
Status: RUNNING
Status: RUNNING
Status: RUNNING
Status: RUNNING
Status: RUNNING
Status: RUNNING
Status: RUNNING
Status: RUNNING
Status: RUNNING
Status: RUNNING
Status: RUNNING
Status: RUNNING
Status: RUNNING
Status: RUNNING
Status: RUNNING
Status: RUNNING
Status: RUNNING
Status: RUNNING
Status: RUNNING
Status: RUNNING
Status: RUNNING
Status: RUNNING
Status: RUNNING
Status: RUNNING
Status: RUNNING
Status: RUNNING
Status: RUNNING
Status: RUNNING
Status: RUNNING
Status: RUNNING
Status: RUNNING
Status: RUNNING
Status: RUNNING
Status: RUNNING
Status: RUNNING
Status: RUNNING
Status: RUNNING
Status: RUNNING
Status: RUNNING
Status: RUNNING
Status: RUNNING
Status: RUNNING
Status: RUNNING
Status: RUNNING
Status: RUNNING
Status: RUNNING
Status: RUNNING
Status: RUNNING
Status: RUNNING
Status: RUNNING
Status: RUNNING
Status: RUNNING
Status: RUNNING
Status: RUNNING
Status: RUNNING
Status: RUNNING
Status: COMPLETED
QMEANDisCo: 0.8225
Mutating chain A, position 32: ASP -> MET
Submitted ./1UBQ_Results/13.pdb
Checking: https://swissmodel.expasy.org/qmean/6NLtRM.json
Status: QUEUEING
Status: QUEUEING
Status: QUEUEING
Status: QUEUEING
Status: QUEUEING
Status: QUEUEING
Status: QUEUEING
Status: RUNNING
Status: RUNNING
Status: RUNNING
Status: RUNNING
Status: RUNNING
Status: RUNNING
Status: RUNNING
Status: RUNNING
Status: RUNNING
Status: RUNNING
Status: RUNNING
Status: RUNNING
Status: RUNNING
Status: RUNNING
Status: RUNNING
Status: RUNNING
Status: RUNNING
Status: RUNNING
Status: RUNNING
Status: RUNNING
Status: RUNNING
Status: RUNNING
Status: RUNNING
Status: RUNNING
Status: RUNNING
Status: RUNNING
Status: RUNNING
Status: RUNNING
Status: RUNNING
Status: RUNNING
Status: RUNNING
Status: RUNNING
Status: RUNNING
Status: RUNNING
Status: RUNNING
Status: RUNNING
Status: RUNNING
Status: RUNNING
Status: RUNNING
Status: RUNNING
Status: RUNNING
Status: RUNNING
Status: RUNNING
Status: RUNNING
Status: RUNNING
Status: RUNNING
Status: RUNNING
Status: RUNNING
Status: RUNNING
Status: RUNNING
Status: RUNNING
Status: RUNNING
Status: RUNNING
Status: RUNNING
Status: RUNNING
Status: RUNNING
Status: RUNNING
Status: RUNNING
Status: RUNNING
Status: COMPLETED
QMEANDisCo: 0.8296
Mutating chain A, position 6: LYS -> VAL
Submitted ./1UBQ_Results/13.pdb
Checking: https://swissmodel.expasy.org/qmean/Xtxgcj.json
Status: QUEUEING
Status: QUEUEING
Status: QUEUEING
Status: QUEUEING
Status: QUEUEING
Status: QUEUEING
Status: QUEUEING
Status: RUNNING
Status: RUNNING
Status: RUNNING
Status: RUNNING
Status: RUNNING
Status: RUNNING
Status: RUNNING
Status: RUNNING
Status: RUNNING
Status: RUNNING
Status: RUNNING
Status: RUNNING
Status: RUNNING
Status: RUNNING
Status: RUNNING
Status: RUNNING
Status: RUNNING
Status: RUNNING
Status: RUNNING
Status: RUNNING
Status: RUNNING
Status: RUNNING
Status: RUNNING
Status: RUNNING
Status: RUNNING
Status: RUNNING
Status: RUNNING
Status: RUNNING
Status: RUNNING
Status: RUNNING
Status: RUNNING
Status: RUNNING
Status: RUNNING
Status: RUNNING
Status: RUNNING
Status: RUNNING
Status: RUNNING
Status: RUNNING
Status: RUNNING
Status: RUNNING
Status: RUNNING
Status: RUNNING
Status: RUNNING
Status: RUNNING
Status: RUNNING
Status: RUNNING
Status: RUNNING
Status: RUNNING
Status: RUNNING
Status: RUNNING
Status: RUNNING
Status: RUNNING
Status: RUNNING
Status: RUNNING
Status: RUNNING
Status: RUNNING
Status: RUNNING
Status: RUNNING
Status: RUNNING
Status: COMPLETED
QMEANDisCo: 0.8212
Mutating chain A, position 34: GLU -> THR
Submitted ./1UBQ_Results/13.pdb
Checking: https://swissmodel.expasy.org/qmean/X8A954.json
Status: QUEUEING
Status: QUEUEING
Status: QUEUEING
Status: QUEUEING
Status: QUEUEING
Status: QUEUEING
Status: QUEUEING
Status: RUNNING
Status: RUNNING
Status: RUNNING
Status: RUNNING
Status: RUNNING
Status: RUNNING
Status: RUNNING
Status: RUNNING
Status: RUNNING
Status: RUNNING
Status: RUNNING
Status: RUNNING
Status: RUNNING
Status: RUNNING
Status: RUNNING
Status: RUNNING
Status: RUNNING
Status: RUNNING
Status: RUNNING
Status: RUNNING
Status: RUNNING
Status: RUNNING
Status: RUNNING
Status: RUNNING
Status: RUNNING
Status: RUNNING
Status: RUNNING
Status: RUNNING
Status: RUNNING
Status: RUNNING
Status: RUNNING
Status: RUNNING
Status: RUNNING
Status: RUNNING
Status: RUNNING
Status: RUNNING
Status: RUNNING
Status: RUNNING
Status: RUNNING
Status: RUNNING
Status: RUNNING
Status: RUNNING
Status: RUNNING
Status: RUNNING
Status: RUNNING
Status: RUNNING
Status: RUNNING
Status: RUNNING
Status: RUNNING
Status: RUNNING
Status: RUNNING
Status: RUNNING
Status: RUNNING
Status: RUNNING
Status: RUNNING
Status: RUNNING
Status: RUNNING
Status: RUNNING
Status: COMPLETED
QMEANDisCo: 0.8119
Mutating chain A, position 57: GLN -> ILE
Submitted ./1UBQ_Results/13.pdb
Checking: https://swissmodel.expasy.org/qmean/9kRHGq.json
Status: QUEUEING
Status: QUEUEING
Status: QUEUEING
Status: QUEUEING
Status: QUEUEING
Status: QUEUEING
Status: QUEUEING
Status: RUNNING
Status: RUNNING
Status: RUNNING
Status: RUNNING
Status: RUNNING
Status: RUNNING
Status: RUNNING
Status: RUNNING
Status: RUNNING
Status: RUNNING
Status: RUNNING
Status: RUNNING
Status: RUNNING
Status: RUNNING
Status: RUNNING
Status: RUNNING
Status: RUNNING
Status: RUNNING
Status: RUNNING
Status: RUNNING
Status: RUNNING
Status: RUNNING
Status: RUNNING
Status: RUNNING
Status: RUNNING
Status: RUNNING
Status: RUNNING
Status: RUNNING
Status: RUNNING
Status: RUNNING
Status: RUNNING
Status: RUNNING
Status: RUNNING
Status: RUNNING
Status: RUNNING
Status: RUNNING
Status: RUNNING
Status: RUNNING
Status: RUNNING
Status: RUNNING
Status: RUNNING
Status: RUNNING
Status: RUNNING
Status: RUNNING
Status: RUNNING
Status: RUNNING
Status: RUNNING
Status: RUNNING
Status: RUNNING
Status: RUNNING
Status: RUNNING
Status: RUNNING
Status: RUNNING
Status: RUNNING
Status: RUNNING
Status: RUNNING
Status: RUNNING
Status: COMPLETED
QMEANDisCo: 0.8216
Mutating chain A, position 50: SER -> TRP
Submitted ./1UBQ_Results/13.pdb
Checking: https://swissmodel.expasy.org/qmean/hP9E6d.json
Status: QUEUEING
Status: QUEUEING
Status: QUEUEING
Status: QUEUEING
Status: QUEUEING
Status: QUEUEING
Status: QUEUEING
Status: RUNNING
Status: RUNNING
Status: RUNNING
Status: RUNNING
Status: RUNNING
Status: RUNNING
Status: RUNNING
Status: RUNNING
Status: RUNNING
Status: RUNNING
Status: RUNNING
Status: RUNNING
Status: RUNNING
Status: RUNNING
Status: RUNNING
Status: RUNNING
Status: RUNNING
Status: RUNNING
Status: RUNNING
Status: RUNNING
Status: RUNNING
Status: RUNNING
Status: RUNNING
Status: RUNNING
Status: RUNNING
Status: RUNNING
Status: RUNNING
Status: RUNNING
Status: RUNNING
Status: RUNNING
Status: RUNNING
Status: RUNNING
Status: RUNNING
Status: RUNNING
Status: RUNNING
Status: RUNNING
Status: RUNNING
Status: RUNNING
Status: RUNNING
Status: RUNNING
Status: RUNNING
Status: RUNNING
Status: RUNNING
Status: RUNNING
Status: RUNNING
Status: RUNNING
Status: RUNNING
Status: RUNNING
Status: RUNNING
Status: RUNNING
Status: RUNNING
Status: RUNNING
Status: COMPLETED
QMEANDisCo: 0.7980
Mutating chain A, position 75: PHE -> SER
Submitted ./1UBQ_Results/13.pdb
Checking: https://swissmodel.expasy.org/qmean/9RxMDQ.json
Status: QUEUEING
Status: QUEUEING
Status: QUEUEING
Status: QUEUEING
Status: QUEUEING
Status: QUEUEING
Status: QUEUEING
Status: RUNNING
Status: RUNNING
Status: RUNNING
Status: RUNNING
Status: RUNNING
Status: RUNNING
Status: RUNNING
Status: RUNNING
Status: RUNNING
Status: RUNNING
Status: RUNNING
Status: RUNNING
Status: RUNNING
Status: RUNNING
Status: RUNNING
Status: RUNNING
Status: RUNNING
Status: RUNNING
Status: RUNNING
Status: RUNNING
Status: RUNNING
Status: RUNNING
Status: RUNNING
Status: RUNNING
Status: RUNNING
Status: RUNNING
Status: RUNNING
Status: RUNNING
Status: RUNNING
Status: RUNNING
Status: RUNNING
Status: RUNNING
Status: RUNNING
Status: RUNNING
Status: RUNNING
Status: RUNNING
Status: RUNNING
Status: RUNNING
Status: RUNNING
Status: RUNNING
Status: RUNNING
Status: RUNNING
Status: RUNNING
Status: RUNNING
Status: RUNNING
Status: RUNNING
Status: RUNNING
Status: RUNNING
Status: RUNNING
Status: RUNNING
Status: RUNNING
Status: RUNNING
Status: RUNNING
Status: RUNNING
Status: RUNNING
Status: RUNNING
Status: RUNNING
Status: RUNNING
Status: RUNNING
Status: COMPLETED
QMEANDisCo: 0.8113
Mutating chain A, position 50: SER -> HIS
Submitted ./1UBQ_Results/13.pdb
Checking: https://swissmodel.expasy.org/qmean/2TNZPJ.json
Status: QUEUEING
Status: QUEUEING
Status: QUEUEING
Status: QUEUEING
Status: QUEUEING
Status: QUEUEING
Status: QUEUEING
Status: RUNNING
Status: RUNNING
Status: RUNNING
Status: RUNNING
Status: RUNNING
Status: RUNNING
Status: RUNNING
Status: RUNNING
Status: RUNNING
Status: RUNNING
Status: RUNNING
Status: RUNNING
Status: RUNNING
Status: RUNNING
Status: RUNNING
Status: RUNNING
Status: RUNNING
Status: RUNNING
Status: RUNNING
Status: RUNNING
Status: RUNNING
Status: RUNNING
Status: RUNNING
Status: RUNNING
Status: RUNNING
Status: RUNNING
Status: RUNNING
Status: RUNNING
Status: RUNNING
Status: RUNNING
Status: RUNNING
Status: RUNNING
Status: RUNNING
Status: RUNNING
Status: RUNNING
Status: RUNNING
Status: RUNNING
Status: RUNNING
Status: RUNNING
Status: RUNNING
Status: RUNNING
Status: RUNNING
Status: RUNNING
Status: RUNNING
Status: RUNNING
Status: RUNNING
Status: RUNNING
Status: RUNNING
Status: RUNNING
Status: RUNNING
Status: RUNNING
Status: RUNNING
Status: RUNNING
Status: RUNNING
Status: RUNNING
Status: RUNNING
Status: RUNNING
Status: COMPLETED
QMEANDisCo: 0.8168
Mutating chain A, position 33: LYS -> SER
Submitted ./1UBQ_Results/13.pdb
Checking: https://swissmodel.expasy.org/qmean/gvvPzV.json
Status: QUEUEING
Status: QUEUEING
Status: QUEUEING
Status: QUEUEING
Status: QUEUEING
Status: QUEUEING
Status: QUEUEING
Status: RUNNING
Status: RUNNING
Status: RUNNING
Status: RUNNING
Status: RUNNING
Status: RUNNING
Status: RUNNING
Status: RUNNING
Status: RUNNING
Status: RUNNING
Status: RUNNING
Status: RUNNING
Status: RUNNING
Status: RUNNING
Status: RUNNING
Status: RUNNING
Status: RUNNING
Status: RUNNING
Status: RUNNING
Status: RUNNING
Status: RUNNING
Status: RUNNING
Status: RUNNING
Status: RUNNING
Status: RUNNING
Status: RUNNING
Status: RUNNING
Status: RUNNING
Status: RUNNING
Status: RUNNING
Status: RUNNING
Status: RUNNING
Status: RUNNING
Status: RUNNING
Status: RUNNING
Status: RUNNING
Status: RUNNING
Status: RUNNING
Status: RUNNING
Status: RUNNING
Status: RUNNING
Status: RUNNING
Status: RUNNING
Status: RUNNING
Status: RUNNING
Status: RUNNING
Status: RUNNING
Status: RUNNING
Status: RUNNING
Status: RUNNING
Status: RUNNING
Status: RUNNING
Status: RUNNING
Status: RUNNING
Status: RUNNING
Status: RUNNING
Status: RUNNING
Status: RUNNING
Status: RUNNING
Status: COMPLETED
QMEANDisCo: 0.8189
Mutating chain A, position 74: ARG -> SER
Submitted ./1UBQ_Results/13.pdb
Checking: https://swissmodel.expasy.org/qmean/XvsQ9k.json
Status: QUEUEING
Status: QUEUEING
Status: QUEUEING
Status: QUEUEING
Status: QUEUEING
Status: QUEUEING
Status: QUEUEING
Status: QUEUEING
Status: RUNNING
Status: RUNNING
Status: RUNNING
Status: RUNNING
Status: RUNNING
Status: RUNNING
Status: RUNNING
Status: RUNNING
Status: RUNNING
Status: RUNNING
Status: RUNNING
Status: RUNNING
Status: RUNNING
Status: RUNNING
Status: RUNNING
Status: RUNNING
Status: RUNNING
Status: RUNNING
Status: RUNNING
Status: RUNNING
Status: RUNNING
Status: RUNNING
Status: RUNNING
Status: RUNNING
Status: RUNNING
Status: RUNNING
Status: RUNNING
Status: RUNNING
Status: RUNNING
Status: RUNNING
Status: RUNNING
Status: RUNNING
Status: RUNNING
Status: RUNNING
Status: RUNNING
Status: RUNNING
Status: RUNNING
Status: RUNNING
Status: RUNNING
Status: RUNNING
Status: RUNNING
Status: RUNNING
Status: RUNNING
Status: RUNNING
Status: RUNNING
Status: RUNNING
Status: RUNNING
Status: RUNNING
Status: RUNNING
Status: RUNNING
Status: RUNNING
Status: RUNNING
Status: RUNNING
Status: RUNNING
Status: RUNNING
Status: RUNNING
Status: RUNNING
Status: RUNNING
Status: COMPLETED
QMEANDisCo: 0.8307
Mutating chain A, position 67: LEU -> GLU
Submitted ./1UBQ_Results/13.pdb
Checking: https://swissmodel.expasy.org/qmean/rUq4qf.json
Status: QUEUEING
Status: QUEUEING
Status: QUEUEING
Status: QUEUEING
Status: QUEUEING
Status: QUEUEING
Status: QUEUEING
Status: RUNNING
Status: RUNNING
Status: RUNNING
Status: RUNNING
Status: RUNNING
Status: RUNNING
Status: RUNNING
Status: RUNNING
Status: RUNNING
Status: RUNNING
Status: RUNNING
Status: RUNNING
Status: RUNNING
Status: RUNNING
Status: RUNNING
Status: RUNNING
Status: RUNNING
Status: RUNNING
Status: RUNNING
Status: RUNNING
Status: RUNNING
Status: RUNNING
Status: RUNNING
Status: RUNNING
Status: RUNNING
Status: RUNNING
Status: RUNNING
Status: RUNNING
Status: RUNNING
Status: RUNNING
Status: RUNNING
Status: RUNNING
Status: RUNNING
Status: RUNNING
Status: RUNNING
Status: RUNNING
Status: RUNNING
Status: RUNNING
Status: RUNNING
Status: RUNNING
Status: RUNNING
Status: RUNNING
Status: RUNNING
Status: RUNNING
Status: RUNNING
Status: RUNNING
Status: RUNNING
Status: RUNNING
Status: RUNNING
Status: RUNNING
Status: RUNNING
Status: RUNNING
Status: RUNNING
Status: RUNNING
Status: RUNNING
Status: RUNNING
Status: RUNNING
Status: RUNNING
Status: RUNNING
Status: RUNNING
Status: COMPLETED
QMEANDisCo: 0.8220
Mutating chain A, position 39: ASP -> SER
Submitted ./1UBQ_Results/13.pdb
Checking: https://swissmodel.expasy.org/qmean/SQTu4T.json
Status: QUEUEING
Status: QUEUEING
Status: QUEUEING
Status: QUEUEING
Status: QUEUEING
Status: QUEUEING
Status: QUEUEING
Status: RUNNING
Status: RUNNING
Status: RUNNING
Status: RUNNING
Status: RUNNING
Status: RUNNING
Status: RUNNING
Status: RUNNING
Status: RUNNING
Status: RUNNING
Status: RUNNING
Status: RUNNING
Status: RUNNING
Status: RUNNING
Status: RUNNING
Status: RUNNING
Status: RUNNING
Status: RUNNING
Status: RUNNING
Status: RUNNING
Status: RUNNING
Status: RUNNING
Status: RUNNING
Status: RUNNING
Status: RUNNING
Status: RUNNING
Status: RUNNING
Status: RUNNING
Status: RUNNING
Status: RUNNING
Status: RUNNING
Status: RUNNING
Status: RUNNING
Status: RUNNING
Status: RUNNING
Status: RUNNING
Status: RUNNING
Status: RUNNING
Status: RUNNING
Status: RUNNING
Status: RUNNING
Status: RUNNING
Status: RUNNING
Status: RUNNING
Status: RUNNING
Status: RUNNING
Status: RUNNING
Status: RUNNING
Status: RUNNING
Status: RUNNING
Status: RUNNING
Status: RUNNING
Status: RUNNING
Status: RUNNING
Status: RUNNING
Status: RUNNING
Status: RUNNING
Status: RUNNING
Status: RUNNING
Status: COMPLETED
QMEANDisCo: 0.8309
Mutating chain A, position 58: ASP -> THR
Submitted ./1UBQ_Results/13.pdb
Checking: https://swissmodel.expasy.org/qmean/aUctME.json
Status: QUEUEING
Status: QUEUEING
Status: QUEUEING
Status: QUEUEING
Status: QUEUEING
Status: QUEUEING
Status: QUEUEING
Status: RUNNING
Status: RUNNING
Status: RUNNING
Status: RUNNING
Status: RUNNING
Status: RUNNING
Status: RUNNING
Status: RUNNING
Status: RUNNING
Status: RUNNING
Status: RUNNING
Status: RUNNING
Status: RUNNING
Status: RUNNING
Status: RUNNING
Status: RUNNING
Status: RUNNING
Status: RUNNING
Status: RUNNING
Status: RUNNING
Status: RUNNING
Status: RUNNING
Status: RUNNING
Status: RUNNING
Status: RUNNING
Status: RUNNING
Status: RUNNING
Status: RUNNING
Status: RUNNING
Status: RUNNING
Status: RUNNING
Status: RUNNING
Status: RUNNING
Status: RUNNING
Status: RUNNING
Status: RUNNING
Status: RUNNING
Status: RUNNING
Status: RUNNING
Status: RUNNING
Status: RUNNING
Status: RUNNING
Status: RUNNING
Status: RUNNING
Status: RUNNING
Status: RUNNING
Status: RUNNING
Status: RUNNING
Status: RUNNING
Status: RUNNING
Status: RUNNING
Status: RUNNING
Status: RUNNING
Status: RUNNING
Status: RUNNING
Status: RUNNING
Status: RUNNING
Status: RUNNING
Status: COMPLETED
QMEANDisCo: 0.8157
Mutating chain A, position 32: ASP -> CYS
Submitted ./1UBQ_Results/13.pdb
Checking: https://swissmodel.expasy.org/qmean/E3TzWa.json
Status: QUEUEING
Status: QUEUEING
Status: QUEUEING
Status: QUEUEING
Status: QUEUEING
Status: QUEUEING
Status: QUEUEING
Status: QUEUEING
Status: RUNNING
Status: RUNNING
Status: RUNNING
Status: RUNNING
Status: RUNNING
Status: RUNNING
Status: RUNNING
Status: RUNNING
Status: RUNNING
Status: RUNNING
Status: RUNNING
Status: RUNNING
Status: RUNNING
Status: RUNNING
Status: RUNNING
Status: RUNNING
Status: RUNNING
Status: RUNNING
Status: RUNNING
Status: RUNNING
Status: RUNNING
Status: RUNNING
Status: RUNNING
Status: RUNNING
Status: RUNNING
Status: RUNNING
Status: RUNNING
Status: RUNNING
Status: RUNNING
Status: RUNNING
Status: RUNNING
Status: RUNNING
Status: RUNNING
Status: RUNNING
Status: RUNNING
Status: RUNNING
Status: RUNNING
Status: RUNNING
Status: RUNNING
Status: RUNNING
Status: RUNNING
Status: RUNNING
Status: RUNNING
Status: RUNNING
Status: RUNNING
Status: RUNNING
Status: RUNNING
Status: RUNNING
Status: RUNNING
Status: RUNNING
Status: RUNNING
Status: RUNNING
Status: RUNNING
Status: RUNNING
Status: RUNNING
Status: RUNNING
Status: RUNNING
Status: RUNNING
Status: RUNNING
Status: COMPLETED
QMEANDisCo: 0.8351
Mutating chain A, position 68: ILE -> ARG
Submitted ./1UBQ_Results/14.pdb
Checking: https://swissmodel.expasy.org/qmean/JpKdR2.json
Status: QUEUEING
Status: QUEUEING
Status: QUEUEING
Status: QUEUEING
Status: QUEUEING
Status: QUEUEING
Status: RUNNING
Status: RUNNING
Status: RUNNING
Status: RUNNING
Status: RUNNING
Status: RUNNING
Status: RUNNING
Status: RUNNING
Status: RUNNING
Status: RUNNING
Status: RUNNING
Status: RUNNING
Status: RUNNING
Status: RUNNING
Status: RUNNING
Status: RUNNING
Status: RUNNING
Status: RUNNING
Status: RUNNING
Status: RUNNING
Status: RUNNING
Status: RUNNING
Status: RUNNING
Status: RUNNING
Status: RUNNING
Status: RUNNING
Status: RUNNING
Status: RUNNING
Status: RUNNING
Status: RUNNING
Status: RUNNING
Status: RUNNING
Status: RUNNING
Status: RUNNING
Status: RUNNING
Status: RUNNING
Status: RUNNING
Status: RUNNING
Status: RUNNING
Status: RUNNING
Status: RUNNING
Status: RUNNING
Status: RUNNING
Status: RUNNING
Status: RUNNING
Status: RUNNING
Status: RUNNING
Status: RUNNING
Status: RUNNING
Status: RUNNING
Status: RUNNING
Status: RUNNING
Status: RUNNING
Status: RUNNING
Status: RUNNING
Status: RUNNING
Status: RUNNING
Status: RUNNING
Status: RUNNING
Status: COMPLETED
QMEANDisCo: 0.8275
Mutating chain A, position 4: PHE -> PRO
Submitted ./1UBQ_Results/14.pdb
Checking: https://swissmodel.expasy.org/qmean/W8XAXT.json
Status: QUEUEING
Status: QUEUEING
Status: QUEUEING
Status: QUEUEING
Status: QUEUEING
Status: QUEUEING
Status: QUEUEING
Status: QUEUEING
Status: RUNNING
Status: RUNNING
Status: RUNNING
Status: RUNNING
Status: RUNNING
Status: RUNNING
Status: RUNNING
Status: RUNNING
Status: RUNNING
Status: RUNNING
Status: RUNNING
Status: RUNNING
Status: RUNNING
Status: RUNNING
Status: RUNNING
Status: RUNNING
Status: RUNNING
Status: RUNNING
Status: RUNNING
Status: RUNNING
Status: RUNNING
Status: RUNNING
Status: RUNNING
Status: RUNNING
Status: RUNNING
Status: RUNNING
Status: RUNNING
Status: RUNNING
Status: RUNNING
Status: RUNNING
Status: RUNNING
Status: RUNNING
Status: RUNNING
Status: RUNNING
Status: RUNNING
Status: RUNNING
Status: RUNNING
Status: RUNNING
Status: RUNNING
Status: RUNNING
Status: RUNNING
Status: RUNNING
Status: RUNNING
Status: RUNNING
Status: RUNNING
Status: RUNNING
Status: RUNNING
Status: RUNNING
Status: RUNNING
Status: RUNNING
Status: RUNNING
Status: RUNNING
Status: RUNNING
Status: RUNNING
Status: RUNNING
Status: RUNNING
Status: RUNNING
Status: RUNNING
Status: COMPLETED
QMEANDisCo: 0.8133
Mutating chain A, position 69: LEU -> ARG
Submitted ./1UBQ_Results/14.pdb
Checking: https://swissmodel.expasy.org/qmean/9Kagnm.json
Status: QUEUEING
Status: QUEUEING
Status: QUEUEING
Status: QUEUEING
Status: QUEUEING
Status: QUEUEING
Status: QUEUEING
Status: RUNNING
Status: RUNNING
Status: RUNNING
Status: RUNNING
Status: RUNNING
Status: RUNNING
Status: RUNNING
Status: RUNNING
Status: RUNNING
Status: RUNNING
Status: RUNNING
Status: RUNNING
Status: RUNNING
Status: RUNNING
Status: RUNNING
Status: RUNNING
Status: RUNNING
Status: RUNNING
Status: RUNNING
Status: RUNNING
Status: RUNNING
Status: RUNNING
Status: RUNNING
Status: RUNNING
Status: RUNNING
Status: RUNNING
Status: RUNNING
Status: RUNNING
Status: RUNNING
Status: RUNNING
Status: RUNNING
Status: RUNNING
Status: RUNNING
Status: RUNNING
Status: RUNNING
Status: RUNNING
Status: RUNNING
Status: RUNNING
Status: RUNNING
Status: RUNNING
Status: RUNNING
Status: RUNNING
Status: RUNNING
Status: RUNNING
Status: RUNNING
Status: RUNNING
Status: RUNNING
Status: RUNNING
Status: RUNNING
Status: RUNNING
Status: RUNNING
Status: RUNNING
Status: RUNNING
Status: RUNNING
Status: RUNNING
Status: RUNNING
Status: RUNNING
Status: RUNNING
Status: RUNNING
Status: COMPLETED
QMEANDisCo: 0.8277
Mutating chain A, position 37: PRO -> GLU
Submitted ./1UBQ_Results/14.pdb
Checking: https://swissmodel.expasy.org/qmean/fQaCQd.json
Status: QUEUEING
Status: QUEUEING
Status: QUEUEING
Status: QUEUEING
Status: QUEUEING
Status: QUEUEING
Status: QUEUEING
Status: RUNNING
Status: RUNNING
Status: RUNNING
Status: RUNNING
Status: RUNNING
Status: RUNNING
Status: RUNNING
Status: RUNNING
Status: RUNNING
Status: RUNNING
Status: RUNNING
Status: RUNNING
Status: RUNNING
Status: RUNNING
Status: RUNNING
Status: RUNNING
Status: RUNNING
Status: RUNNING
Status: RUNNING
Status: RUNNING
Status: RUNNING
Status: RUNNING
Status: RUNNING
Status: RUNNING
Status: RUNNING
Status: RUNNING
Status: RUNNING
Status: RUNNING
Status: RUNNING
Status: RUNNING
Status: RUNNING
Status: RUNNING
Status: RUNNING
Status: RUNNING
Status: RUNNING
Status: RUNNING
Status: RUNNING
Status: RUNNING
Status: RUNNING
Status: RUNNING
Status: RUNNING
Status: RUNNING
Status: RUNNING
Status: RUNNING
Status: RUNNING
Status: RUNNING
Status: RUNNING
Status: RUNNING
Status: RUNNING
Status: RUNNING
Status: RUNNING
Status: RUNNING
Status: RUNNING
Status: RUNNING
Status: RUNNING
Status: RUNNING
Status: RUNNING
Status: RUNNING
Status: RUNNING
Status: COMPLETED
QMEANDisCo: 0.8257
Mutating chain A, position 56: LEU -> GLN
Submitted ./1UBQ_Results/14.pdb
Checking: https://swissmodel.expasy.org/qmean/dQHvZa.json
Status: QUEUEING
Status: QUEUEING
Status: QUEUEING
Status: QUEUEING
Status: QUEUEING
Status: QUEUEING
Status: QUEUEING
Status: RUNNING
Status: RUNNING
Status: RUNNING
Status: RUNNING
Status: RUNNING
Status: RUNNING
Status: RUNNING
Status: RUNNING
Status: RUNNING
Status: RUNNING
Status: RUNNING
Status: RUNNING
Status: RUNNING
Status: RUNNING
Status: RUNNING
Status: RUNNING
Status: RUNNING
Status: RUNNING
Status: RUNNING
Status: RUNNING
Status: RUNNING
Status: RUNNING
Status: RUNNING
Status: RUNNING
Status: RUNNING
Status: RUNNING
Status: RUNNING
Status: RUNNING
Status: RUNNING
Status: RUNNING
Status: RUNNING
Status: RUNNING
Status: RUNNING
Status: RUNNING
Status: RUNNING
Status: RUNNING
Status: RUNNING
Status: RUNNING
Status: RUNNING
Status: RUNNING
Status: RUNNING
Status: RUNNING
Status: RUNNING
Status: RUNNING
Status: RUNNING
Status: RUNNING
Status: RUNNING
Status: RUNNING
Status: RUNNING
Status: RUNNING
Status: RUNNING
Status: RUNNING
Status: RUNNING
Status: RUNNING
Status: RUNNING
Status: RUNNING
Status: RUNNING
Status: RUNNING
Status: RUNNING
Status: RUNNING
Status: COMPLETED
QMEANDisCo: 0.8244
Mutating chain A, position 44: ILE -> ASP
Submitted ./1UBQ_Results/14.pdb
Checking: https://swissmodel.expasy.org/qmean/Khctxa.json
Status: QUEUEING
Status: QUEUEING
Status: QUEUEING
Status: QUEUEING
Status: QUEUEING
Status: QUEUEING
Status: QUEUEING
Status: RUNNING
Status: RUNNING
Status: RUNNING
Status: RUNNING
Status: RUNNING
Status: RUNNING
Status: RUNNING
Status: RUNNING
Status: RUNNING
Status: RUNNING
Status: RUNNING
Status: RUNNING
Status: RUNNING
Status: RUNNING
Status: RUNNING
Status: RUNNING
Status: RUNNING
Status: RUNNING
Status: RUNNING
Status: RUNNING
Status: RUNNING
Status: RUNNING
Status: RUNNING
Status: RUNNING
Status: RUNNING
Status: RUNNING
Status: RUNNING
Status: RUNNING
Status: RUNNING
Status: RUNNING
Status: RUNNING
Status: RUNNING
Status: RUNNING
Status: RUNNING
Status: RUNNING
Status: RUNNING
Status: RUNNING
Status: RUNNING
Status: RUNNING
Status: RUNNING
Status: RUNNING
Status: RUNNING
Status: RUNNING
Status: RUNNING
Status: RUNNING
Status: RUNNING
Status: RUNNING
Status: RUNNING
Status: RUNNING
Status: RUNNING
Status: RUNNING
Status: RUNNING
Status: RUNNING
Status: RUNNING
Status: RUNNING
Status: RUNNING
Status: RUNNING
Status: RUNNING
Status: COMPLETED
QMEANDisCo: 0.7756
Mutating chain A, position 68: ILE -> MET
Submitted ./1UBQ_Results/14.pdb
Checking: https://swissmodel.expasy.org/qmean/C87SCn.json
Status: QUEUEING
Status: QUEUEING
Status: QUEUEING
Status: QUEUEING
Status: QUEUEING
Status: QUEUEING
Status: QUEUEING
Status: RUNNING
Status: RUNNING
Status: RUNNING
Status: RUNNING
Status: RUNNING
Status: RUNNING
Status: RUNNING
Status: RUNNING
Status: RUNNING
Status: RUNNING
Status: RUNNING
Status: RUNNING
Status: RUNNING
Status: RUNNING
Status: RUNNING
Status: RUNNING
Status: RUNNING
Status: RUNNING
Status: RUNNING
Status: RUNNING
Status: RUNNING
Status: RUNNING
Status: RUNNING
Status: RUNNING
Status: RUNNING
Status: RUNNING
Status: RUNNING
Status: RUNNING
Status: RUNNING
Status: RUNNING
Status: RUNNING
Status: RUNNING
Status: RUNNING
Status: RUNNING
Status: RUNNING
Status: RUNNING
Status: RUNNING
Status: RUNNING
Status: RUNNING
Status: RUNNING
Status: RUNNING
Status: RUNNING
Status: RUNNING
Status: RUNNING
Status: RUNNING
Status: RUNNING
Status: RUNNING
Status: RUNNING
Status: RUNNING
Status: RUNNING
Status: RUNNING
Status: RUNNING
Status: RUNNING
Status: RUNNING
Status: RUNNING
Status: RUNNING
Status: RUNNING
Status: RUNNING
Status: RUNNING
Status: COMPLETED
QMEANDisCo: 0.8241
Mutating chain A, position 4: PHE -> ASN
Submitted ./1UBQ_Results/14.pdb
Checking: https://swissmodel.expasy.org/qmean/maZgCM.json
Status: QUEUEING
Status: QUEUEING
Status: QUEUEING
Status: QUEUEING
Status: QUEUEING
Status: QUEUEING
Status: QUEUEING
Status: QUEUEING
Status: RUNNING
Status: RUNNING
Status: RUNNING
Status: RUNNING
Status: RUNNING
Status: RUNNING
Status: RUNNING
Status: RUNNING
Status: RUNNING
Status: RUNNING
Status: RUNNING
Status: RUNNING
Status: RUNNING
Status: RUNNING
Status: RUNNING
Status: RUNNING
Status: RUNNING
Status: RUNNING
Status: RUNNING
Status: RUNNING
Status: RUNNING
Status: RUNNING
Status: RUNNING
Status: RUNNING
Status: RUNNING
Status: RUNNING
Status: RUNNING
Status: RUNNING
Status: RUNNING
Status: RUNNING
Status: RUNNING
Status: RUNNING
Status: RUNNING
Status: RUNNING
Status: RUNNING
Status: RUNNING
Status: RUNNING
Status: RUNNING
Status: RUNNING
Status: RUNNING
Status: RUNNING
Status: RUNNING
Status: RUNNING
Status: RUNNING
Status: RUNNING
Status: RUNNING
Status: RUNNING
Status: RUNNING
Status: RUNNING
Status: RUNNING
Status: RUNNING
Status: RUNNING
Status: RUNNING
Status: RUNNING
Status: RUNNING
Status: RUNNING
Status: RUNNING
Status: RUNNING
Status: COMPLETED
QMEANDisCo: 0.8311
Mutating chain A, position 28: PHE -> TYR
Submitted ./1UBQ_Results/14.pdb
Checking: https://swissmodel.expasy.org/qmean/LzLHXZ.json
Status: QUEUEING
Status: QUEUEING
Status: QUEUEING
Status: QUEUEING
Status: QUEUEING
Status: QUEUEING
Status: QUEUEING
Status: RUNNING
Status: RUNNING
Status: RUNNING
Status: RUNNING
Status: RUNNING
Status: RUNNING
Status: RUNNING
Status: RUNNING
Status: RUNNING
Status: RUNNING
Status: RUNNING
Status: RUNNING
Status: RUNNING
Status: RUNNING
Status: RUNNING
Status: RUNNING
Status: RUNNING
Status: RUNNING
Status: RUNNING
Status: RUNNING
Status: RUNNING
Status: RUNNING
Status: RUNNING
Status: RUNNING
Status: RUNNING
Status: RUNNING
Status: RUNNING
Status: RUNNING
Status: RUNNING
Status: RUNNING
Status: RUNNING
Status: RUNNING
Status: RUNNING
Status: RUNNING
Status: RUNNING
Status: RUNNING
Status: RUNNING
Status: RUNNING
Status: RUNNING
Status: RUNNING
Status: RUNNING
Status: RUNNING
Status: RUNNING
Status: RUNNING
Status: RUNNING
Status: RUNNING
Status: RUNNING
Status: RUNNING
Status: RUNNING
Status: RUNNING
Status: RUNNING
Status: RUNNING
Status: RUNNING
Status: RUNNING
Status: RUNNING
Status: RUNNING
Status: RUNNING
Status: RUNNING
Status: RUNNING
Status: COMPLETED
QMEANDisCo: 0.8295
Mutating chain A, position 32: CYS -> ALA
Submitted ./1UBQ_Results/14.pdb
Checking: https://swissmodel.expasy.org/qmean/UEGTvr.json
Status: QUEUEING
Status: QUEUEING
Status: QUEUEING
Status: QUEUEING
Status: QUEUEING
Status: QUEUEING
Status: QUEUEING
Status: QUEUEING
Status: RUNNING
Status: RUNNING
Status: RUNNING
Status: RUNNING
Status: RUNNING
Status: RUNNING
Status: RUNNING
Status: RUNNING
Status: RUNNING
Status: RUNNING
Status: RUNNING
Status: RUNNING
Status: RUNNING
Status: RUNNING
Status: RUNNING
Status: RUNNING
Status: RUNNING
Status: RUNNING
Status: RUNNING
Status: RUNNING
Status: RUNNING
Status: RUNNING
Status: RUNNING
Status: RUNNING
Status: RUNNING
Status: RUNNING
Status: RUNNING
Status: RUNNING
Status: RUNNING
Status: RUNNING
Status: RUNNING
Status: RUNNING
Status: RUNNING
Status: RUNNING
Status: RUNNING
Status: RUNNING
Status: RUNNING
Status: RUNNING
Status: RUNNING
Status: RUNNING
Status: RUNNING
Status: RUNNING
Status: RUNNING
Status: RUNNING
Status: RUNNING
Status: RUNNING
Status: RUNNING
Status: RUNNING
Status: RUNNING
Status: RUNNING
Status: RUNNING
Status: RUNNING
Status: RUNNING
Status: RUNNING
Status: RUNNING
Status: RUNNING
Status: RUNNING
Status: RUNNING
Status: RUNNING
Status: COMPLETED
QMEANDisCo: 0.8221
Mutating chain A, position 37: PRO -> ARG
Submitted ./1UBQ_Results/14.pdb
Checking: https://swissmodel.expasy.org/qmean/XGhBEb.json
Status: QUEUEING
Status: QUEUEING
Status: QUEUEING
Status: QUEUEING
Status: QUEUEING
Status: QUEUEING
Status: QUEUEING
Status: RUNNING
Status: RUNNING
Status: RUNNING
Status: RUNNING
Status: RUNNING
Status: RUNNING
Status: RUNNING
Status: RUNNING
Status: RUNNING
Status: RUNNING
Status: RUNNING
Status: RUNNING
Status: RUNNING
Status: RUNNING
Status: RUNNING
Status: RUNNING
Status: RUNNING
Status: RUNNING
Status: RUNNING
Status: RUNNING
Status: RUNNING
Status: RUNNING
Status: RUNNING
Status: RUNNING
Status: RUNNING
Status: RUNNING
Status: RUNNING
Status: RUNNING
Status: RUNNING
Status: RUNNING
Status: RUNNING
Status: RUNNING
Status: RUNNING
Status: RUNNING
Status: RUNNING
Status: RUNNING
Status: RUNNING
Status: RUNNING
Status: RUNNING
Status: RUNNING
Status: RUNNING
Status: RUNNING
Status: RUNNING
Status: RUNNING
Status: RUNNING
Status: RUNNING
Status: RUNNING
Status: RUNNING
Status: RUNNING
Status: RUNNING
Status: RUNNING
Status: RUNNING
Status: RUNNING
Status: RUNNING
Status: RUNNING
Status: RUNNING
Status: RUNNING
Status: RUNNING
Status: RUNNING
Status: RUNNING
Status: COMPLETED
QMEANDisCo: 0.8159
Mutating chain A, position 13: ILE -> ASN
Submitted ./1UBQ_Results/14.pdb
Checking: https://swissmodel.expasy.org/qmean/BEHr6q.json
Status: QUEUEING
Status: QUEUEING
Status: QUEUEING
Status: QUEUEING
Status: QUEUEING
Status: QUEUEING
Status: RUNNING
Status: RUNNING
Status: RUNNING
Status: RUNNING
Status: RUNNING
Status: RUNNING
Status: RUNNING
Status: RUNNING
Status: RUNNING
Status: RUNNING
Status: RUNNING
Status: RUNNING
Status: RUNNING
Status: RUNNING
Status: RUNNING
Status: RUNNING
Status: RUNNING
Status: RUNNING
Status: RUNNING
Status: RUNNING
Status: RUNNING
Status: RUNNING
Status: RUNNING
Status: RUNNING
Status: RUNNING
Status: RUNNING
Status: RUNNING
Status: RUNNING
Status: RUNNING
Status: RUNNING
Status: RUNNING
Status: RUNNING
Status: RUNNING
Status: RUNNING
Status: RUNNING
Status: RUNNING
Status: RUNNING
Status: RUNNING
Status: RUNNING
Status: RUNNING
Status: RUNNING
Status: RUNNING
Status: RUNNING
Status: RUNNING
Status: RUNNING
Status: RUNNING
Status: RUNNING
Status: RUNNING
Status: RUNNING
Status: RUNNING
Status: RUNNING
Status: RUNNING
Status: RUNNING
Status: RUNNING
Status: RUNNING
Status: RUNNING
Status: RUNNING
Status: RUNNING
Status: COMPLETED
QMEANDisCo: 0.8236
Mutating chain A, position 53: GLY -> CYS
Submitted ./1UBQ_Results/14.pdb
Checking: https://swissmodel.expasy.org/qmean/LdhKx4.json
Status: QUEUEING
Status: QUEUEING
Status: QUEUEING
Status: QUEUEING
Status: QUEUEING
Status: QUEUEING
Status: QUEUEING
Status: RUNNING
Status: RUNNING
Status: RUNNING
Status: RUNNING
Status: RUNNING
Status: RUNNING
Status: RUNNING
Status: RUNNING
Status: RUNNING
Status: RUNNING
Status: RUNNING
Status: RUNNING
Status: RUNNING
Status: RUNNING
Status: RUNNING
Status: RUNNING
Status: RUNNING
Status: RUNNING
Status: RUNNING
Status: RUNNING
Status: RUNNING
Status: RUNNING
Status: RUNNING
Status: RUNNING
Status: RUNNING
Status: RUNNING
Status: RUNNING
Status: RUNNING
Status: RUNNING
Status: RUNNING
Status: RUNNING
Status: RUNNING
Status: RUNNING
Status: RUNNING
Status: RUNNING
Status: RUNNING
Status: RUNNING
Status: RUNNING
Status: RUNNING
Status: RUNNING
Status: RUNNING
Status: RUNNING
Status: RUNNING
Status: RUNNING
Status: RUNNING
Status: RUNNING
Status: RUNNING
Status: RUNNING
Status: RUNNING
Status: RUNNING
Status: RUNNING
Status: RUNNING
Status: COMPLETED
QMEANDisCo: 0.8258
Mutating chain A, position 18: ILE -> ASP
Submitted ./1UBQ_Results/14.pdb
Checking: https://swissmodel.expasy.org/qmean/T3t4ke.json
Status: QUEUEING
Status: QUEUEING
Status: QUEUEING
Status: QUEUEING
Status: QUEUEING
Status: QUEUEING
Status: QUEUEING
Status: RUNNING
Status: RUNNING
Status: RUNNING
Status: RUNNING
Status: RUNNING
Status: RUNNING
Status: RUNNING
Status: RUNNING
Status: RUNNING
Status: RUNNING
Status: RUNNING
Status: RUNNING
Status: RUNNING
Status: RUNNING
Status: RUNNING
Status: RUNNING
Status: RUNNING
Status: RUNNING
Status: RUNNING
Status: RUNNING
Status: RUNNING
Status: RUNNING
Status: RUNNING
Status: RUNNING
Status: RUNNING
Status: RUNNING
Status: RUNNING
Status: RUNNING
Status: RUNNING
Status: RUNNING
Status: RUNNING
Status: RUNNING
Status: RUNNING
Status: RUNNING
Status: RUNNING
Status: RUNNING
Status: RUNNING
Status: RUNNING
Status: RUNNING
Status: RUNNING
Status: RUNNING
Status: RUNNING
Status: RUNNING
Status: RUNNING
Status: RUNNING
Status: RUNNING
Status: RUNNING
Status: RUNNING
Status: RUNNING
Status: RUNNING
Status: RUNNING
Status: COMPLETED
QMEANDisCo: 0.8277
Mutating chain A, position 11: LYS -> TYR
Submitted ./1UBQ_Results/14.pdb
Checking: https://swissmodel.expasy.org/qmean/m5LHmU.json
Status: QUEUEING
Status: QUEUEING
Status: QUEUEING
Status: QUEUEING
Status: QUEUEING
Status: QUEUEING
Status: QUEUEING
Status: RUNNING
Status: RUNNING
Status: RUNNING
Status: RUNNING
Status: RUNNING
Status: RUNNING
Status: RUNNING
Status: RUNNING
Status: RUNNING
Status: RUNNING
Status: RUNNING
Status: RUNNING
Status: RUNNING
Status: RUNNING
Status: RUNNING
Status: RUNNING
Status: RUNNING
Status: RUNNING
Status: RUNNING
Status: RUNNING
Status: RUNNING
Status: RUNNING
Status: RUNNING
Status: RUNNING
Status: RUNNING
Status: RUNNING
Status: RUNNING
Status: RUNNING
Status: RUNNING
Status: RUNNING
Status: RUNNING
Status: RUNNING
Status: RUNNING
Status: RUNNING
Status: RUNNING
Status: RUNNING
Status: RUNNING
Status: RUNNING
Status: RUNNING
Status: RUNNING
Status: RUNNING
Status: RUNNING
Status: RUNNING
Status: RUNNING
Status: RUNNING
Status: RUNNING
Status: RUNNING
Status: RUNNING
Status: RUNNING
Status: RUNNING
Status: RUNNING
Status: RUNNING
Status: RUNNING
Status: RUNNING
Status: RUNNING
Status: RUNNING
Status: RUNNING
Status: RUNNING
Status: COMPLETED
QMEANDisCo: 0.8278
Mutating chain A, position 62: GLN -> LYS
Submitted ./1UBQ_Results/14.pdb
Checking: https://swissmodel.expasy.org/qmean/xR4Qxb.json
Status: QUEUEING
Status: QUEUEING
Status: QUEUEING
Status: QUEUEING
Status: QUEUEING
Status: QUEUEING
Status: QUEUEING
Status: RUNNING
Status: RUNNING
Status: RUNNING
Status: RUNNING
Status: RUNNING
Status: RUNNING
Status: RUNNING
Status: RUNNING
Status: RUNNING
Status: RUNNING
Status: RUNNING
Status: RUNNING
Status: RUNNING
Status: RUNNING
Status: RUNNING
Status: RUNNING
Status: RUNNING
Status: RUNNING
Status: RUNNING
Status: RUNNING
Status: RUNNING
Status: RUNNING
Status: RUNNING
Status: RUNNING
Status: RUNNING
Status: RUNNING
Status: RUNNING
Status: RUNNING
Status: RUNNING
Status: RUNNING
Status: RUNNING
Status: RUNNING
Status: RUNNING
Status: RUNNING
Status: RUNNING
Status: RUNNING
Status: RUNNING
Status: RUNNING
Status: RUNNING
Status: RUNNING
Status: RUNNING
Status: RUNNING
Status: RUNNING
Status: RUNNING
Status: RUNNING
Status: RUNNING
Status: RUNNING
Status: RUNNING
Status: RUNNING
Status: RUNNING
Status: RUNNING
Status: RUNNING
Status: RUNNING
Status: RUNNING
Status: RUNNING
Status: RUNNING
Status: RUNNING
Status: RUNNING
Status: RUNNING
Status: COMPLETED
QMEANDisCo: 0.8173
Mutating chain A, position 21: ASP -> TYR
Submitted ./1UBQ_Results/14.pdb
Checking: https://swissmodel.expasy.org/qmean/cVzTfa.json
Status: QUEUEING
Status: QUEUEING
Status: QUEUEING
Status: QUEUEING
Status: QUEUEING
Status: QUEUEING
Status: QUEUEING
Status: QUEUEING
Status: RUNNING
Status: RUNNING
Status: RUNNING
Status: RUNNING
Status: RUNNING
Status: RUNNING
Status: RUNNING
Status: RUNNING
Status: RUNNING
Status: RUNNING
Status: RUNNING
Status: RUNNING
Status: RUNNING
Status: RUNNING
Status: RUNNING
Status: RUNNING
Status: RUNNING
Status: RUNNING
Status: RUNNING
Status: RUNNING
Status: RUNNING
Status: RUNNING
Status: RUNNING
Status: RUNNING
Status: RUNNING
Status: RUNNING
Status: RUNNING
Status: RUNNING
Status: RUNNING
Status: RUNNING
Status: RUNNING
Status: RUNNING
Status: RUNNING
Status: RUNNING
Status: RUNNING
Status: RUNNING
Status: RUNNING
Status: RUNNING
Status: RUNNING
Status: RUNNING
Status: RUNNING
Status: RUNNING
Status: RUNNING
Status: RUNNING
Status: RUNNING
Status: RUNNING
Status: RUNNING
Status: RUNNING
Status: RUNNING
Status: RUNNING
Status: RUNNING
Status: RUNNING
Status: RUNNING
Status: RUNNING
Status: RUNNING
Status: RUNNING
Status: RUNNING
Status: COMPLETED
QMEANDisCo: 0.8144
Mutating chain A, position 45: PHE -> LYS
Submitted ./1UBQ_Results/14.pdb
Checking: https://swissmodel.expasy.org/qmean/NAcUkQ.json
Status: QUEUEING
Status: QUEUEING
Status: QUEUEING
Status: QUEUEING
Status: QUEUEING
Status: QUEUEING
Status: QUEUEING
Status: RUNNING
Status: RUNNING
Status: RUNNING
Status: RUNNING
Status: RUNNING
Status: RUNNING
Status: RUNNING
Status: RUNNING
Status: RUNNING
Status: RUNNING
Status: RUNNING
Status: RUNNING
Status: RUNNING
Status: RUNNING
Status: RUNNING
Status: RUNNING
Status: RUNNING
Status: RUNNING
Status: RUNNING
Status: RUNNING
Status: RUNNING
Status: RUNNING
Status: RUNNING
Status: RUNNING
Status: RUNNING
Status: RUNNING
Status: RUNNING
Status: RUNNING
Status: RUNNING
Status: RUNNING
Status: RUNNING
Status: RUNNING
Status: RUNNING
Status: RUNNING
Status: RUNNING
Status: RUNNING
Status: RUNNING
Status: RUNNING
Status: RUNNING
Status: RUNNING
Status: RUNNING
Status: RUNNING
Status: RUNNING
Status: RUNNING
Status: RUNNING
Status: RUNNING
Status: RUNNING
Status: RUNNING
Status: RUNNING
Status: RUNNING
Status: RUNNING
Status: RUNNING
Status: COMPLETED
QMEANDisCo: 0.8179
Mutating chain A, position 45: PHE -> MET
Submitted ./1UBQ_Results/14.pdb
Checking: https://swissmodel.expasy.org/qmean/UHaHbm.json
Status: QUEUEING
Status: QUEUEING
Status: QUEUEING
Status: QUEUEING
Status: QUEUEING
Status: QUEUEING
Status: QUEUEING
Status: RUNNING
Status: RUNNING
Status: RUNNING
Status: RUNNING
Status: RUNNING
Status: RUNNING
Status: RUNNING
Status: RUNNING
Status: RUNNING
Status: RUNNING
Status: RUNNING
Status: RUNNING
Status: RUNNING
Status: RUNNING
Status: RUNNING
Status: RUNNING
Status: RUNNING
Status: RUNNING
Status: RUNNING
Status: RUNNING
Status: RUNNING
Status: RUNNING
Status: RUNNING
Status: RUNNING
Status: RUNNING
Status: RUNNING
Status: RUNNING
Status: RUNNING
Status: RUNNING
Status: RUNNING
Status: RUNNING
Status: RUNNING
Status: RUNNING
Status: RUNNING
Status: RUNNING
Status: RUNNING
Status: RUNNING
Status: RUNNING
Status: RUNNING
Status: RUNNING
Status: RUNNING
Status: RUNNING
Status: RUNNING
Status: RUNNING
Status: RUNNING
Status: RUNNING
Status: RUNNING
Status: RUNNING
Status: RUNNING
Status: RUNNING
Status: RUNNING
Status: RUNNING
Status: RUNNING
Status: RUNNING
Status: RUNNING
Status: RUNNING
Status: RUNNING
Status: RUNNING
Status: RUNNING
Status: RUNNING
Status: COMPLETED
QMEANDisCo: 0.8285
Mutating chain A, position 26: VAL -> HIS
Submitted ./1UBQ_Results/14.pdb
Checking: https://swissmodel.expasy.org/qmean/fxNpgY.json
Status: QUEUEING
Status: QUEUEING
Status: QUEUEING
Status: QUEUEING
Status: QUEUEING
Status: QUEUEING
Status: QUEUEING
Status: RUNNING
Status: RUNNING
Status: RUNNING
Status: RUNNING
Status: RUNNING
Status: RUNNING
Status: RUNNING
Status: RUNNING
Status: RUNNING
Status: RUNNING
Status: RUNNING
Status: RUNNING
Status: RUNNING
Status: RUNNING
Status: RUNNING
Status: RUNNING
Status: RUNNING
Status: RUNNING
Status: RUNNING
Status: RUNNING
Status: RUNNING
Status: RUNNING
Status: RUNNING
Status: RUNNING
Status: RUNNING
Status: RUNNING
Status: RUNNING
Status: RUNNING
Status: RUNNING
Status: RUNNING
Status: RUNNING
Status: RUNNING
Status: RUNNING
Status: RUNNING
Status: RUNNING
Status: RUNNING
Status: RUNNING
Status: RUNNING
Status: RUNNING
Status: RUNNING
Status: RUNNING
Status: RUNNING
Status: RUNNING
Status: RUNNING
Status: RUNNING
Status: RUNNING
Status: RUNNING
Status: RUNNING
Status: RUNNING
Status: RUNNING
Status: RUNNING
Status: RUNNING
Status: RUNNING
Status: RUNNING
Status: RUNNING
Status: RUNNING
Status: RUNNING
Status: COMPLETED
QMEANDisCo: 0.8205
Mutating chain A, position 72: ARG -> LEU
Submitted ./1UBQ_Results/14.pdb
Checking: https://swissmodel.expasy.org/qmean/BHDHS8.json
Status: QUEUEING
Status: QUEUEING
Status: QUEUEING
Status: QUEUEING
Status: QUEUEING
Status: QUEUEING
Status: QUEUEING
Status: RUNNING
Status: RUNNING
Status: RUNNING
Status: RUNNING
Status: RUNNING
Status: RUNNING
Status: RUNNING
Status: RUNNING
Status: RUNNING
Status: RUNNING
Status: RUNNING
Status: RUNNING
Status: RUNNING
Status: RUNNING
Status: RUNNING
Status: RUNNING
Status: RUNNING
Status: RUNNING
Status: RUNNING
Status: RUNNING
Status: RUNNING
Status: RUNNING
Status: RUNNING
Status: RUNNING
Status: RUNNING
Status: RUNNING
Status: RUNNING
Status: RUNNING
Status: RUNNING
Status: RUNNING
Status: RUNNING
Status: RUNNING
Status: RUNNING
Status: RUNNING
Status: RUNNING
Status: RUNNING
Status: RUNNING
Status: RUNNING
Status: RUNNING
Status: RUNNING
Status: RUNNING
Status: RUNNING
Status: RUNNING
Status: RUNNING
Status: RUNNING
Status: RUNNING
Status: RUNNING
Status: RUNNING
Status: RUNNING
Status: RUNNING
Status: RUNNING
Status: RUNNING
Status: RUNNING
Status: RUNNING
Status: RUNNING
Status: RUNNING
Status: RUNNING
Status: RUNNING
Status: RUNNING
Status: COMPLETED
QMEANDisCo: 0.8282
Mutating chain A, position 53: GLY -> PHE
Submitted ./1UBQ_Results/14.pdb
Checking: https://swissmodel.expasy.org/qmean/zvF3HX.json
Status: QUEUEING
Status: QUEUEING
Status: QUEUEING
Status: QUEUEING
Status: QUEUEING
Status: QUEUEING
Status: QUEUEING
Status: QUEUEING
Status: RUNNING
Status: RUNNING
Status: RUNNING
Status: RUNNING
Status: RUNNING
Status: RUNNING
Status: RUNNING
Status: RUNNING
Status: RUNNING
Status: RUNNING
Status: RUNNING
Status: RUNNING
Status: RUNNING
Status: RUNNING
Status: RUNNING
Status: RUNNING
Status: RUNNING
Status: RUNNING
Status: RUNNING
Status: RUNNING
Status: RUNNING
Status: RUNNING
Status: RUNNING
Status: RUNNING
Status: RUNNING
Status: RUNNING
Status: RUNNING
Status: RUNNING
Status: RUNNING
Status: RUNNING
Status: RUNNING
Status: RUNNING
Status: RUNNING
Status: RUNNING
Status: RUNNING
Status: RUNNING
Status: RUNNING
Status: RUNNING
Status: RUNNING
Status: RUNNING
Status: RUNNING
Status: RUNNING
Status: RUNNING
Status: RUNNING
Status: RUNNING
Status: RUNNING
Status: RUNNING
Status: RUNNING
Status: RUNNING
Status: RUNNING
Status: RUNNING
Status: RUNNING
Status: RUNNING
Status: RUNNING
Status: RUNNING
Status: RUNNING
Status: RUNNING
Status: COMPLETED
QMEANDisCo: 0.8269
Mutating chain A, position 42: ARG -> PRO
Submitted ./1UBQ_Results/14.pdb
Checking: https://swissmodel.expasy.org/qmean/22NcgY.json
Status: QUEUEING
Status: QUEUEING
Status: QUEUEING
Status: QUEUEING
Status: QUEUEING
Status: QUEUEING
Status: QUEUEING
Status: RUNNING
Status: RUNNING
Status: RUNNING
Status: RUNNING
Status: RUNNING
Status: RUNNING
Status: RUNNING
Status: RUNNING
Status: RUNNING
Status: RUNNING
Status: RUNNING
Status: RUNNING
Status: RUNNING
Status: RUNNING
Status: RUNNING
Status: RUNNING
Status: RUNNING
Status: RUNNING
Status: RUNNING
Status: RUNNING
Status: RUNNING
Status: RUNNING
Status: RUNNING
Status: RUNNING
Status: RUNNING
Status: RUNNING
Status: RUNNING
Status: RUNNING
Status: RUNNING
Status: RUNNING
Status: RUNNING
Status: RUNNING
Status: RUNNING
Status: RUNNING
Status: RUNNING
Status: RUNNING
Status: RUNNING
Status: RUNNING
Status: RUNNING
Status: RUNNING
Status: RUNNING
Status: RUNNING
Status: RUNNING
Status: RUNNING
Status: RUNNING
Status: RUNNING
Status: RUNNING
Status: RUNNING
Status: RUNNING
Status: RUNNING
Status: RUNNING
Status: RUNNING
Status: RUNNING
Status: RUNNING
Status: RUNNING
Status: RUNNING
Status: RUNNING
Status: RUNNING
Status: RUNNING
Status: COMPLETED
QMEANDisCo: 0.8050
Mutating chain A, position 34: GLU -> GLN
Submitted ./1UBQ_Results/14.pdb
Checking: https://swissmodel.expasy.org/qmean/TQhzke.json
Status: QUEUEING
Status: QUEUEING
Status: QUEUEING
Status: QUEUEING
Status: QUEUEING
Status: QUEUEING
Status: QUEUEING
Status: RUNNING
Status: RUNNING
Status: RUNNING
Status: RUNNING
Status: RUNNING
Status: RUNNING
Status: RUNNING
Status: RUNNING
Status: RUNNING
Status: RUNNING
Status: RUNNING
Status: RUNNING
Status: RUNNING
Status: RUNNING
Status: RUNNING
Status: RUNNING
Status: RUNNING
Status: RUNNING
Status: RUNNING
Status: RUNNING
Status: RUNNING
Status: RUNNING
Status: RUNNING
Status: RUNNING
Status: RUNNING
Status: RUNNING
Status: RUNNING
Status: RUNNING
Status: RUNNING
Status: RUNNING
Status: RUNNING
Status: RUNNING
Status: RUNNING
Status: RUNNING
Status: RUNNING
Status: RUNNING
Status: RUNNING
Status: RUNNING
Status: RUNNING
Status: RUNNING
Status: RUNNING
Status: RUNNING
Status: RUNNING
Status: RUNNING
Status: RUNNING
Status: RUNNING
Status: RUNNING
Status: RUNNING
Status: RUNNING
Status: RUNNING
Status: RUNNING
Status: RUNNING
Status: RUNNING
Status: RUNNING
Status: RUNNING
Status: RUNNING
Status: RUNNING
Status: RUNNING
Status: RUNNING
Status: COMPLETED
QMEANDisCo: 0.8340
Mutating chain A, position 3: ILE -> LEU
Submitted ./1UBQ_Results/14.pdb
Checking: https://swissmodel.expasy.org/qmean/HQt33x.json
Status: QUEUEING
Status: QUEUEING
Status: QUEUEING
Status: QUEUEING
Status: QUEUEING
Status: QUEUEING
Status: QUEUEING
Status: RUNNING
Status: RUNNING
Status: RUNNING
Status: RUNNING
Status: RUNNING
Status: RUNNING
Status: RUNNING
Status: RUNNING
Status: RUNNING
Status: RUNNING
Status: RUNNING
Status: RUNNING
Status: RUNNING
Status: RUNNING
Status: RUNNING
Status: RUNNING
Status: RUNNING
Status: RUNNING
Status: RUNNING
Status: RUNNING
Status: RUNNING
Status: RUNNING
Status: RUNNING
Status: RUNNING
Status: RUNNING
Status: RUNNING
Status: RUNNING
Status: RUNNING
Status: RUNNING
Status: RUNNING
Status: RUNNING
Status: RUNNING
Status: RUNNING
Status: RUNNING
Status: RUNNING
Status: RUNNING
Status: RUNNING
Status: RUNNING
Status: RUNNING
Status: RUNNING
Status: RUNNING
Status: RUNNING
Status: RUNNING
Status: RUNNING
Status: RUNNING
Status: RUNNING
Status: RUNNING
Status: RUNNING
Status: RUNNING
Status: RUNNING
Status: RUNNING
Status: RUNNING
Status: RUNNING
Status: RUNNING
Status: RUNNING
Status: RUNNING
Status: RUNNING
Status: RUNNING
Status: RUNNING
Status: COMPLETED
QMEANDisCo: 0.8239
Mutating chain A, position 10: GLY -> ASN
Submitted ./1UBQ_Results/14.pdb
Checking: https://swissmodel.expasy.org/qmean/MGz74z.json
Status: QUEUEING
Status: QUEUEING
Status: QUEUEING
Status: QUEUEING
Status: QUEUEING
Status: QUEUEING
Status: QUEUEING
Status: RUNNING
Status: RUNNING
Status: RUNNING
Status: RUNNING
Status: RUNNING
Status: RUNNING
Status: RUNNING
Status: RUNNING
Status: RUNNING
Status: RUNNING
Status: RUNNING
Status: RUNNING
Status: RUNNING
Status: RUNNING
Status: RUNNING
Status: RUNNING
Status: RUNNING
Status: RUNNING
Status: RUNNING
Status: RUNNING
Status: RUNNING
Status: RUNNING
Status: RUNNING
Status: RUNNING
Status: RUNNING
Status: RUNNING
Status: RUNNING
Status: RUNNING
Status: RUNNING
Status: RUNNING
Status: RUNNING
Status: RUNNING
Status: RUNNING
Status: RUNNING
Status: RUNNING
Status: RUNNING
Status: RUNNING
Status: RUNNING
Status: RUNNING
Status: RUNNING
Status: RUNNING
Status: RUNNING
Status: RUNNING
Status: RUNNING
Status: RUNNING
Status: RUNNING
Status: RUNNING
Status: RUNNING
Status: RUNNING
Status: RUNNING
Status: RUNNING
Status: RUNNING
Status: RUNNING
Status: RUNNING
Status: RUNNING
Status: RUNNING
Status: RUNNING
Status: RUNNING
Status: RUNNING
Status: COMPLETED
QMEANDisCo: 0.8253
Mutating chain A, position 21: ASP -> LEU
Submitted ./1UBQ_Results/14.pdb
Checking: https://swissmodel.expasy.org/qmean/C7CRSu.json
Status: QUEUEING
Status: QUEUEING
Status: QUEUEING
Status: QUEUEING
Status: QUEUEING
Status: QUEUEING
Status: QUEUEING
Status: RUNNING
Status: RUNNING
Status: RUNNING
Status: RUNNING
Status: RUNNING
Status: RUNNING
Status: RUNNING
Status: RUNNING
Status: RUNNING
Status: RUNNING
Status: RUNNING
Status: RUNNING
Status: RUNNING
Status: RUNNING
Status: RUNNING
Status: RUNNING
Status: RUNNING
Status: RUNNING
Status: RUNNING
Status: RUNNING
Status: RUNNING
Status: RUNNING
Status: RUNNING
Status: RUNNING
Status: RUNNING
Status: RUNNING
Status: RUNNING
Status: RUNNING
Status: RUNNING
Status: RUNNING
Status: RUNNING
Status: RUNNING
Status: RUNNING
Status: RUNNING
Status: RUNNING
Status: RUNNING
Status: RUNNING
Status: RUNNING
Status: RUNNING
Status: RUNNING
Status: RUNNING
Status: RUNNING
Status: RUNNING
Status: RUNNING
Status: RUNNING
Status: RUNNING
Status: RUNNING
Status: RUNNING
Status: RUNNING
Status: RUNNING
Status: RUNNING
Status: RUNNING
Status: RUNNING
Status: RUNNING
Status: RUNNING
Status: RUNNING
Status: RUNNING
Status: RUNNING
Status: RUNNING
Status: COMPLETED
QMEANDisCo: 0.8214
Mutating chain A, position 65: SER -> ASP
Submitted ./1UBQ_Results/14.pdb
Checking: https://swissmodel.expasy.org/qmean/aCTb4k.json
Status: QUEUEING
Status: QUEUEING
Status: QUEUEING
Status: QUEUEING
Status: QUEUEING
Status: QUEUEING
Status: QUEUEING
Status: RUNNING
Status: RUNNING
Status: RUNNING
Status: RUNNING
Status: RUNNING
Status: RUNNING
Status: RUNNING
Status: RUNNING
Status: RUNNING
Status: RUNNING
Status: RUNNING
Status: RUNNING
Status: RUNNING
Status: RUNNING
Status: RUNNING
Status: RUNNING
Status: RUNNING
Status: RUNNING
Status: RUNNING
Status: RUNNING
Status: RUNNING
Status: RUNNING
Status: RUNNING
Status: RUNNING
Status: RUNNING
Status: RUNNING
Status: RUNNING
Status: RUNNING
Status: RUNNING
Status: RUNNING
Status: RUNNING
Status: RUNNING
Status: RUNNING
Status: RUNNING
Status: RUNNING
Status: RUNNING
Status: RUNNING
Status: RUNNING
Status: RUNNING
Status: RUNNING
Status: RUNNING
Status: RUNNING
Status: RUNNING
Status: RUNNING
Status: RUNNING
Status: RUNNING
Status: RUNNING
Status: RUNNING
Status: RUNNING
Status: RUNNING
Status: RUNNING
Status: RUNNING
Status: RUNNING
Status: RUNNING
Status: RUNNING
Status: RUNNING
Status: RUNNING
Status: RUNNING
Status: COMPLETED
QMEANDisCo: 0.8161
Mutating chain A, position 22: THR -> PRO
Submitted ./1UBQ_Results/14.pdb
Checking: https://swissmodel.expasy.org/qmean/AgRNLc.json
Status: QUEUEING
Status: QUEUEING
Status: QUEUEING
Status: QUEUEING
Status: QUEUEING
Status: QUEUEING
Status: QUEUEING
Status: RUNNING
Status: RUNNING
Status: RUNNING
Status: RUNNING
Status: RUNNING
Status: RUNNING
Status: RUNNING
Status: RUNNING
Status: RUNNING
Status: RUNNING
Status: RUNNING
Status: RUNNING
Status: RUNNING
Status: RUNNING
Status: RUNNING
Status: RUNNING
Status: RUNNING
Status: RUNNING
Status: RUNNING
Status: RUNNING
Status: RUNNING
Status: RUNNING
Status: RUNNING
Status: RUNNING
Status: RUNNING
Status: RUNNING
Status: RUNNING
Status: RUNNING
Status: RUNNING
Status: RUNNING
Status: RUNNING
Status: RUNNING
Status: RUNNING
Status: RUNNING
Status: RUNNING
Status: RUNNING
Status: RUNNING
Status: RUNNING
Status: RUNNING
Status: RUNNING
Status: RUNNING
Status: RUNNING
Status: RUNNING
Status: RUNNING
Status: RUNNING
Status: RUNNING
Status: RUNNING
Status: RUNNING
Status: RUNNING
Status: RUNNING
Status: RUNNING
Status: RUNNING
Status: RUNNING
Status: RUNNING
Status: RUNNING
Status: RUNNING
Status: RUNNING
Status: RUNNING
Status: RUNNING
Status: COMPLETED
QMEANDisCo: 0.8270
Mutating chain A, position 41: GLN -> MET
Submitted ./1UBQ_Results/14.pdb
Checking: https://swissmodel.expasy.org/qmean/ZNHqmh.json
Status: QUEUEING
Status: QUEUEING
Status: QUEUEING
Status: QUEUEING
Status: QUEUEING
Status: QUEUEING
Status: QUEUEING
Status: RUNNING
Status: RUNNING
Status: RUNNING
Status: RUNNING
Status: RUNNING
Status: RUNNING
Status: RUNNING
Status: RUNNING
Status: RUNNING
Status: RUNNING
Status: RUNNING
Status: RUNNING
Status: RUNNING
Status: RUNNING
Status: RUNNING
Status: RUNNING
Status: RUNNING
Status: RUNNING
Status: RUNNING
Status: RUNNING
Status: RUNNING
Status: RUNNING
Status: RUNNING
Status: RUNNING
Status: RUNNING
Status: RUNNING
Status: RUNNING
Status: RUNNING
Status: RUNNING
Status: RUNNING
Status: RUNNING
Status: RUNNING
Status: RUNNING
Status: RUNNING
Status: RUNNING
Status: RUNNING
Status: RUNNING
Status: RUNNING
Status: RUNNING
Status: RUNNING
Status: RUNNING
Status: RUNNING
Status: RUNNING
Status: RUNNING
Status: RUNNING
Status: RUNNING
Status: RUNNING
Status: RUNNING
Status: RUNNING
Status: RUNNING
Status: RUNNING
Status: RUNNING
Status: RUNNING
Status: RUNNING
Status: RUNNING
Status: RUNNING
Status: RUNNING
Status: RUNNING
Status: RUNNING
Status: RUNNING
Status: COMPLETED
QMEANDisCo: 0.8249
Mutating chain A, position 9: THR -> ALA
Submitted ./1UBQ_Results/14.pdb
Checking: https://swissmodel.expasy.org/qmean/s2nRUb.json
Status: QUEUEING
Status: QUEUEING
Status: QUEUEING
Status: QUEUEING
Status: QUEUEING
Status: QUEUEING
Status: QUEUEING
Status: RUNNING
Status: RUNNING
Status: RUNNING
Status: RUNNING
Status: RUNNING
Status: RUNNING
Status: RUNNING
Status: RUNNING
Status: RUNNING
Status: RUNNING
Status: RUNNING
Status: RUNNING
Status: RUNNING
Status: RUNNING
Status: RUNNING
Status: RUNNING
Status: RUNNING
Status: RUNNING
Status: RUNNING
Status: RUNNING
Status: RUNNING
Status: RUNNING
Status: RUNNING
Status: RUNNING
Status: RUNNING
Status: RUNNING
Status: RUNNING
Status: RUNNING
Status: RUNNING
Status: RUNNING
Status: RUNNING
Status: RUNNING
Status: RUNNING
Status: RUNNING
Status: RUNNING
Status: RUNNING
Status: RUNNING
Status: RUNNING
Status: RUNNING
Status: RUNNING
Status: RUNNING
Status: RUNNING
Status: RUNNING
Status: RUNNING
Status: RUNNING
Status: RUNNING
Status: RUNNING
Status: RUNNING
Status: RUNNING
Status: RUNNING
Status: RUNNING
Status: RUNNING
Status: RUNNING
Status: RUNNING
Status: RUNNING
Status: RUNNING
Status: RUNNING
Status: RUNNING
Status: RUNNING
Status: RUNNING
Status: COMPLETED
QMEANDisCo: 0.8241
Mutating chain A, position 67: LEU -> CYS
Submitted ./1UBQ_Results/14.pdb
Checking: https://swissmodel.expasy.org/qmean/Uh8tfU.json
Status: QUEUEING
Status: QUEUEING
Status: QUEUEING
Status: QUEUEING
Status: QUEUEING
Status: QUEUEING
Status: QUEUEING
Status: QUEUEING
Status: RUNNING
Status: RUNNING
Status: RUNNING
Status: RUNNING
Status: RUNNING
Status: RUNNING
Status: RUNNING
Status: RUNNING
Status: RUNNING
Status: RUNNING
Status: RUNNING
Status: RUNNING
Status: RUNNING
Status: RUNNING
Status: RUNNING
Status: RUNNING
Status: RUNNING
Status: RUNNING
Status: RUNNING
Status: RUNNING
Status: RUNNING
Status: RUNNING
Status: RUNNING
Status: RUNNING
Status: RUNNING
Status: RUNNING
Status: RUNNING
Status: RUNNING
Status: RUNNING
Status: RUNNING
Status: RUNNING
Status: RUNNING
Status: RUNNING
Status: RUNNING
Status: RUNNING
Status: RUNNING
Status: RUNNING
Status: RUNNING
Status: RUNNING
Status: RUNNING
Status: RUNNING
Status: RUNNING
Status: RUNNING
Status: RUNNING
Status: RUNNING
Status: RUNNING
Status: RUNNING
Status: RUNNING
Status: RUNNING
Status: RUNNING
Status: RUNNING
Status: RUNNING
Status: RUNNING
Status: RUNNING
Status: RUNNING
Status: RUNNING
Status: RUNNING
Status: RUNNING
Status: RUNNING
Status: COMPLETED
QMEANDisCo: 0.8292
Mutating chain A, position 32: CYS -> GLY
Submitted ./1UBQ_Results/14.pdb
Checking: https://swissmodel.expasy.org/qmean/ccwrCg.json
Status: QUEUEING
Status: QUEUEING
Status: QUEUEING
Status: QUEUEING
Status: QUEUEING
Status: QUEUEING
Status: QUEUEING
Status: RUNNING
Status: RUNNING
Status: RUNNING
Status: RUNNING
Status: RUNNING
Status: RUNNING
Status: RUNNING
Status: RUNNING
Status: RUNNING
Status: RUNNING
Status: RUNNING
Status: RUNNING
Status: RUNNING
Status: RUNNING
Status: RUNNING
Status: RUNNING
Status: RUNNING
Status: RUNNING
Status: RUNNING
Status: RUNNING
Status: RUNNING
Status: RUNNING
Status: RUNNING
Status: RUNNING
Status: RUNNING
Status: RUNNING
Status: RUNNING
Status: RUNNING
Status: RUNNING
Status: RUNNING
Status: RUNNING
Status: RUNNING
Status: RUNNING
Status: RUNNING
Status: RUNNING
Status: RUNNING
Status: RUNNING
Status: RUNNING
Status: RUNNING
Status: RUNNING
Status: RUNNING
Status: RUNNING
Status: RUNNING
Status: RUNNING
Status: RUNNING
Status: RUNNING
Status: RUNNING
Status: RUNNING
Status: RUNNING
Status: RUNNING
Status: RUNNING
Status: RUNNING
Status: RUNNING
Status: RUNNING
Status: RUNNING
Status: RUNNING
Status: RUNNING
Status: RUNNING
Status: COMPLETED
QMEANDisCo: 0.8255
Mutating chain A, position 26: VAL -> CYS
Submitted ./1UBQ_Results/14.pdb
Checking: https://swissmodel.expasy.org/qmean/RYtZAj.json
Status: QUEUEING
Status: QUEUEING
Status: QUEUEING
Status: QUEUEING
Status: QUEUEING
Status: QUEUEING
Status: QUEUEING
Status: RUNNING
Status: RUNNING
Status: RUNNING
Status: RUNNING
Status: RUNNING
Status: RUNNING
Status: RUNNING
Status: RUNNING
Status: RUNNING
Status: RUNNING
Status: RUNNING
Status: RUNNING
Status: RUNNING
Status: RUNNING
Status: RUNNING
Status: RUNNING
Status: RUNNING
Status: RUNNING
Status: RUNNING
Status: RUNNING
Status: RUNNING
Status: RUNNING
Status: RUNNING
Status: RUNNING
Status: RUNNING
Status: RUNNING
Status: RUNNING
Status: RUNNING
Status: RUNNING
Status: RUNNING
Status: RUNNING
Status: RUNNING
Status: RUNNING
Status: RUNNING
Status: RUNNING
Status: RUNNING
Status: RUNNING
Status: RUNNING
Status: RUNNING
Status: RUNNING
Status: RUNNING
Status: RUNNING
Status: RUNNING
Status: RUNNING
Status: RUNNING
Status: RUNNING
Status: RUNNING
Status: RUNNING
Status: RUNNING
Status: RUNNING
Status: RUNNING
Status: RUNNING
Status: RUNNING
Status: RUNNING
Status: RUNNING
Status: RUNNING
Status: RUNNING
Status: RUNNING
Status: COMPLETED
QMEANDisCo: 0.8239
Mutating chain A, position 72: ARG -> LEU
Submitted ./1UBQ_Results/14.pdb
Checking: https://swissmodel.expasy.org/qmean/YB37dC.json
Status: QUEUEING
Status: QUEUEING
Status: QUEUEING
Status: QUEUEING
Status: QUEUEING
Status: QUEUEING
Status: QUEUEING
Status: RUNNING
Status: RUNNING
Status: RUNNING
Status: RUNNING
Status: RUNNING
Status: RUNNING
Status: RUNNING
Status: RUNNING
Status: RUNNING
Status: RUNNING
Status: RUNNING
Status: RUNNING
Status: RUNNING
Status: RUNNING
Status: RUNNING
Status: RUNNING
Status: RUNNING
Status: RUNNING
Status: RUNNING
Status: RUNNING
Status: RUNNING
Status: RUNNING
Status: RUNNING
Status: RUNNING
Status: RUNNING
Status: RUNNING
Status: RUNNING
Status: RUNNING
Status: RUNNING
Status: COMPLETED
QMEANDisCo: 0.8282
Mutating chain A, position 60: ASN -> MET
Submitted ./1UBQ_Results/14.pdb
Checking: https://swissmodel.expasy.org/qmean/Tser9w.json
Status: QUEUEING
Status: QUEUEING
Status: QUEUEING
Status: QUEUEING
Status: QUEUEING
Status: QUEUEING
Status: QUEUEING
Status: QUEUEING
Status: QUEUEING
Status: QUEUEING
Status: QUEUEING
Status: QUEUEING
Status: QUEUEING
Status: QUEUEING
Status: RUNNING
Status: RUNNING
Status: RUNNING
Status: RUNNING
Status: RUNNING
Status: RUNNING
Status: RUNNING
Status: RUNNING
Status: RUNNING
Status: RUNNING
Status: RUNNING
Status: RUNNING
Status: RUNNING
Status: RUNNING
Status: RUNNING
Status: RUNNING
Status: RUNNING
Status: RUNNING
Status: RUNNING
Status: RUNNING
Status: RUNNING
Status: RUNNING
Status: RUNNING
Status: RUNNING
Status: RUNNING
Status: RUNNING
Status: RUNNING
Status: RUNNING
Status: RUNNING
Status: RUNNING
Status: RUNNING
Status: RUNNING
Status: RUNNING
Status: RUNNING
Status: RUNNING
Status: RUNNING
Status: RUNNING
Status: RUNNING
Status: RUNNING
Status: RUNNING
Status: RUNNING
Status: RUNNING
Status: RUNNING
Status: RUNNING
Status: RUNNING
Status: RUNNING
Status: RUNNING
Status: RUNNING
Status: RUNNING
Status: RUNNING
Status: RUNNING
Status: RUNNING
Status: COMPLETED
QMEANDisCo: 0.8250
Mutating chain A, position 66: THR -> CYS
Submitted ./1UBQ_Results/14.pdb
Checking: https://swissmodel.expasy.org/qmean/qsv3dK.json
Status: QUEUEING
Status: QUEUEING
Status: QUEUEING
Status: QUEUEING
Status: QUEUEING
Status: QUEUEING
Status: QUEUEING
Status: RUNNING
Status: RUNNING
Status: RUNNING
Status: RUNNING
Status: RUNNING
Status: RUNNING
Status: RUNNING
Status: RUNNING
Status: RUNNING
Status: RUNNING
Status: RUNNING
Status: RUNNING
Status: RUNNING
Status: RUNNING
Status: RUNNING
Status: RUNNING
Status: RUNNING
Status: RUNNING
Status: RUNNING
Status: RUNNING
Status: RUNNING
Status: RUNNING
Status: RUNNING
Status: RUNNING
Status: RUNNING
Status: RUNNING
Status: RUNNING
Status: RUNNING
Status: RUNNING
Status: RUNNING
Status: RUNNING
Status: RUNNING
Status: RUNNING
Status: RUNNING
Status: RUNNING
Status: RUNNING
Status: RUNNING
Status: RUNNING
Status: RUNNING
Status: RUNNING
Status: RUNNING
Status: RUNNING
Status: RUNNING
Status: RUNNING
Status: RUNNING
Status: RUNNING
Status: RUNNING
Status: RUNNING
Status: RUNNING
Status: RUNNING
Status: RUNNING
Status: RUNNING
Status: RUNNING
Status: RUNNING
Status: RUNNING
Status: RUNNING
Status: RUNNING
Status: RUNNING
Status: COMPLETED
QMEANDisCo: 0.8330
Mutating chain A, position 73: LEU -> SER
Submitted ./1UBQ_Results/14.pdb
Checking: https://swissmodel.expasy.org/qmean/c3nTkE.json
Status: QUEUEING
Status: QUEUEING
Status: QUEUEING
Status: QUEUEING
Status: QUEUEING
Status: QUEUEING
Status: QUEUEING
Status: QUEUEING
Status: QUEUEING
Status: QUEUEING
Status: QUEUEING
Status: QUEUEING
Status: QUEUEING
Status: QUEUEING
Status: QUEUEING
Status: RUNNING
Status: RUNNING
Status: RUNNING
Status: RUNNING
Status: RUNNING
Status: RUNNING
Status: RUNNING
Status: RUNNING
Status: RUNNING
Status: RUNNING
Status: RUNNING
Status: RUNNING
Status: RUNNING
Status: RUNNING
Status: RUNNING
Status: RUNNING
Status: RUNNING
Status: RUNNING
Status: RUNNING
Status: RUNNING
Status: RUNNING
Status: RUNNING
Status: RUNNING
Status: RUNNING
Status: RUNNING
Status: RUNNING
Status: RUNNING
Status: RUNNING
Status: RUNNING
Status: RUNNING
Status: RUNNING
Status: RUNNING
Status: RUNNING
Status: RUNNING
Status: RUNNING
Status: RUNNING
Status: RUNNING
Status: RUNNING
Status: RUNNING
Status: RUNNING
Status: RUNNING
Status: RUNNING
Status: RUNNING
Status: RUNNING
Status: RUNNING
Status: RUNNING
Status: RUNNING
Status: RUNNING
Status: RUNNING
Status: RUNNING
Status: RUNNING
Status: RUNNING
Status: COMPLETED
QMEANDisCo: 0.8253
Mutating chain A, position 24: HIS -> TRP
Submitted ./1UBQ_Results/14.pdb
Checking: https://swissmodel.expasy.org/qmean/S3KgcA.json
Status: QUEUEING
Status: QUEUEING
Status: QUEUEING
Status: QUEUEING
Status: QUEUEING
Status: QUEUEING
Status: QUEUEING
Status: QUEUEING
Status: QUEUEING
Status: QUEUEING
Status: QUEUEING
Status: QUEUEING
Status: QUEUEING
Status: QUEUEING
Status: RUNNING
Status: RUNNING
Status: RUNNING
Status: RUNNING
Status: RUNNING
Status: RUNNING
Status: RUNNING
Status: RUNNING
Status: RUNNING
Status: RUNNING
Status: RUNNING
Status: RUNNING
Status: RUNNING
Status: RUNNING
Status: RUNNING
Status: RUNNING
Status: RUNNING
Status: RUNNING
Status: RUNNING
Status: RUNNING
Status: RUNNING
Status: RUNNING
Status: RUNNING
Status: RUNNING
Status: RUNNING
Status: RUNNING
Status: RUNNING
Status: RUNNING
Status: RUNNING
Status: RUNNING
Status: RUNNING
Status: RUNNING
Status: RUNNING
Status: RUNNING
Status: RUNNING
Status: RUNNING
Status: RUNNING
Status: RUNNING
Status: RUNNING
Status: RUNNING
Status: RUNNING
Status: RUNNING
Status: RUNNING
Status: RUNNING
Status: RUNNING
Status: RUNNING
Status: RUNNING
Status: RUNNING
Status: RUNNING
Status: RUNNING
Status: RUNNING
Status: RUNNING
Status: RUNNING
Status: RUNNING
Status: RUNNING
Status: RUNNING
Status: RUNNING
Status: RUNNING
Status: RUNNING
Status: COMPLETED
QMEANDisCo: 0.8309
Mutating chain A, position 73: LEU -> THR
Submitted ./1UBQ_Results/14.pdb
Checking: https://swissmodel.expasy.org/qmean/xABmGE.json
Status: QUEUEING
Status: QUEUEING
Status: QUEUEING
Status: QUEUEING
Status: QUEUEING
Status: QUEUEING
Status: QUEUEING
Status: QUEUEING
Status: QUEUEING
Status: QUEUEING
Status: QUEUEING
Status: QUEUEING
Status: QUEUEING
Status: QUEUEING
Status: QUEUEING
Status: RUNNING
Status: RUNNING
Status: RUNNING
Status: RUNNING
Status: RUNNING
Status: RUNNING
Status: RUNNING
Status: RUNNING
Status: RUNNING
Status: RUNNING
Status: RUNNING
Status: RUNNING
Status: RUNNING
Status: RUNNING
Status: RUNNING
Status: RUNNING
Status: RUNNING
Status: RUNNING
Status: RUNNING
Status: RUNNING
Status: RUNNING
Status: RUNNING
Status: RUNNING
Status: RUNNING
Status: RUNNING
Status: RUNNING
Status: RUNNING
Status: RUNNING
Status: RUNNING
Status: RUNNING
Status: RUNNING
Status: RUNNING
Status: RUNNING
Status: RUNNING
Status: RUNNING
Status: RUNNING
Status: RUNNING
Status: RUNNING
Status: RUNNING
Status: RUNNING
Status: RUNNING
Status: RUNNING
Status: RUNNING
Status: RUNNING
Status: RUNNING
Status: RUNNING
Status: RUNNING
Status: RUNNING
Status: RUNNING
Status: RUNNING
Status: RUNNING
Status: RUNNING
Status: RUNNING
Status: RUNNING
Status: RUNNING
Status: RUNNING
Status: RUNNING
Status: RUNNING
Status: COMPLETED
QMEANDisCo: 0.8302
Mutating chain A, position 27: LYS -> LEU
Submitted ./1UBQ_Results/14.pdb
Checking: https://swissmodel.expasy.org/qmean/AHvSps.json
Status: QUEUEING
Status: QUEUEING
Status: QUEUEING
Status: QUEUEING
Status: QUEUEING
Status: QUEUEING
Status: QUEUEING
Status: RUNNING
Status: RUNNING
Status: RUNNING
Status: RUNNING
Status: RUNNING
Status: RUNNING
Status: RUNNING
Status: RUNNING
Status: RUNNING
Status: RUNNING
Status: RUNNING
Status: RUNNING
Status: RUNNING
Status: RUNNING
Status: RUNNING
Status: RUNNING
Status: RUNNING
Status: RUNNING
Status: RUNNING
Status: RUNNING
Status: RUNNING
Status: RUNNING
Status: RUNNING
Status: RUNNING
Status: RUNNING
Status: RUNNING
Status: RUNNING
Status: RUNNING
Status: RUNNING
Status: RUNNING
Status: RUNNING
Status: RUNNING
Status: RUNNING
Status: RUNNING
Status: RUNNING
Status: RUNNING
Status: RUNNING
Status: RUNNING
Status: RUNNING
Status: RUNNING
Status: RUNNING
Status: RUNNING
Status: RUNNING
Status: RUNNING
Status: RUNNING
Status: RUNNING
Status: RUNNING
Status: RUNNING
Status: RUNNING
Status: RUNNING
Status: RUNNING
Status: RUNNING
Status: RUNNING
Status: RUNNING
Status: RUNNING
Status: RUNNING
Status: RUNNING
Status: RUNNING
Status: COMPLETED
QMEANDisCo: 0.8231
Mutating chain A, position 28: PHE -> HIS
Submitted ./1UBQ_Results/14.pdb
Checking: https://swissmodel.expasy.org/qmean/y5ErQm.json
Status: QUEUEING
Status: QUEUEING
Status: QUEUEING
Status: QUEUEING
Status: QUEUEING
Status: QUEUEING
Status: QUEUEING
Status: QUEUEING
Status: RUNNING
Status: RUNNING
Status: RUNNING
Status: RUNNING
Status: RUNNING
Status: RUNNING
Status: RUNNING
Status: RUNNING
Status: RUNNING
Status: RUNNING
Status: RUNNING
Status: RUNNING
Status: RUNNING
Status: RUNNING
Status: RUNNING
Status: RUNNING
Status: RUNNING
Status: RUNNING
Status: RUNNING
Status: RUNNING
Status: RUNNING
Status: RUNNING
Status: RUNNING
Status: RUNNING
Status: RUNNING
Status: RUNNING
Status: RUNNING
Status: RUNNING
Status: RUNNING
Status: RUNNING
Status: RUNNING
Status: RUNNING
Status: RUNNING
Status: RUNNING
Status: RUNNING
Status: RUNNING
Status: RUNNING
Status: RUNNING
Status: RUNNING
Status: RUNNING
Status: RUNNING
Status: RUNNING
Status: RUNNING
Status: RUNNING
Status: RUNNING
Status: RUNNING
Status: RUNNING
Status: RUNNING
Status: RUNNING
Status: RUNNING
Status: RUNNING
Status: RUNNING
Status: RUNNING
Status: RUNNING
Status: RUNNING
Status: RUNNING
Status: RUNNING
Status: RUNNING
Status: COMPLETED
QMEANDisCo: 0.8327
Mutating chain A, position 46: ALA -> PHE
Submitted ./1UBQ_Results/14.pdb
Checking: https://swissmodel.expasy.org/qmean/8SPThm.json
Status: QUEUEING
Status: QUEUEING
Status: QUEUEING
Status: QUEUEING
Status: QUEUEING
Status: QUEUEING
Status: QUEUEING
Status: RUNNING
Status: RUNNING
Status: RUNNING
Status: RUNNING
Status: RUNNING
Status: RUNNING
Status: RUNNING
Status: RUNNING
Status: RUNNING
Status: RUNNING
Status: RUNNING
Status: RUNNING
Status: RUNNING
Status: RUNNING
Status: RUNNING
Status: RUNNING
Status: RUNNING
Status: RUNNING
Status: RUNNING
Status: RUNNING
Status: RUNNING
Status: RUNNING
Status: RUNNING
Status: RUNNING
Status: RUNNING
Status: RUNNING
Status: RUNNING
Status: RUNNING
Status: RUNNING
Status: RUNNING
Status: RUNNING
Status: RUNNING
Status: RUNNING
Status: RUNNING
Status: RUNNING
Status: RUNNING
Status: RUNNING
Status: RUNNING
Status: RUNNING
Status: RUNNING
Status: RUNNING
Status: RUNNING
Status: RUNNING
Status: RUNNING
Status: RUNNING
Status: RUNNING
Status: RUNNING
Status: RUNNING
Status: RUNNING
Status: RUNNING
Status: RUNNING
Status: RUNNING
Status: RUNNING
Status: RUNNING
Status: RUNNING
Status: RUNNING
Status: RUNNING
Status: RUNNING
Status: RUNNING
Status: COMPLETED
QMEANDisCo: 0.8330
Mutating chain A, position 15: LEU -> ALA
Submitted ./1UBQ_Results/14.pdb
Checking: https://swissmodel.expasy.org/qmean/RpDsAZ.json
Status: QUEUEING
Status: QUEUEING
Status: QUEUEING
Status: QUEUEING
Status: QUEUEING
Status: QUEUEING
Status: QUEUEING
Status: QUEUEING
Status: QUEUEING
Status: QUEUEING
Status: QUEUEING
Status: QUEUEING
Status: QUEUEING
Status: QUEUEING
Status: QUEUEING
Status: RUNNING
Status: RUNNING
Status: RUNNING
Status: RUNNING
Status: RUNNING
Status: RUNNING
Status: RUNNING
Status: RUNNING
Status: RUNNING
Status: RUNNING
Status: RUNNING
Status: RUNNING
Status: RUNNING
Status: RUNNING
Status: RUNNING
Status: RUNNING
Status: RUNNING
Status: RUNNING
Status: RUNNING
Status: RUNNING
Status: RUNNING
Status: RUNNING
Status: RUNNING
Status: RUNNING
Status: RUNNING
Status: RUNNING
Status: RUNNING
Status: RUNNING
Status: RUNNING
Status: RUNNING
Status: RUNNING
Status: RUNNING
Status: RUNNING
Status: RUNNING
Status: RUNNING
Status: RUNNING
Status: RUNNING
Status: RUNNING
Status: RUNNING
Status: RUNNING
Status: RUNNING
Status: RUNNING
Status: RUNNING
Status: RUNNING
Status: RUNNING
Status: RUNNING
Status: RUNNING
Status: RUNNING
Status: RUNNING
Status: RUNNING
Status: RUNNING
Status: RUNNING
Status: COMPLETED
QMEANDisCo: 0.8281
Mutating chain A, position 35: GLY -> MET
Submitted ./1UBQ_Results/14.pdb
Checking: https://swissmodel.expasy.org/qmean/FhnsvX.json
Status: QUEUEING
Status: QUEUEING
Status: QUEUEING
Status: QUEUEING
Status: QUEUEING
Status: QUEUEING
Status: QUEUEING
Status: RUNNING
Status: RUNNING
Status: RUNNING
Status: RUNNING
Status: RUNNING
Status: RUNNING
Status: RUNNING
Status: RUNNING
Status: RUNNING
Status: RUNNING
Status: RUNNING
Status: RUNNING
Status: RUNNING
Status: RUNNING
Status: RUNNING
Status: RUNNING
Status: RUNNING
Status: RUNNING
Status: RUNNING
Status: RUNNING
Status: RUNNING
Status: RUNNING
Status: RUNNING
Status: RUNNING
Status: RUNNING
Status: RUNNING
Status: RUNNING
Status: RUNNING
Status: RUNNING
Status: RUNNING
Status: RUNNING
Status: RUNNING
Status: RUNNING
Status: RUNNING
Status: RUNNING
Status: RUNNING
Status: RUNNING
Status: RUNNING
Status: RUNNING
Status: RUNNING
Status: RUNNING
Status: RUNNING
Status: RUNNING
Status: RUNNING
Status: RUNNING
Status: RUNNING
Status: RUNNING
Status: RUNNING
Status: RUNNING
Status: RUNNING
Status: RUNNING
Status: RUNNING
Status: RUNNING
Status: RUNNING
Status: RUNNING
Status: RUNNING
Status: RUNNING
Status: RUNNING
Status: RUNNING
Status: RUNNING
Status: COMPLETED
QMEANDisCo: 0.8142
Mutating chain A, position 45: PHE -> SER
Submitted ./1UBQ_Results/14.pdb
Checking: https://swissmodel.expasy.org/qmean/CzgA9u.json
Status: QUEUEING
Status: QUEUEING
Status: QUEUEING
Status: QUEUEING
Status: QUEUEING
Status: QUEUEING
Status: QUEUEING
Status: QUEUEING
Status: RUNNING
Status: RUNNING
Status: RUNNING
Status: RUNNING
Status: RUNNING
Status: RUNNING
Status: RUNNING
Status: RUNNING
Status: RUNNING
Status: RUNNING
Status: RUNNING
Status: RUNNING
Status: RUNNING
Status: RUNNING
Status: RUNNING
Status: RUNNING
Status: RUNNING
Status: RUNNING
Status: RUNNING
Status: RUNNING
Status: RUNNING
Status: RUNNING
Status: RUNNING
Status: RUNNING
Status: RUNNING
Status: RUNNING
Status: RUNNING
Status: RUNNING
Status: RUNNING
Status: RUNNING
Status: RUNNING
Status: RUNNING
Status: RUNNING
Status: RUNNING
Status: RUNNING
Status: RUNNING
Status: RUNNING
Status: RUNNING
Status: RUNNING
Status: RUNNING
Status: RUNNING
Status: RUNNING
Status: RUNNING
Status: RUNNING
Status: RUNNING
Status: RUNNING
Status: RUNNING
Status: RUNNING
Status: RUNNING
Status: RUNNING
Status: RUNNING
Status: RUNNING
Status: RUNNING
Status: RUNNING
Status: RUNNING
Status: RUNNING
Status: COMPLETED
QMEANDisCo: 0.8199
Mutating chain A, position 57: GLN -> ILE
Submitted ./1UBQ_Results/14.pdb
Checking: https://swissmodel.expasy.org/qmean/cFHJpM.json
Status: QUEUEING
Status: QUEUEING
Status: QUEUEING
Status: QUEUEING
Status: QUEUEING
Status: QUEUEING
Status: QUEUEING
Status: RUNNING
Status: RUNNING
Status: RUNNING
Status: RUNNING
Status: RUNNING
Status: RUNNING
Status: RUNNING
Status: RUNNING
Status: RUNNING
Status: RUNNING
Status: RUNNING
Status: RUNNING
Status: RUNNING
Status: RUNNING
Status: RUNNING
Status: RUNNING
Status: RUNNING
Status: RUNNING
Status: RUNNING
Status: RUNNING
Status: RUNNING
Status: RUNNING
Status: RUNNING
Status: RUNNING
Status: RUNNING
Status: RUNNING
Status: RUNNING
Status: RUNNING
Status: RUNNING
Status: RUNNING
Status: RUNNING
Status: RUNNING
Status: RUNNING
Status: RUNNING
Status: RUNNING
Status: RUNNING
Status: RUNNING
Status: RUNNING
Status: RUNNING
Status: RUNNING
Status: RUNNING
Status: RUNNING
Status: RUNNING
Status: RUNNING
Status: RUNNING
Status: RUNNING
Status: RUNNING
Status: RUNNING
Status: RUNNING
Status: RUNNING
Status: RUNNING
Status: RUNNING
Status: RUNNING
Status: RUNNING
Status: RUNNING
Status: RUNNING
Status: RUNNING
Status: RUNNING
Status: RUNNING
Status: RUNNING
Status: COMPLETED
QMEANDisCo: 0.8327
Mutating chain A, position 6: LYS -> ILE
Submitted ./1UBQ_Results/14.pdb
Checking: https://swissmodel.expasy.org/qmean/BxB7sq.json
Status: QUEUEING
Status: QUEUEING
Status: QUEUEING
Status: QUEUEING
Status: QUEUEING
Status: QUEUEING
Status: QUEUEING
Status: RUNNING
Status: RUNNING
Status: RUNNING
Status: RUNNING
Status: RUNNING
Status: RUNNING
Status: RUNNING
Status: RUNNING
Status: RUNNING
Status: RUNNING
Status: RUNNING
Status: RUNNING
Status: RUNNING
Status: RUNNING
Status: RUNNING
Status: RUNNING
Status: RUNNING
Status: RUNNING
Status: RUNNING
Status: RUNNING
Status: RUNNING
Status: RUNNING
Status: RUNNING
Status: RUNNING
Status: RUNNING
Status: RUNNING
Status: RUNNING
Status: RUNNING
Status: RUNNING
Status: RUNNING
Status: RUNNING
Status: RUNNING
Status: RUNNING
Status: RUNNING
Status: RUNNING
Status: RUNNING
Status: RUNNING
Status: RUNNING
Status: RUNNING
Status: RUNNING
Status: RUNNING
Status: RUNNING
Status: RUNNING
Status: RUNNING
Status: RUNNING
Status: RUNNING
Status: RUNNING
Status: RUNNING
Status: RUNNING
Status: RUNNING
Status: RUNNING
Status: RUNNING
Status: RUNNING
Status: RUNNING
Status: RUNNING
Status: RUNNING
Status: RUNNING
Status: RUNNING
Status: RUNNING
Status: COMPLETED
QMEANDisCo: 0.8345
Mutating chain A, position 64: HIS -> SER
Submitted ./1UBQ_Results/14.pdb
Checking: https://swissmodel.expasy.org/qmean/TcTCDJ.json
Status: QUEUEING
Status: QUEUEING
Status: QUEUEING
Status: QUEUEING
Status: QUEUEING
Status: QUEUEING
Status: QUEUEING
Status: QUEUEING
Status: RUNNING
Status: RUNNING
Status: RUNNING
Status: RUNNING
Status: RUNNING
Status: RUNNING
Status: RUNNING
Status: RUNNING
Status: RUNNING
Status: RUNNING
Status: RUNNING
Status: RUNNING
Status: RUNNING
Status: RUNNING
Status: RUNNING
Status: RUNNING
Status: RUNNING
Status: RUNNING
Status: RUNNING
Status: RUNNING
Status: RUNNING
Status: RUNNING
Status: RUNNING
Status: RUNNING
Status: RUNNING
Status: RUNNING
Status: RUNNING
Status: RUNNING
Status: RUNNING
Status: RUNNING
Status: RUNNING
Status: RUNNING
Status: RUNNING
Status: RUNNING
Status: RUNNING
Status: RUNNING
Status: RUNNING
Status: RUNNING
Status: RUNNING
Status: RUNNING
Status: RUNNING
Status: RUNNING
Status: RUNNING
Status: RUNNING
Status: RUNNING
Status: RUNNING
Status: RUNNING
Status: RUNNING
Status: RUNNING
Status: RUNNING
Status: RUNNING
Status: RUNNING
Status: RUNNING
Status: RUNNING
Status: RUNNING
Status: RUNNING
Status: RUNNING
Status: RUNNING
Status: RUNNING
Status: COMPLETED
QMEANDisCo: 0.8249
Mutating chain A, position 18: ILE -> ASN
Submitted ./1UBQ_Results/14.pdb
Checking: https://swissmodel.expasy.org/qmean/cwzzPY.json
Status: QUEUEING
Status: QUEUEING
Status: QUEUEING
Status: QUEUEING
Status: QUEUEING
Status: QUEUEING
Status: RUNNING
Status: RUNNING
Status: RUNNING
Status: RUNNING
Status: RUNNING
Status: RUNNING
Status: RUNNING
Status: RUNNING
Status: RUNNING
Status: RUNNING
Status: RUNNING
Status: RUNNING
Status: RUNNING
Status: RUNNING
Status: RUNNING
Status: RUNNING
Status: RUNNING
Status: RUNNING
Status: RUNNING
Status: RUNNING
Status: RUNNING
Status: RUNNING
Status: RUNNING
Status: RUNNING
Status: RUNNING
Status: RUNNING
Status: RUNNING
Status: RUNNING
Status: RUNNING
Status: RUNNING
Status: RUNNING
Status: RUNNING
Status: RUNNING
Status: RUNNING
Status: RUNNING
Status: RUNNING
Status: RUNNING
Status: RUNNING
Status: RUNNING
Status: RUNNING
Status: RUNNING
Status: RUNNING
Status: RUNNING
Status: RUNNING
Status: RUNNING
Status: RUNNING
Status: RUNNING
Status: RUNNING
Status: RUNNING
Status: RUNNING
Status: RUNNING
Status: RUNNING
Status: RUNNING
Status: RUNNING
Status: RUNNING
Status: RUNNING
Status: RUNNING
Status: RUNNING
Status: RUNNING
Status: COMPLETED
QMEANDisCo: 0.8279
Mutating chain A, position 20: SER -> ARG
Submitted ./1UBQ_Results/14.pdb
Checking: https://swissmodel.expasy.org/qmean/fCBwWU.json
Status: QUEUEING
Status: QUEUEING
Status: QUEUEING
Status: QUEUEING
Status: QUEUEING
Status: QUEUEING
Status: QUEUEING
Status: RUNNING
Status: RUNNING
Status: RUNNING
Status: RUNNING
Status: RUNNING
Status: RUNNING
Status: RUNNING
Status: RUNNING
Status: RUNNING
Status: RUNNING
Status: RUNNING
Status: RUNNING
Status: RUNNING
Status: RUNNING
Status: RUNNING
Status: RUNNING
Status: RUNNING
Status: RUNNING
Status: RUNNING
Status: RUNNING
Status: RUNNING
Status: RUNNING
Status: RUNNING
Status: RUNNING
Status: RUNNING
Status: RUNNING
Status: RUNNING
Status: RUNNING
Status: RUNNING
Status: RUNNING
Status: RUNNING
Status: RUNNING
Status: RUNNING
Status: RUNNING
Status: RUNNING
Status: RUNNING
Status: RUNNING
Status: RUNNING
Status: RUNNING
Status: RUNNING
Status: RUNNING
Status: RUNNING
Status: RUNNING
Status: RUNNING
Status: RUNNING
Status: RUNNING
Status: RUNNING
Status: RUNNING
Status: RUNNING
Status: RUNNING
Status: RUNNING
Status: RUNNING
Status: RUNNING
Status: RUNNING
Status: RUNNING
Status: RUNNING
Status: RUNNING
Status: COMPLETED
QMEANDisCo: 0.8131
Mutating chain A, position 73: LEU -> PRO
Submitted ./1UBQ_Results/14.pdb
Checking: https://swissmodel.expasy.org/qmean/RfFpdG.json
Status: QUEUEING
Status: QUEUEING
Status: QUEUEING
Status: QUEUEING
Status: QUEUEING
Status: QUEUEING
Status: QUEUEING
Status: RUNNING
Status: RUNNING
Status: RUNNING
Status: RUNNING
Status: RUNNING
Status: RUNNING
Status: RUNNING
Status: RUNNING
Status: RUNNING
Status: RUNNING
Status: RUNNING
Status: RUNNING
Status: RUNNING
Status: RUNNING
Status: RUNNING
Status: RUNNING
Status: RUNNING
Status: RUNNING
Status: RUNNING
Status: RUNNING
Status: RUNNING
Status: RUNNING
Status: RUNNING
Status: RUNNING
Status: RUNNING
Status: RUNNING
Status: RUNNING
Status: RUNNING
Status: RUNNING
Status: RUNNING
Status: RUNNING
Status: RUNNING
Status: RUNNING
Status: RUNNING
Status: RUNNING
Status: RUNNING
Status: RUNNING
Status: RUNNING
Status: RUNNING
Status: RUNNING
Status: RUNNING
Status: RUNNING
Status: RUNNING
Status: RUNNING
Status: RUNNING
Status: RUNNING
Status: RUNNING
Status: RUNNING
Status: RUNNING
Status: RUNNING
Status: RUNNING
Status: RUNNING
Status: RUNNING
Status: RUNNING
Status: RUNNING
Status: RUNNING
Status: RUNNING
Status: RUNNING
Status: RUNNING
Status: COMPLETED
QMEANDisCo: 0.8197
Mutating chain A, position 23: ILE -> ASN
Submitted ./1UBQ_Results/14.pdb
Checking: https://swissmodel.expasy.org/qmean/ekR2A5.json
Status: QUEUEING
Status: QUEUEING
Status: QUEUEING
Status: QUEUEING
Status: QUEUEING
Status: QUEUEING
Status: QUEUEING
Status: RUNNING
Status: RUNNING
Status: RUNNING
Status: RUNNING
Status: RUNNING
Status: RUNNING
Status: RUNNING
Status: RUNNING
Status: RUNNING
Status: RUNNING
Status: RUNNING
Status: RUNNING
Status: RUNNING
Status: RUNNING
Status: RUNNING
Status: RUNNING
Status: RUNNING
Status: RUNNING
Status: RUNNING
Status: RUNNING
Status: RUNNING
Status: RUNNING
Status: RUNNING
Status: RUNNING
Status: RUNNING
Status: RUNNING
Status: RUNNING
Status: RUNNING
Status: RUNNING
Status: RUNNING
Status: RUNNING
Status: RUNNING
Status: RUNNING
Status: RUNNING
Status: RUNNING
Status: RUNNING
Status: RUNNING
Status: RUNNING
Status: RUNNING
Status: RUNNING
Status: RUNNING
Status: RUNNING
Status: RUNNING
Status: RUNNING
Status: RUNNING
Status: RUNNING
Status: RUNNING
Status: RUNNING
Status: RUNNING
Status: RUNNING
Status: RUNNING
Status: RUNNING
Status: RUNNING
Status: RUNNING
Status: RUNNING
Status: RUNNING
Status: RUNNING
Status: RUNNING
Status: COMPLETED
QMEANDisCo: 0.8324
Mutating chain A, position 52: ASP -> GLU
Submitted ./1UBQ_Results/14.pdb
Checking: https://swissmodel.expasy.org/qmean/2QuBnF.json
Status: QUEUEING
Status: QUEUEING
Status: QUEUEING
Status: QUEUEING
Status: QUEUEING
Status: QUEUEING
Status: QUEUEING
Status: RUNNING
Status: RUNNING
Status: RUNNING
Status: RUNNING
Status: RUNNING
Status: RUNNING
Status: RUNNING
Status: RUNNING
Status: RUNNING
Status: RUNNING
Status: RUNNING
Status: RUNNING
Status: RUNNING
Status: RUNNING
Status: RUNNING
Status: RUNNING
Status: RUNNING
Status: RUNNING
Status: RUNNING
Status: RUNNING
Status: RUNNING
Status: RUNNING
Status: RUNNING
Status: RUNNING
Status: RUNNING
Status: RUNNING
Status: RUNNING
Status: RUNNING
Status: RUNNING
Status: RUNNING
Status: RUNNING
Status: RUNNING
Status: RUNNING
Status: RUNNING
Status: RUNNING
Status: RUNNING
Status: RUNNING
Status: RUNNING
Status: RUNNING
Status: RUNNING
Status: RUNNING
Status: RUNNING
Status: RUNNING
Status: RUNNING
Status: RUNNING
Status: RUNNING
Status: RUNNING
Status: RUNNING
Status: RUNNING
Status: RUNNING
Status: RUNNING
Status: RUNNING
Status: RUNNING
Status: RUNNING
Status: RUNNING
Status: RUNNING
Status: RUNNING
Status: RUNNING
Status: RUNNING
Status: COMPLETED
QMEANDisCo: 0.8334
Mutating chain A, position 23: ILE -> PRO
Submitted ./1UBQ_Results/14.pdb
Checking: https://swissmodel.expasy.org/qmean/ejzZrX.json
Status: QUEUEING
Status: QUEUEING
Status: QUEUEING
Status: QUEUEING
Status: QUEUEING
Status: QUEUEING
Status: QUEUEING
Status: QUEUEING
Status: RUNNING
Status: RUNNING
Status: RUNNING
Status: RUNNING
Status: RUNNING
Status: RUNNING
Status: RUNNING
Status: RUNNING
Status: RUNNING
Status: RUNNING
Status: RUNNING
Status: RUNNING
Status: RUNNING
Status: RUNNING
Status: RUNNING
Status: RUNNING
Status: RUNNING
Status: RUNNING
Status: RUNNING
Status: RUNNING
Status: RUNNING
Status: RUNNING
Status: RUNNING
Status: RUNNING
Status: RUNNING
Status: RUNNING
Status: RUNNING
Status: RUNNING
Status: RUNNING
Status: RUNNING
Status: RUNNING
Status: RUNNING
Status: RUNNING
Status: RUNNING
Status: RUNNING
Status: RUNNING
Status: RUNNING
Status: RUNNING
Status: RUNNING
Status: RUNNING
Status: RUNNING
Status: RUNNING
Status: RUNNING
Status: RUNNING
Status: RUNNING
Status: RUNNING
Status: RUNNING
Status: RUNNING
Status: RUNNING
Status: RUNNING
Status: RUNNING
Status: RUNNING
Status: RUNNING
Status: RUNNING
Status: RUNNING
Status: RUNNING
Status: RUNNING
Status: RUNNING
Status: RUNNING
Status: COMPLETED
QMEANDisCo: 0.8299
Mutating chain A, position 48: LYS -> ALA
Submitted ./1UBQ_Results/14.pdb
Checking: https://swissmodel.expasy.org/qmean/5ZXxTg.json
Status: QUEUEING
Status: QUEUEING
Status: QUEUEING
Status: QUEUEING
Status: QUEUEING
Status: QUEUEING
Status: QUEUEING
Status: QUEUEING
Status: RUNNING
Status: RUNNING
Status: RUNNING
Status: RUNNING
Status: RUNNING
Status: RUNNING
Status: RUNNING
Status: RUNNING
Status: RUNNING
Status: RUNNING
Status: RUNNING
Status: RUNNING
Status: RUNNING
Status: RUNNING
Status: RUNNING
Status: RUNNING
Status: RUNNING
Status: RUNNING
Status: RUNNING
Status: RUNNING
Status: RUNNING
Status: RUNNING
Status: RUNNING
Status: RUNNING
Status: RUNNING
Status: RUNNING
Status: RUNNING
Status: RUNNING
Status: RUNNING
Status: RUNNING
Status: RUNNING
Status: RUNNING
Status: RUNNING
Status: RUNNING
Status: RUNNING
Status: RUNNING
Status: RUNNING
Status: RUNNING
Status: RUNNING
Status: RUNNING
Status: RUNNING
Status: RUNNING
Status: RUNNING
Status: RUNNING
Status: RUNNING
Status: RUNNING
Status: RUNNING
Status: RUNNING
Status: RUNNING
Status: RUNNING
Status: RUNNING
Status: RUNNING
Status: RUNNING
Status: RUNNING
Status: RUNNING
Status: RUNNING
Status: RUNNING
Status: RUNNING
Status: COMPLETED
QMEANDisCo: 0.8308
Mutating chain A, position 47: GLY -> HIS
Submitted ./1UBQ_Results/14.pdb
Checking: https://swissmodel.expasy.org/qmean/cmyyD2.json
Status: QUEUEING
Status: QUEUEING
Status: QUEUEING
Status: QUEUEING
Status: QUEUEING
Status: QUEUEING
Status: QUEUEING
Status: RUNNING
Status: RUNNING
Status: RUNNING
Status: RUNNING
Status: RUNNING
Status: RUNNING
Status: RUNNING
Status: RUNNING
Status: RUNNING
Status: RUNNING
Status: RUNNING
Status: RUNNING
Status: RUNNING
Status: RUNNING
Status: RUNNING
Status: RUNNING
Status: RUNNING
Status: RUNNING
Status: RUNNING
Status: RUNNING
Status: RUNNING
Status: RUNNING
Status: RUNNING
Status: RUNNING
Status: RUNNING
Status: RUNNING
Status: RUNNING
Status: RUNNING
Status: RUNNING
Status: RUNNING
Status: RUNNING
Status: RUNNING
Status: RUNNING
Status: RUNNING
Status: RUNNING
Status: RUNNING
Status: RUNNING
Status: RUNNING
Status: RUNNING
Status: RUNNING
Status: RUNNING
Status: RUNNING
Status: RUNNING
Status: RUNNING
Status: RUNNING
Status: RUNNING
Status: RUNNING
Status: RUNNING
Status: RUNNING
Status: RUNNING
Status: RUNNING
Status: RUNNING
Status: RUNNING
Status: RUNNING
Status: RUNNING
Status: RUNNING
Status: RUNNING
Status: RUNNING
Status: RUNNING
Status: COMPLETED
QMEANDisCo: 0.8295
Mutating chain A, position 46: ALA -> ILE
Submitted ./1UBQ_Results/14.pdb
Checking: https://swissmodel.expasy.org/qmean/MPs8Gg.json
Status: QUEUEING
Status: QUEUEING
Status: QUEUEING
Status: QUEUEING
Status: QUEUEING
Status: QUEUEING
Status: QUEUEING
Status: RUNNING
Status: RUNNING
Status: RUNNING
Status: RUNNING
Status: RUNNING
Status: RUNNING
Status: RUNNING
Status: RUNNING
Status: RUNNING
Status: RUNNING
Status: RUNNING
Status: RUNNING
Status: RUNNING
Status: RUNNING
Status: RUNNING
Status: RUNNING
Status: RUNNING
Status: RUNNING
Status: RUNNING
Status: RUNNING
Status: RUNNING
Status: RUNNING
Status: RUNNING
Status: RUNNING
Status: RUNNING
Status: RUNNING
Status: RUNNING
Status: RUNNING
Status: RUNNING
Status: RUNNING
Status: RUNNING
Status: RUNNING
Status: RUNNING
Status: RUNNING
Status: RUNNING
Status: RUNNING
Status: RUNNING
Status: RUNNING
Status: RUNNING
Status: RUNNING
Status: RUNNING
Status: RUNNING
Status: RUNNING
Status: RUNNING
Status: RUNNING
Status: RUNNING
Status: RUNNING
Status: RUNNING
Status: RUNNING
Status: RUNNING
Status: RUNNING
Status: RUNNING
Status: RUNNING
Status: RUNNING
Status: RUNNING
Status: RUNNING
Status: RUNNING
Status: RUNNING
Status: RUNNING
Status: RUNNING
Status: COMPLETED
QMEANDisCo: 0.8286
Mutating chain A, position 17: VAL -> ARG
Submitted ./1UBQ_Results/14.pdb
Checking: https://swissmodel.expasy.org/qmean/BvaFXG.json
Status: QUEUEING
Status: QUEUEING
Status: QUEUEING
Status: QUEUEING
Status: QUEUEING
Status: QUEUEING
Status: QUEUEING
Status: RUNNING
Status: RUNNING
Status: RUNNING
Status: RUNNING
Status: RUNNING
Status: RUNNING
Status: RUNNING
Status: RUNNING
Status: RUNNING
Status: RUNNING
Status: RUNNING
Status: RUNNING
Status: RUNNING
Status: RUNNING
Status: RUNNING
Status: RUNNING
Status: RUNNING
Status: RUNNING
Status: RUNNING
Status: RUNNING
Status: RUNNING
Status: RUNNING
Status: RUNNING
Status: RUNNING
Status: RUNNING
Status: RUNNING
Status: RUNNING
Status: RUNNING
Status: RUNNING
Status: RUNNING
Status: RUNNING
Status: RUNNING
Status: RUNNING
Status: RUNNING
Status: RUNNING
Status: RUNNING
Status: RUNNING
Status: RUNNING
Status: RUNNING
Status: RUNNING
Status: RUNNING
Status: RUNNING
Status: RUNNING
Status: RUNNING
Status: RUNNING
Status: RUNNING
Status: RUNNING
Status: RUNNING
Status: RUNNING
Status: RUNNING
Status: RUNNING
Status: RUNNING
Status: RUNNING
Status: RUNNING
Status: RUNNING
Status: RUNNING
Status: RUNNING
Status: RUNNING
Status: COMPLETED
QMEANDisCo: 0.8073
Mutating chain A, position 11: LYS -> TRP
Submitted ./1UBQ_Results/14.pdb
Checking: https://swissmodel.expasy.org/qmean/bWkLZ3.json
Status: QUEUEING
Status: QUEUEING
Status: QUEUEING
Status: QUEUEING
Status: QUEUEING
Status: QUEUEING
Status: QUEUEING
Status: QUEUEING
Status: RUNNING
Status: RUNNING
Status: RUNNING
Status: RUNNING
Status: RUNNING
Status: RUNNING
Status: RUNNING
Status: RUNNING
Status: RUNNING
Status: RUNNING
Status: RUNNING
Status: RUNNING
Status: RUNNING
Status: RUNNING
Status: RUNNING
Status: RUNNING
Status: RUNNING
Status: RUNNING
Status: RUNNING
Status: RUNNING
Status: RUNNING
Status: RUNNING
Status: RUNNING
Status: RUNNING
Status: RUNNING
Status: RUNNING
Status: RUNNING
Status: RUNNING
Status: RUNNING
Status: RUNNING
Status: RUNNING
Status: RUNNING
Status: RUNNING
Status: RUNNING
Status: RUNNING
Status: RUNNING
Status: RUNNING
Status: RUNNING
Status: RUNNING
Status: RUNNING
Status: RUNNING
Status: RUNNING
Status: RUNNING
Status: RUNNING
Status: RUNNING
Status: RUNNING
Status: RUNNING
Status: RUNNING
Status: RUNNING
Status: RUNNING
Status: RUNNING
Status: RUNNING
Status: RUNNING
Status: RUNNING
Status: RUNNING
Status: RUNNING
Status: RUNNING
Status: RUNNING
Status: RUNNING
Status: COMPLETED
QMEANDisCo: 0.8248
Mutating chain A, position 14: THR -> MET
Submitted ./1UBQ_Results/14.pdb
Checking: https://swissmodel.expasy.org/qmean/fBTRZV.json
Status: QUEUEING
Status: QUEUEING
Status: QUEUEING
Status: QUEUEING
Status: QUEUEING
Status: QUEUEING
Status: QUEUEING
Status: QUEUEING
Status: RUNNING
Status: RUNNING
Status: RUNNING
Status: RUNNING
Status: RUNNING
Status: RUNNING
Status: RUNNING
Status: RUNNING
Status: RUNNING
Status: RUNNING
Status: RUNNING
Status: RUNNING
Status: RUNNING
Status: RUNNING
Status: RUNNING
Status: RUNNING
Status: RUNNING
Status: RUNNING
Status: RUNNING
Status: RUNNING
Status: RUNNING
Status: RUNNING
Status: RUNNING
Status: RUNNING
Status: RUNNING
Status: RUNNING
Status: RUNNING
Status: RUNNING
Status: RUNNING
Status: RUNNING
Status: RUNNING
Status: RUNNING
Status: RUNNING
Status: RUNNING
Status: RUNNING
Status: RUNNING
Status: RUNNING
Status: RUNNING
Status: RUNNING
Status: RUNNING
Status: RUNNING
Status: RUNNING
Status: RUNNING
Status: RUNNING
Status: RUNNING
Status: RUNNING
Status: RUNNING
Status: RUNNING
Status: RUNNING
Status: RUNNING
Status: RUNNING
Status: RUNNING
Status: RUNNING
Status: RUNNING
Status: RUNNING
Status: RUNNING
Status: RUNNING
Status: RUNNING
Status: COMPLETED
QMEANDisCo: 0.8174
Mutating chain A, position 50: SER -> CYS
Submitted ./1UBQ_Results/14.pdb
Checking: https://swissmodel.expasy.org/qmean/6yfkYa.json
Status: QUEUEING
Status: QUEUEING
Status: QUEUEING
Status: QUEUEING
Status: QUEUEING
Status: QUEUEING
Status: QUEUEING
Status: RUNNING
Status: RUNNING
Status: RUNNING
Status: RUNNING
Status: RUNNING
Status: RUNNING
Status: RUNNING
Status: RUNNING
Status: RUNNING
Status: RUNNING
Status: RUNNING
Status: RUNNING
Status: RUNNING
Status: RUNNING
Status: RUNNING
Status: RUNNING
Status: RUNNING
Status: RUNNING
Status: RUNNING
Status: RUNNING
Status: RUNNING
Status: RUNNING
Status: RUNNING
Status: RUNNING
Status: RUNNING
Status: RUNNING
Status: RUNNING
Status: RUNNING
Status: RUNNING
Status: RUNNING
Status: RUNNING
Status: RUNNING
Status: RUNNING
Status: RUNNING
Status: RUNNING
Status: RUNNING
Status: RUNNING
Status: RUNNING
Status: RUNNING
Status: RUNNING
Status: RUNNING
Status: RUNNING
Status: RUNNING
Status: RUNNING
Status: RUNNING
Status: RUNNING
Status: RUNNING
Status: RUNNING
Status: RUNNING
Status: RUNNING
Status: RUNNING
Status: RUNNING
Status: COMPLETED
QMEANDisCo: 0.8332
Mutating chain A, position 19: PRO -> GLU
Submitted ./1UBQ_Results/14.pdb
Checking: https://swissmodel.expasy.org/qmean/WHzuuc.json
Status: QUEUEING
Status: QUEUEING
Status: QUEUEING
Status: QUEUEING
Status: QUEUEING
Status: QUEUEING
Status: QUEUEING
Status: QUEUEING
Status: QUEUEING
Status: QUEUEING
Status: QUEUEING
Status: QUEUEING
Status: QUEUEING
Status: QUEUEING
Status: QUEUEING
Status: QUEUEING
Status: RUNNING
Status: RUNNING
Status: RUNNING
Status: RUNNING
Status: RUNNING
Status: RUNNING
Status: RUNNING
Status: RUNNING
Status: RUNNING
Status: RUNNING
Status: RUNNING
Status: RUNNING
Status: RUNNING
Status: RUNNING
Status: RUNNING
Status: RUNNING
Status: RUNNING
Status: RUNNING
Status: RUNNING
Status: RUNNING
Status: RUNNING
Status: RUNNING
Status: RUNNING
Status: RUNNING
Status: RUNNING
Status: RUNNING
Status: RUNNING
Status: RUNNING
Status: RUNNING
Status: RUNNING
Status: RUNNING
Status: RUNNING
Status: RUNNING
Status: RUNNING
Status: RUNNING
Status: RUNNING
Status: RUNNING
Status: RUNNING
Status: RUNNING
Status: RUNNING
Status: RUNNING
Status: RUNNING
Status: RUNNING
Status: RUNNING
Status: RUNNING
Status: RUNNING
Status: RUNNING
Status: RUNNING
Status: RUNNING
Status: RUNNING
Status: RUNNING
Status: COMPLETED
QMEANDisCo: 0.8279
Mutating chain A, position 62: GLN -> SER
Submitted ./1UBQ_Results/14.pdb
Checking: https://swissmodel.expasy.org/qmean/xwRhCQ.json
Status: QUEUEING
Status: QUEUEING
Status: QUEUEING
Status: QUEUEING
Status: QUEUEING
Status: QUEUEING
Status: QUEUEING
Status: QUEUEING
Status: RUNNING
Status: RUNNING
Status: RUNNING
Status: RUNNING
Status: RUNNING
Status: RUNNING
Status: RUNNING
Status: RUNNING
Status: RUNNING
Status: RUNNING
Status: RUNNING
Status: RUNNING
Status: RUNNING
Status: RUNNING
Status: RUNNING
Status: RUNNING
Status: RUNNING
Status: RUNNING
Status: RUNNING
Status: RUNNING
Status: RUNNING
Status: RUNNING
Status: RUNNING
Status: RUNNING
Status: RUNNING
Status: RUNNING
Status: RUNNING
Status: RUNNING
Status: RUNNING
Status: RUNNING
Status: RUNNING
Status: RUNNING
Status: RUNNING
Status: RUNNING
Status: RUNNING
Status: RUNNING
Status: RUNNING
Status: RUNNING
Status: RUNNING
Status: RUNNING
Status: RUNNING
Status: RUNNING
Status: RUNNING
Status: RUNNING
Status: RUNNING
Status: RUNNING
Status: RUNNING
Status: RUNNING
Status: RUNNING
Status: RUNNING
Status: RUNNING
Status: RUNNING
Status: RUNNING
Status: RUNNING
Status: RUNNING
Status: RUNNING
Status: RUNNING
Status: RUNNING
Status: COMPLETED
QMEANDisCo: 0.7892
Mutating chain A, position 38: PRO -> THR
Submitted ./1UBQ_Results/14.pdb
Checking: https://swissmodel.expasy.org/qmean/xrX4qg.json
Status: QUEUEING
Status: QUEUEING
Status: QUEUEING
Status: QUEUEING
Status: QUEUEING
Status: QUEUEING
Status: QUEUEING
Status: QUEUEING
Status: QUEUEING
Status: QUEUEING
Status: QUEUEING
Status: QUEUEING
Status: QUEUEING
Status: QUEUEING
Status: RUNNING
Status: RUNNING
Status: RUNNING
Status: RUNNING
Status: RUNNING
Status: RUNNING
Status: RUNNING
Status: RUNNING
Status: RUNNING
Status: RUNNING
Status: RUNNING
Status: RUNNING
Status: RUNNING
Status: RUNNING
Status: RUNNING
Status: RUNNING
Status: RUNNING
Status: RUNNING
Status: RUNNING
Status: RUNNING
Status: RUNNING
Status: RUNNING
Status: RUNNING
Status: RUNNING
Status: RUNNING
Status: RUNNING
Status: RUNNING
Status: RUNNING
Status: RUNNING
Status: RUNNING
Status: RUNNING
Status: RUNNING
Status: RUNNING
Status: RUNNING
Status: RUNNING
Status: RUNNING
Status: RUNNING
Status: RUNNING
Status: RUNNING
Status: RUNNING
Status: RUNNING
Status: RUNNING
Status: RUNNING
Status: RUNNING
Status: COMPLETED
QMEANDisCo: 0.8356
Mutating chain A, position 19: PRO -> ASN
Submitted ./1UBQ_Results/15.pdb
Checking: https://swissmodel.expasy.org/qmean/4aPrVz.json
Status: QUEUEING
Status: QUEUEING
Status: QUEUEING
Status: QUEUEING
Status: QUEUEING
Status: QUEUEING
Status: QUEUEING
Status: RUNNING
Status: RUNNING
Status: RUNNING
Status: RUNNING
Status: RUNNING
Status: RUNNING
Status: RUNNING
Status: RUNNING
Status: RUNNING
Status: RUNNING
Status: RUNNING
Status: RUNNING
Status: RUNNING
Status: RUNNING
Status: RUNNING
Status: RUNNING
Status: RUNNING
Status: RUNNING
Status: RUNNING
Status: RUNNING
Status: RUNNING
Status: RUNNING
Status: RUNNING
Status: RUNNING
Status: RUNNING
Status: RUNNING
Status: RUNNING
Status: RUNNING
Status: RUNNING
Status: RUNNING
Status: RUNNING
Status: RUNNING
Status: RUNNING
Status: RUNNING
Status: RUNNING
Status: RUNNING
Status: RUNNING
Status: RUNNING
Status: RUNNING
Status: RUNNING
Status: RUNNING
Status: RUNNING
Status: RUNNING
Status: RUNNING
Status: RUNNING
Status: RUNNING
Status: RUNNING
Status: RUNNING
Status: RUNNING
Status: RUNNING
Status: RUNNING
Status: RUNNING
Status: COMPLETED
QMEANDisCo: 0.8162
Mutating chain A, position 59: TYR -> PHE
Submitted ./1UBQ_Results/15.pdb
Checking: https://swissmodel.expasy.org/qmean/nGXGb6.json
Status: QUEUEING
Status: QUEUEING
Status: QUEUEING
Status: QUEUEING
Status: QUEUEING
Status: QUEUEING
Status: QUEUEING
Status: RUNNING
Status: RUNNING
Status: RUNNING
Status: RUNNING
Status: RUNNING
Status: RUNNING
Status: RUNNING
Status: RUNNING
Status: RUNNING
Status: RUNNING
Status: RUNNING
Status: RUNNING
Status: RUNNING
Status: RUNNING
Status: RUNNING
Status: RUNNING
Status: RUNNING
Status: RUNNING
Status: RUNNING
Status: RUNNING
Status: RUNNING
Status: RUNNING
Status: RUNNING
Status: RUNNING
Status: RUNNING
Status: RUNNING
Status: RUNNING
Status: RUNNING
Status: RUNNING
Status: RUNNING
Status: RUNNING
Status: RUNNING
Status: RUNNING
Status: RUNNING
Status: RUNNING
Status: RUNNING
Status: RUNNING
Status: RUNNING
Status: RUNNING
Status: RUNNING
Status: RUNNING
Status: RUNNING
Status: RUNNING
Status: RUNNING
Status: RUNNING
Status: RUNNING
Status: RUNNING
Status: RUNNING
Status: RUNNING
Status: RUNNING
Status: RUNNING
Status: RUNNING
Status: RUNNING
Status: RUNNING
Status: RUNNING
Status: RUNNING
Status: RUNNING
Status: RUNNING
Status: RUNNING
Status: RUNNING
Status: COMPLETED
QMEANDisCo: 0.8240
Mutating chain A, position 64: HIS -> ILE
Submitted ./1UBQ_Results/15.pdb
Checking: https://swissmodel.expasy.org/qmean/2YATKp.json
Status: QUEUEING
Status: QUEUEING
Status: QUEUEING
Status: QUEUEING
Status: QUEUEING
Status: QUEUEING
Status: QUEUEING
Status: RUNNING
Status: RUNNING
Status: RUNNING
Status: RUNNING
Status: RUNNING
Status: RUNNING
Status: RUNNING
Status: RUNNING
Status: RUNNING
Status: RUNNING
Status: RUNNING
Status: RUNNING
Status: RUNNING
Status: RUNNING
Status: RUNNING
Status: RUNNING
Status: RUNNING
Status: RUNNING
Status: RUNNING
Status: RUNNING
Status: RUNNING
Status: RUNNING
Status: RUNNING
Status: RUNNING
Status: RUNNING
Status: RUNNING
Status: RUNNING
Status: RUNNING
Status: RUNNING
Status: RUNNING
Status: RUNNING
Status: RUNNING
Status: RUNNING
Status: RUNNING
Status: RUNNING
Status: RUNNING
Status: RUNNING
Status: RUNNING
Status: RUNNING
Status: RUNNING
Status: RUNNING
Status: RUNNING
Status: RUNNING
Status: RUNNING
Status: RUNNING
Status: RUNNING
Status: RUNNING
Status: RUNNING
Status: RUNNING
Status: RUNNING
Status: RUNNING
Status: RUNNING
Status: RUNNING
Status: RUNNING
Status: RUNNING
Status: RUNNING
Status: RUNNING
Status: RUNNING
Status: RUNNING
Status: RUNNING
Status: COMPLETED
QMEANDisCo: 0.7751
Mutating chain A, position 45: PHE -> ALA
Submitted ./1UBQ_Results/15.pdb
Checking: https://swissmodel.expasy.org/qmean/mZmhEj.json
Status: QUEUEING
Status: QUEUEING
Status: QUEUEING
Status: QUEUEING
Status: QUEUEING
Status: QUEUEING
Status: QUEUEING
Status: RUNNING
Status: RUNNING
Status: RUNNING
Status: RUNNING
Status: RUNNING
Status: RUNNING
Status: RUNNING
Status: RUNNING
Status: RUNNING
Status: RUNNING
Status: RUNNING
Status: RUNNING
Status: RUNNING
Status: RUNNING
Status: RUNNING
Status: RUNNING
Status: RUNNING
Status: RUNNING
Status: RUNNING
Status: RUNNING
Status: RUNNING
Status: RUNNING
Status: RUNNING
Status: RUNNING
Status: RUNNING
Status: RUNNING
Status: RUNNING
Status: RUNNING
Status: RUNNING
Status: RUNNING
Status: RUNNING
Status: RUNNING
Status: RUNNING
Status: RUNNING
Status: RUNNING
Status: RUNNING
Status: RUNNING
Status: RUNNING
Status: RUNNING
Status: RUNNING
Status: RUNNING
Status: RUNNING
Status: RUNNING
Status: RUNNING
Status: RUNNING
Status: RUNNING
Status: RUNNING
Status: RUNNING
Status: RUNNING
Status: RUNNING
Status: RUNNING
Status: RUNNING
Status: RUNNING
Status: RUNNING
Status: RUNNING
Status: RUNNING
Status: RUNNING
Status: RUNNING
Status: RUNNING
Status: RUNNING
Status: COMPLETED
QMEANDisCo: 0.8196
Mutating chain A, position 21: ASP -> ILE
Submitted ./1UBQ_Results/15.pdb
Checking: https://swissmodel.expasy.org/qmean/XGvdMk.json
Status: QUEUEING
Status: QUEUEING
Status: QUEUEING
Status: QUEUEING
Status: QUEUEING
Status: QUEUEING
Status: QUEUEING
Status: RUNNING
Status: RUNNING
Status: RUNNING
Status: RUNNING
Status: RUNNING
Status: RUNNING
Status: RUNNING
Status: RUNNING
Status: RUNNING
Status: RUNNING
Status: RUNNING
Status: RUNNING
Status: RUNNING
Status: RUNNING
Status: RUNNING
Status: RUNNING
Status: RUNNING
Status: RUNNING
Status: RUNNING
Status: RUNNING
Status: RUNNING
Status: RUNNING
Status: RUNNING
Status: RUNNING
Status: RUNNING
Status: RUNNING
Status: RUNNING
Status: RUNNING
Status: RUNNING
Status: RUNNING
Status: RUNNING
Status: RUNNING
Status: RUNNING
Status: RUNNING
Status: RUNNING
Status: RUNNING
Status: RUNNING
Status: RUNNING
Status: RUNNING
Status: RUNNING
Status: RUNNING
Status: RUNNING
Status: RUNNING
Status: RUNNING
Status: RUNNING
Status: RUNNING
Status: RUNNING
Status: RUNNING
Status: RUNNING
Status: RUNNING
Status: RUNNING
Status: RUNNING
Status: RUNNING
Status: RUNNING
Status: RUNNING
Status: RUNNING
Status: RUNNING
Status: RUNNING
Status: COMPLETED
QMEANDisCo: 0.8178
Mutating chain A, position 25: ASN -> ARG
Submitted ./1UBQ_Results/15.pdb
Checking: https://swissmodel.expasy.org/qmean/PSvZnc.json
Status: QUEUEING
Status: QUEUEING
Status: QUEUEING
Status: QUEUEING
Status: QUEUEING
Status: QUEUEING
Status: QUEUEING
Status: RUNNING
Status: RUNNING
Status: RUNNING
Status: RUNNING
Status: RUNNING
Status: RUNNING
Status: RUNNING
Status: RUNNING
Status: RUNNING
Status: RUNNING
Status: RUNNING
Status: RUNNING
Status: RUNNING
Status: RUNNING
Status: RUNNING
Status: RUNNING
Status: RUNNING
Status: RUNNING
Status: RUNNING
Status: RUNNING
Status: RUNNING
Status: RUNNING
Status: RUNNING
Status: RUNNING
Status: RUNNING
Status: RUNNING
Status: RUNNING
Status: RUNNING
Status: RUNNING
Status: RUNNING
Status: RUNNING
Status: RUNNING
Status: RUNNING
Status: RUNNING
Status: RUNNING
Status: RUNNING
Status: RUNNING
Status: RUNNING
Status: RUNNING
Status: RUNNING
Status: RUNNING
Status: RUNNING
Status: RUNNING
Status: RUNNING
Status: RUNNING
Status: RUNNING
Status: RUNNING
Status: RUNNING
Status: RUNNING
Status: RUNNING
Status: RUNNING
Status: RUNNING
Status: RUNNING
Status: RUNNING
Status: RUNNING
Status: RUNNING
Status: RUNNING
Status: RUNNING
Status: RUNNING
Status: COMPLETED
QMEANDisCo: 0.8243
Mutating chain A, position 62: GLN -> LEU
Submitted ./1UBQ_Results/15.pdb
Checking: https://swissmodel.expasy.org/qmean/fykqDm.json
Status: QUEUEING
Status: QUEUEING
Status: QUEUEING
Status: QUEUEING
Status: QUEUEING
Status: QUEUEING
Status: QUEUEING
Status: RUNNING
Status: RUNNING
Status: RUNNING
Status: RUNNING
Status: RUNNING
Status: RUNNING
Status: RUNNING
Status: RUNNING
Status: RUNNING
Status: RUNNING
Status: RUNNING
Status: RUNNING
Status: RUNNING
Status: RUNNING
Status: RUNNING
Status: RUNNING
Status: RUNNING
Status: RUNNING
Status: RUNNING
Status: RUNNING
Status: RUNNING
Status: RUNNING
Status: RUNNING
Status: RUNNING
Status: RUNNING
Status: RUNNING
Status: RUNNING
Status: RUNNING
Status: RUNNING
Status: RUNNING
Status: RUNNING
Status: RUNNING
Status: RUNNING
Status: RUNNING
Status: RUNNING
Status: RUNNING
Status: RUNNING
Status: RUNNING
Status: RUNNING
Status: RUNNING
Status: RUNNING
Status: RUNNING
Status: RUNNING
Status: RUNNING
Status: RUNNING
Status: RUNNING
Status: RUNNING
Status: RUNNING
Status: RUNNING
Status: RUNNING
Status: RUNNING
Status: RUNNING
Status: RUNNING
Status: RUNNING
Status: RUNNING
Status: RUNNING
Status: RUNNING
Status: RUNNING
Status: COMPLETED
QMEANDisCo: 0.8112
Mutating chain A, position 13: ILE -> GLU
Submitted ./1UBQ_Results/15.pdb
Checking: https://swissmodel.expasy.org/qmean/AYBCzB.json
Status: QUEUEING
Status: QUEUEING
Status: QUEUEING
Status: QUEUEING
Status: QUEUEING
Status: QUEUEING
Status: QUEUEING
Status: RUNNING
Status: RUNNING
Status: RUNNING
Status: RUNNING
Status: RUNNING
Status: RUNNING
Status: RUNNING
Status: RUNNING
Status: RUNNING
Status: RUNNING
Status: RUNNING
Status: RUNNING
Status: RUNNING
Status: RUNNING
Status: RUNNING
Status: RUNNING
Status: RUNNING
Status: RUNNING
Status: RUNNING
Status: RUNNING
Status: RUNNING
Status: RUNNING
Status: RUNNING
Status: RUNNING
Status: RUNNING
Status: RUNNING
Status: RUNNING
Status: RUNNING
Status: RUNNING
Status: RUNNING
Status: RUNNING
Status: RUNNING
Status: RUNNING
Status: RUNNING
Status: RUNNING
Status: RUNNING
Status: RUNNING
Status: RUNNING
Status: RUNNING
Status: RUNNING
Status: RUNNING
Status: RUNNING
Status: RUNNING
Status: RUNNING
Status: RUNNING
Status: RUNNING
Status: RUNNING
Status: RUNNING
Status: RUNNING
Status: RUNNING
Status: RUNNING
Status: RUNNING
Status: RUNNING
Status: RUNNING
Status: RUNNING
Status: RUNNING
Status: RUNNING
Status: RUNNING
Status: COMPLETED
QMEANDisCo: 0.8116
Mutating chain A, position 66: THR -> ILE
Submitted ./1UBQ_Results/15.pdb
Checking: https://swissmodel.expasy.org/qmean/R5Gmj2.json
Status: QUEUEING
Status: QUEUEING
Status: QUEUEING
Status: QUEUEING
Status: QUEUEING
Status: QUEUEING
Status: QUEUEING
Status: RUNNING
Status: RUNNING
Status: RUNNING
Status: RUNNING
Status: RUNNING
Status: RUNNING
Status: RUNNING
Status: RUNNING
Status: RUNNING
Status: RUNNING
Status: RUNNING
Status: RUNNING
Status: RUNNING
Status: RUNNING
Status: RUNNING
Status: RUNNING
Status: RUNNING
Status: RUNNING
Status: RUNNING
Status: RUNNING
Status: RUNNING
Status: RUNNING
Status: RUNNING
Status: RUNNING
Status: RUNNING
Status: RUNNING
Status: RUNNING
Status: RUNNING
Status: RUNNING
Status: RUNNING
Status: RUNNING
Status: RUNNING
Status: RUNNING
Status: RUNNING
Status: RUNNING
Status: RUNNING
Status: RUNNING
Status: RUNNING
Status: RUNNING
Status: RUNNING
Status: RUNNING
Status: RUNNING
Status: RUNNING
Status: RUNNING
Status: RUNNING
Status: RUNNING
Status: RUNNING
Status: RUNNING
Status: RUNNING
Status: RUNNING
Status: RUNNING
Status: RUNNING
Status: RUNNING
Status: RUNNING
Status: RUNNING
Status: RUNNING
Status: RUNNING
Status: RUNNING
Status: COMPLETED
QMEANDisCo: 0.8337
Mutating chain A, position 32: CYS -> MET
Submitted ./1UBQ_Results/15.pdb
Checking: https://swissmodel.expasy.org/qmean/j4R7wL.json
Status: QUEUEING
Status: QUEUEING
Status: QUEUEING
Status: QUEUEING
Status: QUEUEING
Status: QUEUEING
Status: QUEUEING
Status: QUEUEING
Status: RUNNING
Status: RUNNING
Status: RUNNING
Status: RUNNING
Status: RUNNING
Status: RUNNING
Status: RUNNING
Status: RUNNING
Status: RUNNING
Status: RUNNING
Status: RUNNING
Status: RUNNING
Status: RUNNING
Status: RUNNING
Status: RUNNING
Status: RUNNING
Status: RUNNING
Status: RUNNING
Status: RUNNING
Status: RUNNING
Status: RUNNING
Status: RUNNING
Status: RUNNING
Status: RUNNING
Status: RUNNING
Status: RUNNING
Status: RUNNING
Status: RUNNING
Status: RUNNING
Status: RUNNING
Status: RUNNING
Status: RUNNING
Status: RUNNING
Status: RUNNING
Status: RUNNING
Status: RUNNING
Status: RUNNING
Status: RUNNING
Status: RUNNING
Status: RUNNING
Status: RUNNING
Status: RUNNING
Status: RUNNING
Status: RUNNING
Status: RUNNING
Status: RUNNING
Status: RUNNING
Status: RUNNING
Status: RUNNING
Status: RUNNING
Status: RUNNING
Status: RUNNING
Status: RUNNING
Status: RUNNING
Status: RUNNING
Status: RUNNING
Status: RUNNING
Status: RUNNING
Status: COMPLETED
QMEANDisCo: 0.8223
Mutating chain A, position 25: ASN -> GLN
Submitted ./1UBQ_Results/15.pdb
Checking: https://swissmodel.expasy.org/qmean/fh6DdF.json
Status: QUEUEING
Status: QUEUEING
Status: QUEUEING
Status: QUEUEING
Status: QUEUEING
Status: QUEUEING
Status: QUEUEING
Status: RUNNING
Status: RUNNING
Status: RUNNING
Status: RUNNING
Status: RUNNING
Status: RUNNING
Status: RUNNING
Status: RUNNING
Status: RUNNING
Status: RUNNING
Status: RUNNING
Status: RUNNING
Status: RUNNING
Status: RUNNING
Status: RUNNING
Status: RUNNING
Status: RUNNING
Status: RUNNING
Status: RUNNING
Status: RUNNING
Status: RUNNING
Status: RUNNING
Status: RUNNING
Status: RUNNING
Status: RUNNING
Status: RUNNING
Status: RUNNING
Status: RUNNING
Status: RUNNING
Status: RUNNING
Status: RUNNING
Status: RUNNING
Status: RUNNING
Status: RUNNING
Status: RUNNING
Status: RUNNING
Status: RUNNING
Status: RUNNING
Status: RUNNING
Status: RUNNING
Status: RUNNING
Status: RUNNING
Status: RUNNING
Status: RUNNING
Status: RUNNING
Status: RUNNING
Status: RUNNING
Status: RUNNING
Status: RUNNING
Status: RUNNING
Status: RUNNING
Status: RUNNING
Status: RUNNING
Status: RUNNING
Status: RUNNING
Status: RUNNING
Status: RUNNING
Status: RUNNING
Status: RUNNING
Status: COMPLETED
QMEANDisCo: 0.8233
Mutating chain A, position 71: LEU -> TYR
Submitted ./1UBQ_Results/15.pdb
Checking: https://swissmodel.expasy.org/qmean/TEyLb5.json
Status: QUEUEING
Status: QUEUEING
Status: QUEUEING
Status: QUEUEING
Status: QUEUEING
Status: QUEUEING
Status: QUEUEING
Status: RUNNING
Status: RUNNING
Status: RUNNING
Status: RUNNING
Status: RUNNING
Status: RUNNING
Status: RUNNING
Status: RUNNING
Status: RUNNING
Status: RUNNING
Status: RUNNING
Status: RUNNING
Status: RUNNING
Status: RUNNING
Status: RUNNING
Status: RUNNING
Status: RUNNING
Status: RUNNING
Status: RUNNING
Status: RUNNING
Status: RUNNING
Status: RUNNING
Status: RUNNING
Status: RUNNING
Status: RUNNING
Status: RUNNING
Status: RUNNING
Status: RUNNING
Status: RUNNING
Status: RUNNING
Status: RUNNING
Status: RUNNING
Status: RUNNING
Status: RUNNING
Status: RUNNING
Status: RUNNING
Status: RUNNING
Status: RUNNING
Status: RUNNING
Status: RUNNING
Status: RUNNING
Status: RUNNING
Status: RUNNING
Status: RUNNING
Status: RUNNING
Status: RUNNING
Status: RUNNING
Status: RUNNING
Status: RUNNING
Status: RUNNING
Status: RUNNING
Status: RUNNING
Status: RUNNING
Status: RUNNING
Status: RUNNING
Status: RUNNING
Status: RUNNING
Status: RUNNING
Status: RUNNING
Status: COMPLETED
QMEANDisCo: 0.8272
Mutating chain A, position 38: THR -> LEU
Submitted ./1UBQ_Results/15.pdb
Checking: https://swissmodel.expasy.org/qmean/CbwTBW.json
Status: QUEUEING
Status: QUEUEING
Status: QUEUEING
Status: QUEUEING
Status: QUEUEING
Status: QUEUEING
Status: QUEUEING
Status: QUEUEING
Status: RUNNING
Status: RUNNING
Status: RUNNING
Status: RUNNING
Status: RUNNING
Status: RUNNING
Status: RUNNING
Status: RUNNING
Status: RUNNING
Status: RUNNING
Status: RUNNING
Status: RUNNING
Status: RUNNING
Status: RUNNING
Status: RUNNING
Status: RUNNING
Status: RUNNING
Status: RUNNING
Status: RUNNING
Status: RUNNING
Status: RUNNING
Status: RUNNING
Status: RUNNING
Status: RUNNING
Status: RUNNING
Status: RUNNING
Status: RUNNING
Status: RUNNING
Status: RUNNING
Status: RUNNING
Status: RUNNING
Status: RUNNING
Status: RUNNING
Status: RUNNING
Status: RUNNING
Status: RUNNING
Status: RUNNING
Status: RUNNING
Status: RUNNING
Status: RUNNING
Status: RUNNING
Status: RUNNING
Status: RUNNING
Status: RUNNING
Status: RUNNING
Status: RUNNING
Status: RUNNING
Status: RUNNING
Status: RUNNING
Status: RUNNING
Status: RUNNING
Status: RUNNING
Status: RUNNING
Status: RUNNING
Status: RUNNING
Status: RUNNING
Status: RUNNING
Status: RUNNING
Status: COMPLETED
QMEANDisCo: 0.8176
Mutating chain A, position 13: ILE -> ALA
Submitted ./1UBQ_Results/15.pdb
Checking: https://swissmodel.expasy.org/qmean/RVL4Vm.json
Status: QUEUEING
Status: QUEUEING
Status: QUEUEING
Status: QUEUEING
Status: QUEUEING
Status: QUEUEING
Status: QUEUEING
Status: RUNNING
Status: RUNNING
Status: RUNNING
Status: RUNNING
Status: RUNNING
Status: RUNNING
Status: RUNNING
Status: RUNNING
Status: RUNNING
Status: RUNNING
Status: RUNNING
Status: RUNNING
Status: RUNNING
Status: RUNNING
Status: RUNNING
Status: RUNNING
Status: RUNNING
Status: RUNNING
Status: RUNNING
Status: RUNNING
Status: RUNNING
Status: RUNNING
Status: RUNNING
Status: RUNNING
Status: RUNNING
Status: RUNNING
Status: RUNNING
Status: RUNNING
Status: RUNNING
Status: RUNNING
Status: RUNNING
Status: RUNNING
Status: RUNNING
Status: RUNNING
Status: RUNNING
Status: RUNNING
Status: RUNNING
Status: RUNNING
Status: RUNNING
Status: RUNNING
Status: RUNNING
Status: RUNNING
Status: RUNNING
Status: RUNNING
Status: RUNNING
Status: RUNNING
Status: RUNNING
Status: RUNNING
Status: RUNNING
Status: RUNNING
Status: RUNNING
Status: RUNNING
Status: RUNNING
Status: RUNNING
Status: RUNNING
Status: RUNNING
Status: RUNNING
Status: RUNNING
Status: COMPLETED
QMEANDisCo: 0.8323
Mutating chain A, position 4: PHE -> LYS
Submitted ./1UBQ_Results/15.pdb
Checking: https://swissmodel.expasy.org/qmean/TCFf5X.json
Status: QUEUEING
Status: QUEUEING
Status: QUEUEING
Status: QUEUEING
Status: QUEUEING
Status: QUEUEING
Status: QUEUEING
Status: RUNNING
Status: RUNNING
Status: RUNNING
Status: RUNNING
Status: RUNNING
Status: RUNNING
Status: RUNNING
Status: RUNNING
Status: RUNNING
Status: RUNNING
Status: RUNNING
Status: RUNNING
Status: RUNNING
Status: RUNNING
Status: RUNNING
Status: RUNNING
Status: RUNNING
Status: RUNNING
Status: RUNNING
Status: RUNNING
Status: RUNNING
Status: RUNNING
Status: RUNNING
Status: RUNNING
Status: RUNNING
Status: RUNNING
Status: RUNNING
Status: RUNNING
Status: RUNNING
Status: RUNNING
Status: RUNNING
Status: RUNNING
Status: RUNNING
Status: RUNNING
Status: RUNNING
Status: RUNNING
Status: RUNNING
Status: RUNNING
Status: RUNNING
Status: RUNNING
Status: RUNNING
Status: RUNNING
Status: RUNNING
Status: RUNNING
Status: RUNNING
Status: RUNNING
Status: RUNNING
Status: RUNNING
Status: RUNNING
Status: RUNNING
Status: RUNNING
Status: RUNNING
Status: RUNNING
Status: RUNNING
Status: RUNNING
Status: RUNNING
Status: RUNNING
Status: RUNNING
Status: RUNNING
Status: RUNNING
Status: COMPLETED
QMEANDisCo: 0.8089
Mutating chain A, position 73: LEU -> THR
Submitted ./1UBQ_Results/15.pdb
Checking: https://swissmodel.expasy.org/qmean/S9EAu2.json
Status: QUEUEING
Status: QUEUEING
Status: QUEUEING
Status: QUEUEING
Status: QUEUEING
Status: QUEUEING
Status: QUEUEING
Status: RUNNING
Status: RUNNING
Status: RUNNING
Status: RUNNING
Status: RUNNING
Status: RUNNING
Status: RUNNING
Status: RUNNING
Status: RUNNING
Status: RUNNING
Status: RUNNING
Status: RUNNING
Status: RUNNING
Status: RUNNING
Status: RUNNING
Status: RUNNING
Status: RUNNING
Status: RUNNING
Status: RUNNING
Status: RUNNING
Status: RUNNING
Status: RUNNING
Status: RUNNING
Status: RUNNING
Status: RUNNING
Status: RUNNING
Status: RUNNING
Status: RUNNING
Status: RUNNING
Status: RUNNING
Status: RUNNING
Status: RUNNING
Status: RUNNING
Status: RUNNING
Status: RUNNING
Status: RUNNING
Status: RUNNING
Status: RUNNING
Status: RUNNING
Status: RUNNING
Status: RUNNING
Status: RUNNING
Status: RUNNING
Status: RUNNING
Status: RUNNING
Status: RUNNING
Status: RUNNING
Status: RUNNING
Status: RUNNING
Status: RUNNING
Status: RUNNING
Status: RUNNING
Status: RUNNING
Status: RUNNING
Status: RUNNING
Status: RUNNING
Status: RUNNING
Status: RUNNING
Status: COMPLETED
QMEANDisCo: 0.7992
Mutating chain A, position 47: GLY -> GLU
Submitted ./1UBQ_Results/15.pdb
Checking: https://swissmodel.expasy.org/qmean/AfBWE2.json
Status: QUEUEING
Status: QUEUEING
Status: QUEUEING
Status: QUEUEING
Status: QUEUEING
Status: QUEUEING
Status: QUEUEING
Status: QUEUEING
Status: RUNNING
Status: RUNNING
Status: RUNNING
Status: RUNNING
Status: RUNNING
Status: RUNNING
Status: RUNNING
Status: RUNNING
Status: RUNNING
Status: RUNNING
Status: RUNNING
Status: RUNNING
Status: RUNNING
Status: RUNNING
Status: RUNNING
Status: RUNNING
Status: RUNNING
Status: RUNNING
Status: RUNNING
Status: RUNNING
Status: RUNNING
Status: RUNNING
Status: RUNNING
Status: RUNNING
Status: RUNNING
Status: RUNNING
Status: RUNNING
Status: RUNNING
Status: RUNNING
Status: RUNNING
Status: RUNNING
Status: RUNNING
Status: RUNNING
Status: RUNNING
Status: RUNNING
Status: RUNNING
Status: RUNNING
Status: RUNNING
Status: RUNNING
Status: RUNNING
Status: RUNNING
Status: RUNNING
Status: RUNNING
Status: RUNNING
Status: RUNNING
Status: RUNNING
Status: RUNNING
Status: RUNNING
Status: RUNNING
Status: RUNNING
Status: RUNNING
Status: RUNNING
Status: RUNNING
Status: RUNNING
Status: RUNNING
Status: RUNNING
Status: RUNNING
Status: RUNNING
Status: RUNNING
Status: COMPLETED
QMEANDisCo: 0.8185
Mutating chain A, position 59: TYR -> MET
Submitted ./1UBQ_Results/15.pdb
Checking: https://swissmodel.expasy.org/qmean/zEjpzb.json
Status: QUEUEING
Status: QUEUEING
Status: QUEUEING
Status: QUEUEING
Status: QUEUEING
Status: QUEUEING
Status: QUEUEING
Status: RUNNING
Status: RUNNING
Status: RUNNING
Status: RUNNING
Status: RUNNING
Status: RUNNING
Status: RUNNING
Status: RUNNING
Status: RUNNING
Status: RUNNING
Status: RUNNING
Status: RUNNING
Status: RUNNING
Status: RUNNING
Status: RUNNING
Status: RUNNING
Status: RUNNING
Status: RUNNING
Status: RUNNING
Status: RUNNING
Status: RUNNING
Status: RUNNING
Status: RUNNING
Status: RUNNING
Status: RUNNING
Status: RUNNING
Status: RUNNING
Status: RUNNING
Status: RUNNING
Status: RUNNING
Status: RUNNING
Status: RUNNING
Status: RUNNING
Status: RUNNING
Status: RUNNING
Status: RUNNING
Status: RUNNING
Status: RUNNING
Status: RUNNING
Status: RUNNING
Status: RUNNING
Status: RUNNING
Status: RUNNING
Status: RUNNING
Status: RUNNING
Status: RUNNING
Status: RUNNING
Status: RUNNING
Status: RUNNING
Status: RUNNING
Status: RUNNING
Status: RUNNING
Status: RUNNING
Status: RUNNING
Status: RUNNING
Status: RUNNING
Status: RUNNING
Status: RUNNING
Status: RUNNING
Status: COMPLETED
QMEANDisCo: 0.8260
Mutating chain A, position 51: GLU -> SER
Submitted ./1UBQ_Results/15.pdb
Checking: https://swissmodel.expasy.org/qmean/zdmB5E.json
Status: QUEUEING
Status: QUEUEING
Status: QUEUEING
Status: QUEUEING
Status: QUEUEING
Status: QUEUEING
Status: QUEUEING
Status: RUNNING
Status: RUNNING
Status: RUNNING
Status: RUNNING
Status: RUNNING
Status: RUNNING
Status: RUNNING
Status: RUNNING
Status: RUNNING
Status: RUNNING
Status: RUNNING
Status: RUNNING
Status: RUNNING
Status: RUNNING
Status: RUNNING
Status: RUNNING
Status: RUNNING
Status: RUNNING
Status: RUNNING
Status: RUNNING
Status: RUNNING
Status: RUNNING
Status: RUNNING
Status: RUNNING
Status: RUNNING
Status: RUNNING
Status: RUNNING
Status: RUNNING
Status: RUNNING
Status: RUNNING
Status: RUNNING
Status: RUNNING
Status: RUNNING
Status: RUNNING
Status: RUNNING
Status: RUNNING
Status: RUNNING
Status: RUNNING
Status: RUNNING
Status: RUNNING
Status: RUNNING
Status: RUNNING
Status: RUNNING
Status: RUNNING
Status: RUNNING
Status: RUNNING
Status: RUNNING
Status: RUNNING
Status: RUNNING
Status: RUNNING
Status: RUNNING
Status: RUNNING
Status: RUNNING
Status: RUNNING
Status: RUNNING
Status: RUNNING
Status: RUNNING
Status: RUNNING
Status: RUNNING
Status: RUNNING
Status: COMPLETED
QMEANDisCo: 0.8350
Mutating chain A, position 75: PHE -> PRO
Submitted ./1UBQ_Results/16.pdb
Checking: https://swissmodel.expasy.org/qmean/afy9sU.json
Status: QUEUEING
Status: QUEUEING
Status: QUEUEING
Status: QUEUEING
Status: QUEUEING
Status: QUEUEING
Status: QUEUEING
Status: RUNNING
Status: RUNNING
Status: RUNNING
Status: RUNNING
Status: RUNNING
Status: RUNNING
Status: RUNNING
Status: RUNNING
Status: RUNNING
Status: RUNNING
Status: RUNNING
Status: RUNNING
Status: RUNNING
Status: RUNNING
Status: RUNNING
Status: RUNNING
Status: RUNNING
Status: RUNNING
Status: RUNNING
Status: RUNNING
Status: RUNNING
Status: RUNNING
Status: RUNNING
Status: RUNNING
Status: RUNNING
Status: RUNNING
Status: RUNNING
Status: RUNNING
Status: RUNNING
Status: RUNNING
Status: RUNNING
Status: RUNNING
Status: RUNNING
Status: RUNNING
Status: RUNNING
Status: RUNNING
Status: RUNNING
Status: RUNNING
Status: RUNNING
Status: RUNNING
Status: RUNNING
Status: RUNNING
Status: RUNNING
Status: RUNNING
Status: RUNNING
Status: RUNNING
Status: RUNNING
Status: RUNNING
Status: RUNNING
Status: RUNNING
Status: RUNNING
Status: RUNNING
Status: RUNNING
Status: RUNNING
Status: RUNNING
Status: RUNNING
Status: RUNNING
Status: RUNNING
Status: COMPLETED
QMEANDisCo: 0.8220
Mutating chain A, position 41: GLN -> GLY
Submitted ./1UBQ_Results/16.pdb
Checking: https://swissmodel.expasy.org/qmean/WqDQpR.json
Status: QUEUEING
Status: QUEUEING
Status: QUEUEING
Status: QUEUEING
Status: QUEUEING
Status: QUEUEING
Status: QUEUEING
Status: RUNNING
Status: RUNNING
Status: RUNNING
Status: RUNNING
Status: RUNNING
Status: RUNNING
Status: RUNNING
Status: RUNNING
Status: RUNNING
Status: RUNNING
Status: RUNNING
Status: RUNNING
Status: RUNNING
Status: RUNNING
Status: RUNNING
Status: RUNNING
Status: RUNNING
Status: RUNNING
Status: RUNNING
Status: RUNNING
Status: RUNNING
Status: RUNNING
Status: RUNNING
Status: RUNNING
Status: RUNNING
Status: RUNNING
Status: RUNNING
Status: RUNNING
Status: RUNNING
Status: RUNNING
Status: RUNNING
Status: RUNNING
Status: RUNNING
Status: RUNNING
Status: RUNNING
Status: RUNNING
Status: RUNNING
Status: RUNNING
Status: RUNNING
Status: RUNNING
Status: RUNNING
Status: RUNNING
Status: RUNNING
Status: RUNNING
Status: RUNNING
Status: RUNNING
Status: RUNNING
Status: RUNNING
Status: RUNNING
Status: RUNNING
Status: RUNNING
Status: RUNNING
Network error: 504 Server Error: Gateway Timeout for url: https://swissmodel.expasy.org/qmean/WqDQpR.json
Retrying in 10 seconds...
Status: COMPLETED
QMEANDisCo: 0.8275
Mutating chain A, position 47: GLY -> GLN
Submitted ./1UBQ_Results/16.pdb
Checking: https://swissmodel.expasy.org/qmean/4Ck5tU.json
Status: QUEUEING
Status: QUEUEING
Status: QUEUEING
Status: QUEUEING
Status: QUEUEING
Status: QUEUEING
Status: QUEUEING
Status: RUNNING
Status: RUNNING
Status: RUNNING
Status: RUNNING
Status: RUNNING
Status: RUNNING
Status: RUNNING
Status: RUNNING
Status: RUNNING
Status: RUNNING
Status: RUNNING
Status: RUNNING
Status: RUNNING
Status: RUNNING
Status: RUNNING
Status: RUNNING
Status: RUNNING
Status: RUNNING
Status: RUNNING
Status: RUNNING
Status: RUNNING
Status: RUNNING
Status: RUNNING
Status: RUNNING
Status: RUNNING
Status: RUNNING
Status: RUNNING
Status: RUNNING
Status: RUNNING
Status: RUNNING
Status: RUNNING
Status: RUNNING
Status: RUNNING
Status: RUNNING
Status: RUNNING
Status: RUNNING
Status: RUNNING
Status: RUNNING
Status: RUNNING
Status: RUNNING
Status: RUNNING
Status: RUNNING
Status: RUNNING
Status: RUNNING
Status: RUNNING
Status: RUNNING
Status: RUNNING
Status: RUNNING
Status: RUNNING
Status: RUNNING
Status: RUNNING
Status: RUNNING
Status: RUNNING
Status: RUNNING
Status: RUNNING
Status: RUNNING
Status: RUNNING
Status: RUNNING
Status: COMPLETED
QMEANDisCo: 0.8069
Mutating chain A, position 42: ARG -> VAL
Submitted ./1UBQ_Results/16.pdb
Checking: https://swissmodel.expasy.org/qmean/KW39Px.json
Status: QUEUEING
Status: QUEUEING
Status: QUEUEING
Status: QUEUEING
Status: QUEUEING
Status: QUEUEING
Status: QUEUEING
Status: RUNNING
Status: RUNNING
Status: RUNNING
Status: RUNNING
Status: RUNNING
Status: RUNNING
Status: RUNNING
Status: RUNNING
Status: RUNNING
Status: RUNNING
Status: RUNNING
Status: RUNNING
Status: RUNNING
Status: RUNNING
Status: RUNNING
Status: RUNNING
Status: RUNNING
Status: RUNNING
Status: RUNNING
Status: RUNNING
Status: RUNNING
Status: RUNNING
Status: RUNNING
Status: RUNNING
Status: RUNNING
Status: RUNNING
Status: RUNNING
Status: RUNNING
Status: RUNNING
Status: RUNNING
Status: RUNNING
Status: RUNNING
Status: RUNNING
Status: RUNNING
Status: RUNNING
Status: RUNNING
Status: RUNNING
Status: RUNNING
Status: RUNNING
Status: RUNNING
Status: RUNNING
Status: RUNNING
Status: RUNNING
Status: RUNNING
Status: RUNNING
Status: RUNNING
Status: RUNNING
Status: RUNNING
Status: RUNNING
Status: RUNNING
Status: RUNNING
Status: RUNNING
Status: COMPLETED
QMEANDisCo: 0.8299
Mutating chain A, position 2: GLN -> ILE
Submitted ./1UBQ_Results/16.pdb
Checking: https://swissmodel.expasy.org/qmean/b7QRS5.json
Status: QUEUEING
Status: QUEUEING
Status: QUEUEING
Status: QUEUEING
Status: QUEUEING
Status: QUEUEING
Status: QUEUEING
Status: QUEUEING
Status: RUNNING
Status: RUNNING
Status: RUNNING
Status: RUNNING
Status: RUNNING
Status: RUNNING
Status: RUNNING
Status: RUNNING
Status: RUNNING
Status: RUNNING
Status: RUNNING
Status: RUNNING
Status: RUNNING
Status: RUNNING
Status: RUNNING
Status: RUNNING
Status: RUNNING
Status: RUNNING
Status: RUNNING
Status: RUNNING
Status: RUNNING
Status: RUNNING
Status: RUNNING
Status: RUNNING
Status: RUNNING
Status: RUNNING
Status: RUNNING
Status: RUNNING
Status: RUNNING
Status: RUNNING
Status: RUNNING
Status: RUNNING
Status: RUNNING
Status: RUNNING
Status: RUNNING
Status: RUNNING
Status: RUNNING
Status: RUNNING
Status: RUNNING
Status: RUNNING
Status: RUNNING
Status: RUNNING
Status: RUNNING
Status: RUNNING
Status: RUNNING
Status: RUNNING
Status: RUNNING
Status: RUNNING
Status: RUNNING
Status: RUNNING
Status: RUNNING
Status: RUNNING
Status: RUNNING
Status: RUNNING
Status: RUNNING
Status: RUNNING
Status: RUNNING
Status: RUNNING
Status: COMPLETED
QMEANDisCo: 0.8293
Mutating chain A, position 28: PHE -> ASN
Submitted ./1UBQ_Results/16.pdb
Checking: https://swissmodel.expasy.org/qmean/r9mxLw.json
Status: QUEUEING
Status: QUEUEING
Status: QUEUEING
Status: QUEUEING
Status: QUEUEING
Status: QUEUEING
Status: QUEUEING
Status: RUNNING
Status: RUNNING
Status: RUNNING
Status: RUNNING
Status: RUNNING
Status: RUNNING
Status: RUNNING
Status: RUNNING
Status: RUNNING
Status: RUNNING
Status: RUNNING
Status: RUNNING
Status: RUNNING
Status: RUNNING
Status: RUNNING
Status: RUNNING
Status: RUNNING
Status: RUNNING
Status: RUNNING
Status: RUNNING
Status: RUNNING
Status: RUNNING
Status: RUNNING
Status: RUNNING
Status: RUNNING
Status: RUNNING
Status: RUNNING
Status: RUNNING
Status: RUNNING
Status: RUNNING
Status: RUNNING
Status: RUNNING
Status: RUNNING
Status: RUNNING
Status: RUNNING
Status: RUNNING
Status: RUNNING
Status: RUNNING
Status: RUNNING
Status: RUNNING
Status: RUNNING
Status: RUNNING
Status: RUNNING
Status: RUNNING
Status: RUNNING
Status: RUNNING
Status: RUNNING
Status: RUNNING
Status: RUNNING
Status: RUNNING
Status: RUNNING
Status: RUNNING
Status: RUNNING
Status: RUNNING
Status: RUNNING
Status: RUNNING
Status: RUNNING
Status: RUNNING
Status: RUNNING
Status: COMPLETED
QMEANDisCo: 0.8282
Mutating chain A, position 56: LEU -> PRO
Submitted ./1UBQ_Results/16.pdb
Checking: https://swissmodel.expasy.org/qmean/KcMKTR.json
Status: QUEUEING
Status: QUEUEING
Status: QUEUEING
Status: QUEUEING
Status: QUEUEING
Status: QUEUEING
Status: QUEUEING
Status: RUNNING
Status: RUNNING
Status: RUNNING
Status: RUNNING
Status: RUNNING
Status: RUNNING
Status: RUNNING
Status: RUNNING
Status: RUNNING
Status: RUNNING
Status: RUNNING
Status: RUNNING
Status: RUNNING
Status: RUNNING
Status: RUNNING
Status: RUNNING
Status: RUNNING
Status: RUNNING
Status: RUNNING
Status: RUNNING
Status: RUNNING
Status: RUNNING
Status: RUNNING
Status: RUNNING
Status: RUNNING
Status: RUNNING
Status: RUNNING
Status: RUNNING
Status: RUNNING
Status: RUNNING
Status: RUNNING
Status: RUNNING
Status: RUNNING
Status: RUNNING
Status: RUNNING
Status: RUNNING
Status: RUNNING
Status: RUNNING
Status: RUNNING
Status: RUNNING
Status: RUNNING
Status: RUNNING
Status: RUNNING
Status: RUNNING
Status: RUNNING
Status: RUNNING
Status: RUNNING
Status: RUNNING
Status: RUNNING
Status: RUNNING
Status: RUNNING
Status: RUNNING
Status: RUNNING
Status: RUNNING
Status: RUNNING
Status: RUNNING
Status: RUNNING
Status: RUNNING
Status: RUNNING
Status: COMPLETED
QMEANDisCo: 0.8245
Mutating chain A, position 50: SER -> PRO
Submitted ./1UBQ_Results/16.pdb
Checking: https://swissmodel.expasy.org/qmean/2CZ8rd.json
Status: QUEUEING
Status: QUEUEING
Status: QUEUEING
Status: QUEUEING
Status: QUEUEING
Status: QUEUEING
Status: QUEUEING
Status: RUNNING
Status: RUNNING
Status: RUNNING
Status: RUNNING
Status: RUNNING
Status: RUNNING
Status: RUNNING
Status: RUNNING
Status: RUNNING
Status: RUNNING
Status: RUNNING
Status: RUNNING
Status: RUNNING
Status: RUNNING
Status: RUNNING
Status: RUNNING
Status: RUNNING
Status: RUNNING
Status: RUNNING
Status: RUNNING
Status: RUNNING
Status: RUNNING
Status: RUNNING
Status: RUNNING
Status: RUNNING
Status: RUNNING
Status: RUNNING
Status: RUNNING
Status: RUNNING
Status: RUNNING
Status: RUNNING
Status: RUNNING
Status: RUNNING
Status: RUNNING
Status: RUNNING
Status: RUNNING
Status: RUNNING
Status: RUNNING
Status: RUNNING
Status: RUNNING
Status: RUNNING
Status: RUNNING
Status: RUNNING
Status: RUNNING
Status: RUNNING
Status: RUNNING
Status: RUNNING
Status: RUNNING
Status: RUNNING
Status: RUNNING
Status: RUNNING
Status: RUNNING
Status: RUNNING
Status: RUNNING
Status: RUNNING
Status: RUNNING
Status: RUNNING
Status: RUNNING
Status: RUNNING
Status: COMPLETED
QMEANDisCo: 0.8297
Mutating chain A, position 76: TYR -> LEU
Submitted ./1UBQ_Results/16.pdb
Checking: https://swissmodel.expasy.org/qmean/uFsw7s.json
Status: QUEUEING
Status: QUEUEING
Status: QUEUEING
Status: QUEUEING
Status: QUEUEING
Status: QUEUEING
Status: QUEUEING
Status: RUNNING
Status: RUNNING
Status: RUNNING
Status: RUNNING
Status: RUNNING
Status: RUNNING
Status: RUNNING
Status: RUNNING
Status: RUNNING
Status: RUNNING
Status: RUNNING
Status: RUNNING
Status: RUNNING
Status: RUNNING
Status: RUNNING
Status: RUNNING
Status: RUNNING
Status: RUNNING
Status: RUNNING
Status: RUNNING
Status: RUNNING
Status: RUNNING
Status: RUNNING
Status: RUNNING
Status: RUNNING
Status: RUNNING
Status: RUNNING
Status: RUNNING
Status: RUNNING
Status: RUNNING
Status: RUNNING
Status: RUNNING
Status: RUNNING
Status: RUNNING
Status: RUNNING
Status: RUNNING
Status: RUNNING
Status: RUNNING
Status: RUNNING
Status: RUNNING
Status: RUNNING
Status: RUNNING
Status: RUNNING
Status: RUNNING
Status: RUNNING
Status: RUNNING
Status: RUNNING
Status: RUNNING
Status: RUNNING
Status: RUNNING
Status: RUNNING
Status: RUNNING
Status: COMPLETED
QMEANDisCo: 0.8297
Mutating chain A, position 16: GLU -> GLN
Submitted ./1UBQ_Results/16.pdb
Checking: https://swissmodel.expasy.org/qmean/R77ykQ.json
Status: QUEUEING
Status: QUEUEING
Status: QUEUEING
Status: QUEUEING
Status: QUEUEING
Status: QUEUEING
Status: QUEUEING
Status: RUNNING
Status: RUNNING
Status: RUNNING
Status: RUNNING
Status: RUNNING
Status: RUNNING
Status: RUNNING
Status: RUNNING
Status: RUNNING
Status: RUNNING
Status: RUNNING
Status: RUNNING
Status: RUNNING
Status: RUNNING
Status: RUNNING
Status: RUNNING
Status: RUNNING
Status: RUNNING
Status: RUNNING
Status: RUNNING
Status: RUNNING
Status: RUNNING
Status: RUNNING
Status: RUNNING
Status: RUNNING
Status: RUNNING
Status: RUNNING
Status: RUNNING
Status: RUNNING
Status: RUNNING
Status: RUNNING
Status: RUNNING
Status: RUNNING
Status: RUNNING
Status: RUNNING
Status: RUNNING
Status: RUNNING
Status: RUNNING
Status: RUNNING
Status: RUNNING
Status: RUNNING
Status: RUNNING
Status: RUNNING
Status: RUNNING
Status: RUNNING
Status: RUNNING
Status: RUNNING
Status: RUNNING
Status: RUNNING
Status: RUNNING
Status: RUNNING
Status: COMPLETED
QMEANDisCo: 0.8294
Mutating chain A, position 35: GLY -> GLU
Submitted ./1UBQ_Results/16.pdb
Checking: https://swissmodel.expasy.org/qmean/77qNfk.json
Status: QUEUEING
Status: QUEUEING
Status: QUEUEING
Status: QUEUEING
Status: QUEUEING
Status: QUEUEING
Status: QUEUEING
Status: RUNNING
Status: RUNNING
Status: RUNNING
Status: RUNNING
Status: RUNNING
Status: RUNNING
Status: RUNNING
Status: RUNNING
Status: RUNNING
Status: RUNNING
Status: RUNNING
Status: RUNNING
Status: RUNNING
Status: RUNNING
Status: RUNNING
Status: RUNNING
Status: RUNNING
Status: RUNNING
Status: RUNNING
Status: RUNNING
Status: RUNNING
Status: RUNNING
Status: RUNNING
Status: RUNNING
Status: RUNNING
Status: RUNNING
Status: RUNNING
Status: RUNNING
Status: RUNNING
Status: RUNNING
Status: RUNNING
Status: RUNNING
Status: RUNNING
Status: RUNNING
Status: RUNNING
Status: RUNNING
Status: RUNNING
Status: RUNNING
Status: RUNNING
Status: RUNNING
Status: RUNNING
Status: RUNNING
Status: RUNNING
Status: RUNNING
Status: RUNNING
Status: RUNNING
Status: RUNNING
Status: RUNNING
Status: RUNNING
Status: RUNNING
Status: RUNNING
Status: RUNNING
Status: COMPLETED
QMEANDisCo: 0.8232
Mutating chain A, position 57: GLN -> ALA
Submitted ./1UBQ_Results/16.pdb
Checking: https://swissmodel.expasy.org/qmean/qrqpKa.json
Status: QUEUEING
Status: QUEUEING
Status: QUEUEING
Status: QUEUEING
Status: QUEUEING
Status: QUEUEING
Status: QUEUEING
Status: RUNNING
Status: RUNNING
Status: RUNNING
Status: RUNNING
Status: RUNNING
Status: RUNNING
Status: RUNNING
Status: RUNNING
Status: RUNNING
Status: RUNNING
Status: RUNNING
Status: RUNNING
Status: RUNNING
Status: RUNNING
Status: RUNNING
Status: RUNNING
Status: RUNNING
Status: RUNNING
Status: RUNNING
Status: RUNNING
Status: RUNNING
Status: RUNNING
Status: RUNNING
Status: RUNNING
Status: RUNNING
Status: RUNNING
Status: RUNNING
Status: RUNNING
Status: RUNNING
Status: RUNNING
Status: RUNNING
Status: RUNNING
Status: RUNNING
Status: RUNNING
Status: RUNNING
Status: RUNNING
Status: RUNNING
Status: RUNNING
Status: RUNNING
Status: RUNNING
Status: RUNNING
Status: RUNNING
Status: RUNNING
Status: RUNNING
Status: RUNNING
Status: RUNNING
Status: RUNNING
Status: RUNNING
Status: RUNNING
Status: RUNNING
Status: RUNNING
Status: RUNNING
Status: COMPLETED
QMEANDisCo: 0.8346
Mutating chain A, position 54: ARG -> THR
Submitted ./1UBQ_Results/16.pdb
Checking: https://swissmodel.expasy.org/qmean/Wx8xzu.json
Status: QUEUEING
Status: QUEUEING
Status: QUEUEING
Status: QUEUEING
Status: QUEUEING
Status: QUEUEING
Status: QUEUEING
Status: RUNNING
Status: RUNNING
Status: RUNNING
Status: RUNNING
Status: RUNNING
Status: RUNNING
Status: RUNNING
Status: RUNNING
Status: RUNNING
Status: RUNNING
Status: RUNNING
Status: RUNNING
Status: RUNNING
Status: RUNNING
Status: RUNNING
Status: RUNNING
Status: RUNNING
Status: RUNNING
Status: RUNNING
Status: RUNNING
Status: RUNNING
Status: RUNNING
Status: RUNNING
Status: RUNNING
Status: RUNNING
Status: RUNNING
Status: RUNNING
Status: RUNNING
Status: RUNNING
Status: RUNNING
Status: RUNNING
Status: RUNNING
Status: RUNNING
Status: RUNNING
Status: RUNNING
Status: RUNNING
Status: RUNNING
Status: RUNNING
Status: RUNNING
Status: RUNNING
Status: RUNNING
Status: RUNNING
Status: RUNNING
Status: RUNNING
Status: RUNNING
Status: RUNNING
Status: RUNNING
Status: RUNNING
Status: RUNNING
Status: RUNNING
Status: RUNNING
Status: RUNNING
Status: RUNNING
Status: RUNNING
Status: RUNNING
Status: RUNNING
Status: RUNNING
Status: RUNNING
Status: COMPLETED
QMEANDisCo: 0.8282
[['./1UBQ_Results/1.pdb', 0.815682079142048, 10], ['./1UBQ_Results/2.pdb', 0.8116276190985895, 502], ['./1UBQ_Results/3.pdb', 0.8147120263330241, 520], ['./1UBQ_Results/4.pdb', 0.8144813972601104, 521], ['./1UBQ_Results/5.pdb', 0.8154841155067971, 523], ['./1UBQ_Results/6.pdb', 0.8228036249967072, 524], ['./1UBQ_Results/7.pdb', 0.8241863252661874, 526], ['./1UBQ_Results/8.pdb', 0.8195505956664879, 527], ['./1UBQ_Results/9.pdb', 0.8397929405969615, 528], ['./1UBQ_Results/10.pdb', 0.8366640807638883, 531], ['./1UBQ_Results/11.pdb', 0.8356831525046893, 564], ['./1UBQ_Results/12.pdb', 0.8352727860678621, 567], ['./1UBQ_Results/13.pdb', 0.8364776271285772, 580], ['./1UBQ_Results/14.pdb', 0.8350941340848417, 623], ['./1UBQ_Results/15.pdb', 0.8356167658626725, 688], ['./1UBQ_Results/16.pdb', 0.8350477731809212, 707]]
